source,fetched_at,version,_collection,data.make,data.model,data.year,data.recalls,data.file_name,data.document_type,data.source,data.extraction_timestamp,data.extraction_library,data.pages,data.paragraphs,data.tables,data.sheets,data.scraped_at,data.type,data.raw_text,data.processed_text,data.title,data.description,data.price,data.link,data.page,data.text,data.original_path,data.resized_path,data.thumbnail_path,data.webp_path,data.format,data.mode,data.width,data.height,data.file_size_kb,data.exif.file_name,data.exif.camera_make,data.exif.camera_model,data.exif.date_taken,data.exif.exposure_time,data.exif.aperture,data.exif.iso,data.exif.focal_length,data.exif.orientation,data.exif.gps,data.exif.extracted_at,data.processed_at,source_file,language,language_probability,duration,model,segments,segment_count,stored_at
test,2026-03-23 22:57:44.926,1.0,raw_recalls,Audi,A4,2020.0,[],,,,,,,,,,,,,,,,,,,,,,,,,,,,,,,,,,,,,,,,,,,,,,,,
nhtsa_api,2026-03-23 23:02:08.429,1.0,raw_recalls,Skoda,Octavia,2020.0,[],,,,,,,,,,,,,,,,,,,,,,,,,,,,,,,,,,,,,,,,,,,,,,,,
nhtsa_api,2026-03-23 23:02:08.434,1.0,raw_recalls,Volkswagen,Golf,2020.0,"[{'Manufacturer': 'Volkswagen Group of America, Inc.', 'NHTSACampaignNumber': '22V815000', 'parkIt': False, 'parkOutSide': False, 'overTheAirUpdate': False, 'ReportReceivedDate': '31/10/2022', 'Component': 'TIRES:PRESSURE MONITORING AND REGULATING SYSTEMS', 'Summary': 'Volkswagen Group of America, Inc. (Volkswagen) is recalling certain 2019 Volkswagen Tiguan LWB, Golf Sportswagen A7, Golf Alltrack, Golf R GP, Audi Q3, Audi A3 Cabriolet, 2019-2020 Jetta NF, Jetta GLI, Golf GTI, Atlas, Golf A7, Audi A3, 2020-2021 Atlas Cross Sport, and 2021 Atlas FL vehicles.  The tire pressure monitoring system may not detect an air pressure loss in adequate time when deflating occurs among all four tires simultaneously.  As such, these vehicles fail to comply with the requirements of Federal Motor Vehicle Safety Standard number 138, ""Tire Pressure Monitoring Systems.""', 'Consequence': 'An undetected sudden loss of pressure in all four tires increases the risk of a crash.', 'Remedy': ""Dealers will update the TPMS software, free of charge.  Owner notification letters were mailed November 18, 2022.  Owners may contact Volkswagen's customer service at 1-800-893-5298 or Audi\x92s customer service at 1-800-253-2834.  Volkswagen's numbers for this recall are (Audi) 45J7, and (VW) 45J6 and 45J8."", 'Notes': 'Owners may also contact the National Highway Traffic Safety Administration Vehicle Safety Hotline at 1-888-327-4236 (TTY 1-800-424-9153), or go to www.safercar.gov.', 'ModelYear': '2020', 'Make': 'VOLKSWAGEN', 'Model': 'GOLF'}, {'Manufacturer': 'Volkswagen Group of America, Inc.', 'NHTSACampaignNumber': '24V110000', 'parkIt': False, 'parkOutSide': False, 'overTheAirUpdate': False, 'NHTSAActionNumber': 'RQ23007', 'ReportReceivedDate': '14/02/2024', 'Component': 'FUEL SYSTEM, GASOLINE', 'Summary': 'Volkswagen Group of America, Inc. (Volkswagen) is recalling certain front-wheel drive 2015-2020 Audi A3 Sedan, 2015-2019 Audi A3 Cabriolet, 2019-2020 Volkswagen Jetta GLI, 2018 Golf Sportwagen GP, 2018-2019 Golf Sportwagen A7, 2015-2017 Golf Sportwagen, 2015-2020 Golf GTI, and 2015-2020 Golf A7 vehicles.  Due to a problem with a suction jet pump seal inside the fuel tank, fuel may flow into the evaporative emissions (EVAP) system and possibly leak out of the charcoal canister.', 'Consequence': 'A fuel leak in the presence of an ignition source increases the risk of a fire.', 'Remedy': ""Dealers will replace the suction pump, free of charge.  Final owner notification letters for Audi owners were mailed on July 25, 2024.  Final owner letters for VW owners were mailed on August 13, 2024.  Owners may contact Volkswagen customer service at 1-800-893-5298 or Audi customer service at 1-800-253-2834.  Volkswagen's numbers for this recall are VW: 20UF/Audi: 20YF.  Vehicles that were previously recalled under 16V-647 will need to have the new remedy completed.  This recall expands and replaces previous recall number 16V-647."", 'Notes': 'Owners may also contact the National Highway Traffic Safety Administration Vehicle Safety Hotline at 1-888-327-4236 (TTY 1-800-424-9153), or go to www.nhtsa.gov.', 'ModelYear': '2020', 'Make': 'VOLKSWAGEN', 'Model': 'GOLF'}]",,,,,,,,,,,,,,,,,,,,,,,,,,,,,,,,,,,,,,,,,,,,,,,,
nhtsa_api,2026-03-23 23:02:08.438,1.0,raw_recalls,Audi,A4,2020.0,"[{'Manufacturer': 'Volkswagen Group of America, Inc.', 'NHTSACampaignNumber': '22V034000', 'parkIt': False, 'parkOutSide': False, 'overTheAirUpdate': False, 'ReportReceivedDate': '26/01/2022', 'Component': 'TIRES', 'Summary': 'Volkswagen Group of America, Inc. (Audi) is recalling certain 2019-2021 Audi A5 Sportback, RS5 Coupe, RS5 Sportback, S5 Sportback, 2020-2021 A4 Allroad, A4 Sedan, A5 Cabriolet, A5 Coupe, A6 Allroad, A6 Sedan, A7, A8, Q5, S4 Sedan, S5 Coupe, S5 Cabriolet, S6 Sedan, S7, S8, SQ5, 2021 Q5 Sportback, Q7, Q8, RS6 Avant, RS7, RSQ8, SQ5 Sportback, SQ7, and SQ8 vehicles.  The rear axle alignment may not have been inspected after the repairs for Recall 21V-295 (42L1) were performed.', 'Consequence': 'Rear axle misalignment may cause premature or uneven tire wear, increasing the risk of a crash.', 'Remedy': ""Dealers will inspect the rear axle, adjust the alignment as necessary, and replace any prematurely or unevenly worn tires, free of charge.  Owner notification letters were mailed March 3, 2022.  Owners may contact Audi customer service at 1-800-253-2834.  Audi's number for this recall is 42L5."", 'Notes': 'Owners may also contact the National Highway Traffic Safety Administration Vehicle Safety Hotline at 1-888-327-4236 (TTY 1-800-424-9153), or go to www.nhtsa.gov.', 'ModelYear': '2020', 'Make': 'AUDI', 'Model': 'A4'}, {'Manufacturer': 'Volkswagen Group of America, Inc.', 'NHTSACampaignNumber': '21V295000', 'parkIt': False, 'parkOutSide': False, 'overTheAirUpdate': False, 'ReportReceivedDate': '26/04/2021', 'Component': 'SUSPENSION:REAR:AXLE:NON-POWERED AXLE ASSEMBLY', 'Summary': 'Volkswagen Group of America, Inc. (Audi) is recalling certain 2021 Q7, Q8, Q5 Sportback, SQ5 Sportback, RS6 Avant, RS7, RS Q8, 2020-2021 Audi S6 sedan, Q5, A8, S8, A7, A6 Allroad, A5 Cabriolet, A4 sedan, A4 Allroad, SQ5, S7, A6 sedan, S5 coupe, S4 sedan, S5 Cabriolet, A5 coupe, 2019-2021 RS5 coupe, A5 Sportback, S5 Sportback, RS5 Sportback vehicles.  The lock nut on the trailing arm of the rear axle may break due to stress corrosion.', 'Consequence': 'A broken lock nut may misalign the rear axle, causing a loss of control and increasing the risk of a crash.', 'Remedy': ""Dealers will replace the lock nuts and, if necessary, the associated bolts, free of charge.  Owner notification letters were mailed June 4, 2021.  Owners may contact Audi customer service at 1-800-253-2834.  Audi's number for this recall is 42L1."", 'Notes': 'Owners may also contact the National Highway Traffic Safety Administration Vehicle Safety Hotline at 1-888-327-4236 (TTY 1-800-424-9153), or go to www.safercar.gov.', 'ModelYear': '2020', 'Make': 'AUDI', 'Model': 'A4'}, {'Manufacturer': 'Volkswagen Group of America, Inc.', 'NHTSACampaignNumber': '21V874000', 'parkIt': False, 'parkOutSide': False, 'overTheAirUpdate': False, 'ReportReceivedDate': '10/11/2021', 'Component': 'SEATS', 'Summary': 'Volkswagen Group of America, Inc. (Audi) is recalling certain 2017-2020 A4 Allroad, A4 Sedan, 2018-2019 RS5 Coupe, 2019 RS5 Sportback, 2018-2020 A5 Cabriolet, A5 Coupe, A5 Sportback, S4 Sedan, S5 Cabriolet, S5 Coupe, and Audi S5 Sportback vehicles.  The cable connecting the seat heater to the Passenger Occupant Detection System (PODS) may have a contact fault, causing the software to misdiagnose a malfunction and disable the passenger air bag.', 'Consequence': 'A disabled passenger air bag increases the risk of injury in the event of a crash.', 'Remedy': ""Dealers will replace the connecting cable and either the heating mat or entire seat cover, free of charge.  Owner notification letters were mailed January 7, 2022.  Owners may contact Audi customer service at 1-800-253-2834.  Audi's number for this recall is 74E3.  This recall is an expansion of Recall 19V-547 (74D9).  Vehicles previously repaired under 19V-547 will need to return for the new remedy."", 'Notes': 'Owners may also contact the National Highway Traffic Safety Administration Vehicle Safety Hotline at 1-888-327-4236 (TTY 1-800-424-9153), or go to www.nhtsa.gov.', 'ModelYear': '2020', 'Make': 'AUDI', 'Model': 'A4'}]",,,,,,,,,,,,,,,,,,,,,,,,,,,,,,,,,,,,,,,,,,,,,,,,
nhtsa_api,2026-03-23 23:02:08.443,1.0,raw_recalls,Volkswagen,Passat,2020.0,"[{'Manufacturer': 'Volkswagen Group of America, Inc.', 'NHTSACampaignNumber': '19V389000', 'parkIt': False, 'parkOutSide': False, 'overTheAirUpdate': False, 'ReportReceivedDate': '22/05/2019', 'Component': 'EXTERIOR LIGHTING:HEADLIGHTS', 'Summary': 'Volkswagen Group of America, Inc. (Volkswagen) is recalling certain 2012-2020 Volkswagen Passat and 2018-2019 Atlas vehicles.  The blocking cap disabling the adjustment of the headlight\'s horizontal aim may not have been installed.  As such, these vehicles fail to conform to Federal Motor Vehicle Safety Standard (FMVSS) number 108, ""Lamps, Reflective Devices, and Associated Equipment.""', 'Consequence': 'Without the blocking cap, the headlight aim can be adjusted out of specification, reducing visibility and increasing the risk of a crash.', 'Remedy': ""Volkswagen will notify owners, and dealers will inspect and, as necessary, block the headlight horizontal adjustment, free of charge.  The recall began July 16, 2019.  Owners may contact Volkswagen customer service at 1-800-253-2834.  Volkswagen's number for this recall is 94L9."", 'Notes': 'Owners may also contact the National Highway Traffic Safety Administration Vehicle Safety Hotline at 1-888-327-4236 (TTY 1-800-424-9153), or go to www.safercar.gov.', 'ModelYear': '2020', 'Make': 'VOLKSWAGEN', 'Model': 'PASSAT'}, {'Manufacturer': 'Volkswagen Group of America, Inc.', 'NHTSACampaignNumber': '19V218000', 'parkIt': False, 'parkOutSide': False, 'overTheAirUpdate': False, 'ReportReceivedDate': '20/03/2019', 'Component': 'AIR BAGS:SIDE/WINDOW', 'Summary': 'Volkswagen Group of America, Inc. (Volkswagen) is recalling certain 2019 Atlas and 2020 Passat vehicles.  An incorrect driver and/or front passenger side impact air bag may have been installed.', 'Consequence': 'In an event of a side impact crash, an incorrect side airbag may not deploy as intended, increasing the risk of injury.', 'Remedy': ""Volkswagen has inspected and replaced the side air bags, free of charge.  The recall was completed in April 2019.  Owners may contact Volkswagen customer service at 1-800-893-5298.  Volkswagen's number for this recall is 69Y8."", 'Notes': 'Owners may also contact the National Highway Traffic Safety Administration Vehicle Safety Hotline at 1-888-327-4236 (TTY 1-800-424-9153), or go to www.safercar.gov.', 'ModelYear': '2020', 'Make': 'VOLKSWAGEN', 'Model': 'PASSAT'}, {'Manufacturer': 'Volkswagen Group of America, Inc.', 'NHTSACampaignNumber': '20V533000', 'parkIt': False, 'parkOutSide': False, 'overTheAirUpdate': False, 'ReportReceivedDate': '02/09/2020', 'Component': 'AIR BAGS:PASSENGER SIDE FRONTAL:CUSHION', 'Summary': 'Volkswagen Group of America, Inc. (Volkswagen) is recalling certain 2020 Passat vehicles.  The passenger frontal air bag may have been folded incorrectly affecting its deployment force.  As such, these vehicles fail to comply with the requirements of Federal Motor Vehicle Safety Standard number 208, ""Occupant Crash Protection.""', 'Consequence': 'An incorrectly folded air bag can deploy with too much force, increasing the risk of injury.', 'Remedy': ""Volkswagen will notify owners, and dealers will replace the passenger frontal air bag, free of charge.  The recall began October 14, 2020.  Owners may contact Volkswagen customer service at 1-888-241-2289.  Volkswagen's number for this recall is 69AY."", 'Notes': 'Owners may also contact the National Highway Traffic Safety Administration Vehicle Safety Hotline at 1-888-327-4236 (TTY 1-800-424-9153), or go to www.safercar.gov.', 'ModelYear': '2020', 'Make': 'VOLKSWAGEN', 'Model': 'PASSAT'}]",,,,,,,,,,,,,,,,,,,,,,,,,,,,,,,,,,,,,,,,,,,,,,,,
nhtsa_api,2026-03-23 23:24:58.968,1.0,raw_recalls,Audi,A4,2020.0,"[{'Manufacturer': 'Volkswagen Group of America, Inc.', 'NHTSACampaignNumber': '22V034000', 'parkIt': False, 'parkOutSide': False, 'overTheAirUpdate': False, 'ReportReceivedDate': '26/01/2022', 'Component': 'TIRES', 'Summary': 'Volkswagen Group of America, Inc. (Audi) is recalling certain 2019-2021 Audi A5 Sportback, RS5 Coupe, RS5 Sportback, S5 Sportback, 2020-2021 A4 Allroad, A4 Sedan, A5 Cabriolet, A5 Coupe, A6 Allroad, A6 Sedan, A7, A8, Q5, S4 Sedan, S5 Coupe, S5 Cabriolet, S6 Sedan, S7, S8, SQ5, 2021 Q5 Sportback, Q7, Q8, RS6 Avant, RS7, RSQ8, SQ5 Sportback, SQ7, and SQ8 vehicles.  The rear axle alignment may not have been inspected after the repairs for Recall 21V-295 (42L1) were performed.', 'Consequence': 'Rear axle misalignment may cause premature or uneven tire wear, increasing the risk of a crash.', 'Remedy': ""Dealers will inspect the rear axle, adjust the alignment as necessary, and replace any prematurely or unevenly worn tires, free of charge.  Owner notification letters were mailed March 3, 2022.  Owners may contact Audi customer service at 1-800-253-2834.  Audi's number for this recall is 42L5."", 'Notes': 'Owners may also contact the National Highway Traffic Safety Administration Vehicle Safety Hotline at 1-888-327-4236 (TTY 1-800-424-9153), or go to www.nhtsa.gov.', 'ModelYear': '2020', 'Make': 'AUDI', 'Model': 'A4'}, {'Manufacturer': 'Volkswagen Group of America, Inc.', 'NHTSACampaignNumber': '21V295000', 'parkIt': False, 'parkOutSide': False, 'overTheAirUpdate': False, 'ReportReceivedDate': '26/04/2021', 'Component': 'SUSPENSION:REAR:AXLE:NON-POWERED AXLE ASSEMBLY', 'Summary': 'Volkswagen Group of America, Inc. (Audi) is recalling certain 2021 Q7, Q8, Q5 Sportback, SQ5 Sportback, RS6 Avant, RS7, RS Q8, 2020-2021 Audi S6 sedan, Q5, A8, S8, A7, A6 Allroad, A5 Cabriolet, A4 sedan, A4 Allroad, SQ5, S7, A6 sedan, S5 coupe, S4 sedan, S5 Cabriolet, A5 coupe, 2019-2021 RS5 coupe, A5 Sportback, S5 Sportback, RS5 Sportback vehicles.  The lock nut on the trailing arm of the rear axle may break due to stress corrosion.', 'Consequence': 'A broken lock nut may misalign the rear axle, causing a loss of control and increasing the risk of a crash.', 'Remedy': ""Dealers will replace the lock nuts and, if necessary, the associated bolts, free of charge.  Owner notification letters were mailed June 4, 2021.  Owners may contact Audi customer service at 1-800-253-2834.  Audi's number for this recall is 42L1."", 'Notes': 'Owners may also contact the National Highway Traffic Safety Administration Vehicle Safety Hotline at 1-888-327-4236 (TTY 1-800-424-9153), or go to www.safercar.gov.', 'ModelYear': '2020', 'Make': 'AUDI', 'Model': 'A4'}, {'Manufacturer': 'Volkswagen Group of America, Inc.', 'NHTSACampaignNumber': '21V874000', 'parkIt': False, 'parkOutSide': False, 'overTheAirUpdate': False, 'ReportReceivedDate': '10/11/2021', 'Component': 'SEATS', 'Summary': 'Volkswagen Group of America, Inc. (Audi) is recalling certain 2017-2020 A4 Allroad, A4 Sedan, 2018-2019 RS5 Coupe, 2019 RS5 Sportback, 2018-2020 A5 Cabriolet, A5 Coupe, A5 Sportback, S4 Sedan, S5 Cabriolet, S5 Coupe, and Audi S5 Sportback vehicles.  The cable connecting the seat heater to the Passenger Occupant Detection System (PODS) may have a contact fault, causing the software to misdiagnose a malfunction and disable the passenger air bag.', 'Consequence': 'A disabled passenger air bag increases the risk of injury in the event of a crash.', 'Remedy': ""Dealers will replace the connecting cable and either the heating mat or entire seat cover, free of charge.  Owner notification letters were mailed January 7, 2022.  Owners may contact Audi customer service at 1-800-253-2834.  Audi's number for this recall is 74E3.  This recall is an expansion of Recall 19V-547 (74D9).  Vehicles previously repaired under 19V-547 will need to return for the new remedy."", 'Notes': 'Owners may also contact the National Highway Traffic Safety Administration Vehicle Safety Hotline at 1-888-327-4236 (TTY 1-800-424-9153), or go to www.nhtsa.gov.', 'ModelYear': '2020', 'Make': 'AUDI', 'Model': 'A4'}]",,,,,,,,,,,,,,,,,,,,,,,,,,,,,,,,,,,,,,,,,,,,,,,,
nhtsa_api,2026-03-23 23:26:09.587,1.0,raw_recalls,Audi,A4,2020.0,"[{'Manufacturer': 'Volkswagen Group of America, Inc.', 'NHTSACampaignNumber': '22V034000', 'parkIt': False, 'parkOutSide': False, 'overTheAirUpdate': False, 'ReportReceivedDate': '26/01/2022', 'Component': 'TIRES', 'Summary': 'Volkswagen Group of America, Inc. (Audi) is recalling certain 2019-2021 Audi A5 Sportback, RS5 Coupe, RS5 Sportback, S5 Sportback, 2020-2021 A4 Allroad, A4 Sedan, A5 Cabriolet, A5 Coupe, A6 Allroad, A6 Sedan, A7, A8, Q5, S4 Sedan, S5 Coupe, S5 Cabriolet, S6 Sedan, S7, S8, SQ5, 2021 Q5 Sportback, Q7, Q8, RS6 Avant, RS7, RSQ8, SQ5 Sportback, SQ7, and SQ8 vehicles.  The rear axle alignment may not have been inspected after the repairs for Recall 21V-295 (42L1) were performed.', 'Consequence': 'Rear axle misalignment may cause premature or uneven tire wear, increasing the risk of a crash.', 'Remedy': ""Dealers will inspect the rear axle, adjust the alignment as necessary, and replace any prematurely or unevenly worn tires, free of charge.  Owner notification letters were mailed March 3, 2022.  Owners may contact Audi customer service at 1-800-253-2834.  Audi's number for this recall is 42L5."", 'Notes': 'Owners may also contact the National Highway Traffic Safety Administration Vehicle Safety Hotline at 1-888-327-4236 (TTY 1-800-424-9153), or go to www.nhtsa.gov.', 'ModelYear': '2020', 'Make': 'AUDI', 'Model': 'A4'}, {'Manufacturer': 'Volkswagen Group of America, Inc.', 'NHTSACampaignNumber': '21V295000', 'parkIt': False, 'parkOutSide': False, 'overTheAirUpdate': False, 'ReportReceivedDate': '26/04/2021', 'Component': 'SUSPENSION:REAR:AXLE:NON-POWERED AXLE ASSEMBLY', 'Summary': 'Volkswagen Group of America, Inc. (Audi) is recalling certain 2021 Q7, Q8, Q5 Sportback, SQ5 Sportback, RS6 Avant, RS7, RS Q8, 2020-2021 Audi S6 sedan, Q5, A8, S8, A7, A6 Allroad, A5 Cabriolet, A4 sedan, A4 Allroad, SQ5, S7, A6 sedan, S5 coupe, S4 sedan, S5 Cabriolet, A5 coupe, 2019-2021 RS5 coupe, A5 Sportback, S5 Sportback, RS5 Sportback vehicles.  The lock nut on the trailing arm of the rear axle may break due to stress corrosion.', 'Consequence': 'A broken lock nut may misalign the rear axle, causing a loss of control and increasing the risk of a crash.', 'Remedy': ""Dealers will replace the lock nuts and, if necessary, the associated bolts, free of charge.  Owner notification letters were mailed June 4, 2021.  Owners may contact Audi customer service at 1-800-253-2834.  Audi's number for this recall is 42L1."", 'Notes': 'Owners may also contact the National Highway Traffic Safety Administration Vehicle Safety Hotline at 1-888-327-4236 (TTY 1-800-424-9153), or go to www.safercar.gov.', 'ModelYear': '2020', 'Make': 'AUDI', 'Model': 'A4'}, {'Manufacturer': 'Volkswagen Group of America, Inc.', 'NHTSACampaignNumber': '21V874000', 'parkIt': False, 'parkOutSide': False, 'overTheAirUpdate': False, 'ReportReceivedDate': '10/11/2021', 'Component': 'SEATS', 'Summary': 'Volkswagen Group of America, Inc. (Audi) is recalling certain 2017-2020 A4 Allroad, A4 Sedan, 2018-2019 RS5 Coupe, 2019 RS5 Sportback, 2018-2020 A5 Cabriolet, A5 Coupe, A5 Sportback, S4 Sedan, S5 Cabriolet, S5 Coupe, and Audi S5 Sportback vehicles.  The cable connecting the seat heater to the Passenger Occupant Detection System (PODS) may have a contact fault, causing the software to misdiagnose a malfunction and disable the passenger air bag.', 'Consequence': 'A disabled passenger air bag increases the risk of injury in the event of a crash.', 'Remedy': ""Dealers will replace the connecting cable and either the heating mat or entire seat cover, free of charge.  Owner notification letters were mailed January 7, 2022.  Owners may contact Audi customer service at 1-800-253-2834.  Audi's number for this recall is 74E3.  This recall is an expansion of Recall 19V-547 (74D9).  Vehicles previously repaired under 19V-547 will need to return for the new remedy."", 'Notes': 'Owners may also contact the National Highway Traffic Safety Administration Vehicle Safety Hotline at 1-888-327-4236 (TTY 1-800-424-9153), or go to www.nhtsa.gov.', 'ModelYear': '2020', 'Make': 'AUDI', 'Model': 'A4'}]",,,,,,,,,,,,,,,,,,,,,,,,,,,,,,,,,,,,,,,,,,,,,,,,
nhtsa_api,2026-03-23 23:26:09.598,1.0,raw_recalls,Volkswagen,Golf,2020.0,"[{'Manufacturer': 'Volkswagen Group of America, Inc.', 'NHTSACampaignNumber': '22V815000', 'parkIt': False, 'parkOutSide': False, 'overTheAirUpdate': False, 'ReportReceivedDate': '31/10/2022', 'Component': 'TIRES:PRESSURE MONITORING AND REGULATING SYSTEMS', 'Summary': 'Volkswagen Group of America, Inc. (Volkswagen) is recalling certain 2019 Volkswagen Tiguan LWB, Golf Sportswagen A7, Golf Alltrack, Golf R GP, Audi Q3, Audi A3 Cabriolet, 2019-2020 Jetta NF, Jetta GLI, Golf GTI, Atlas, Golf A7, Audi A3, 2020-2021 Atlas Cross Sport, and 2021 Atlas FL vehicles.  The tire pressure monitoring system may not detect an air pressure loss in adequate time when deflating occurs among all four tires simultaneously.  As such, these vehicles fail to comply with the requirements of Federal Motor Vehicle Safety Standard number 138, ""Tire Pressure Monitoring Systems.""', 'Consequence': 'An undetected sudden loss of pressure in all four tires increases the risk of a crash.', 'Remedy': ""Dealers will update the TPMS software, free of charge.  Owner notification letters were mailed November 18, 2022.  Owners may contact Volkswagen's customer service at 1-800-893-5298 or Audi\x92s customer service at 1-800-253-2834.  Volkswagen's numbers for this recall are (Audi) 45J7, and (VW) 45J6 and 45J8."", 'Notes': 'Owners may also contact the National Highway Traffic Safety Administration Vehicle Safety Hotline at 1-888-327-4236 (TTY 1-800-424-9153), or go to www.safercar.gov.', 'ModelYear': '2020', 'Make': 'VOLKSWAGEN', 'Model': 'GOLF'}, {'Manufacturer': 'Volkswagen Group of America, Inc.', 'NHTSACampaignNumber': '24V110000', 'parkIt': False, 'parkOutSide': False, 'overTheAirUpdate': False, 'NHTSAActionNumber': 'RQ23007', 'ReportReceivedDate': '14/02/2024', 'Component': 'FUEL SYSTEM, GASOLINE', 'Summary': 'Volkswagen Group of America, Inc. (Volkswagen) is recalling certain front-wheel drive 2015-2020 Audi A3 Sedan, 2015-2019 Audi A3 Cabriolet, 2019-2020 Volkswagen Jetta GLI, 2018 Golf Sportwagen GP, 2018-2019 Golf Sportwagen A7, 2015-2017 Golf Sportwagen, 2015-2020 Golf GTI, and 2015-2020 Golf A7 vehicles.  Due to a problem with a suction jet pump seal inside the fuel tank, fuel may flow into the evaporative emissions (EVAP) system and possibly leak out of the charcoal canister.', 'Consequence': 'A fuel leak in the presence of an ignition source increases the risk of a fire.', 'Remedy': ""Dealers will replace the suction pump, free of charge.  Final owner notification letters for Audi owners were mailed on July 25, 2024.  Final owner letters for VW owners were mailed on August 13, 2024.  Owners may contact Volkswagen customer service at 1-800-893-5298 or Audi customer service at 1-800-253-2834.  Volkswagen's numbers for this recall are VW: 20UF/Audi: 20YF.  Vehicles that were previously recalled under 16V-647 will need to have the new remedy completed.  This recall expands and replaces previous recall number 16V-647."", 'Notes': 'Owners may also contact the National Highway Traffic Safety Administration Vehicle Safety Hotline at 1-888-327-4236 (TTY 1-800-424-9153), or go to www.nhtsa.gov.', 'ModelYear': '2020', 'Make': 'VOLKSWAGEN', 'Model': 'GOLF'}]",,,,,,,,,,,,,,,,,,,,,,,,,,,,,,,,,,,,,,,,,,,,,,,,
nhtsa_api,2026-03-23 23:26:09.605,1.0,raw_recalls,Volkswagen,Passat,2020.0,"[{'Manufacturer': 'Volkswagen Group of America, Inc.', 'NHTSACampaignNumber': '19V389000', 'parkIt': False, 'parkOutSide': False, 'overTheAirUpdate': False, 'ReportReceivedDate': '22/05/2019', 'Component': 'EXTERIOR LIGHTING:HEADLIGHTS', 'Summary': 'Volkswagen Group of America, Inc. (Volkswagen) is recalling certain 2012-2020 Volkswagen Passat and 2018-2019 Atlas vehicles.  The blocking cap disabling the adjustment of the headlight\'s horizontal aim may not have been installed.  As such, these vehicles fail to conform to Federal Motor Vehicle Safety Standard (FMVSS) number 108, ""Lamps, Reflective Devices, and Associated Equipment.""', 'Consequence': 'Without the blocking cap, the headlight aim can be adjusted out of specification, reducing visibility and increasing the risk of a crash.', 'Remedy': ""Volkswagen will notify owners, and dealers will inspect and, as necessary, block the headlight horizontal adjustment, free of charge.  The recall began July 16, 2019.  Owners may contact Volkswagen customer service at 1-800-253-2834.  Volkswagen's number for this recall is 94L9."", 'Notes': 'Owners may also contact the National Highway Traffic Safety Administration Vehicle Safety Hotline at 1-888-327-4236 (TTY 1-800-424-9153), or go to www.safercar.gov.', 'ModelYear': '2020', 'Make': 'VOLKSWAGEN', 'Model': 'PASSAT'}, {'Manufacturer': 'Volkswagen Group of America, Inc.', 'NHTSACampaignNumber': '19V218000', 'parkIt': False, 'parkOutSide': False, 'overTheAirUpdate': False, 'ReportReceivedDate': '20/03/2019', 'Component': 'AIR BAGS:SIDE/WINDOW', 'Summary': 'Volkswagen Group of America, Inc. (Volkswagen) is recalling certain 2019 Atlas and 2020 Passat vehicles.  An incorrect driver and/or front passenger side impact air bag may have been installed.', 'Consequence': 'In an event of a side impact crash, an incorrect side airbag may not deploy as intended, increasing the risk of injury.', 'Remedy': ""Volkswagen has inspected and replaced the side air bags, free of charge.  The recall was completed in April 2019.  Owners may contact Volkswagen customer service at 1-800-893-5298.  Volkswagen's number for this recall is 69Y8."", 'Notes': 'Owners may also contact the National Highway Traffic Safety Administration Vehicle Safety Hotline at 1-888-327-4236 (TTY 1-800-424-9153), or go to www.safercar.gov.', 'ModelYear': '2020', 'Make': 'VOLKSWAGEN', 'Model': 'PASSAT'}, {'Manufacturer': 'Volkswagen Group of America, Inc.', 'NHTSACampaignNumber': '20V533000', 'parkIt': False, 'parkOutSide': False, 'overTheAirUpdate': False, 'ReportReceivedDate': '02/09/2020', 'Component': 'AIR BAGS:PASSENGER SIDE FRONTAL:CUSHION', 'Summary': 'Volkswagen Group of America, Inc. (Volkswagen) is recalling certain 2020 Passat vehicles.  The passenger frontal air bag may have been folded incorrectly affecting its deployment force.  As such, these vehicles fail to comply with the requirements of Federal Motor Vehicle Safety Standard number 208, ""Occupant Crash Protection.""', 'Consequence': 'An incorrectly folded air bag can deploy with too much force, increasing the risk of injury.', 'Remedy': ""Volkswagen will notify owners, and dealers will replace the passenger frontal air bag, free of charge.  The recall began October 14, 2020.  Owners may contact Volkswagen customer service at 1-888-241-2289.  Volkswagen's number for this recall is 69AY."", 'Notes': 'Owners may also contact the National Highway Traffic Safety Administration Vehicle Safety Hotline at 1-888-327-4236 (TTY 1-800-424-9153), or go to www.safercar.gov.', 'ModelYear': '2020', 'Make': 'VOLKSWAGEN', 'Model': 'PASSAT'}]",,,,,,,,,,,,,,,,,,,,,,,,,,,,,,,,,,,,,,,,,,,,,,,,
nhtsa_api,2026-03-23 23:30:41.610,1.0,raw_recalls,Audi,A4,2020.0,"[{'Manufacturer': 'Volkswagen Group of America, Inc.', 'NHTSACampaignNumber': '22V034000', 'parkIt': False, 'parkOutSide': False, 'overTheAirUpdate': False, 'ReportReceivedDate': '26/01/2022', 'Component': 'TIRES', 'Summary': 'Volkswagen Group of America, Inc. (Audi) is recalling certain 2019-2021 Audi A5 Sportback, RS5 Coupe, RS5 Sportback, S5 Sportback, 2020-2021 A4 Allroad, A4 Sedan, A5 Cabriolet, A5 Coupe, A6 Allroad, A6 Sedan, A7, A8, Q5, S4 Sedan, S5 Coupe, S5 Cabriolet, S6 Sedan, S7, S8, SQ5, 2021 Q5 Sportback, Q7, Q8, RS6 Avant, RS7, RSQ8, SQ5 Sportback, SQ7, and SQ8 vehicles.  The rear axle alignment may not have been inspected after the repairs for Recall 21V-295 (42L1) were performed.', 'Consequence': 'Rear axle misalignment may cause premature or uneven tire wear, increasing the risk of a crash.', 'Remedy': ""Dealers will inspect the rear axle, adjust the alignment as necessary, and replace any prematurely or unevenly worn tires, free of charge.  Owner notification letters were mailed March 3, 2022.  Owners may contact Audi customer service at 1-800-253-2834.  Audi's number for this recall is 42L5."", 'Notes': 'Owners may also contact the National Highway Traffic Safety Administration Vehicle Safety Hotline at 1-888-327-4236 (TTY 1-800-424-9153), or go to www.nhtsa.gov.', 'ModelYear': '2020', 'Make': 'AUDI', 'Model': 'A4'}, {'Manufacturer': 'Volkswagen Group of America, Inc.', 'NHTSACampaignNumber': '21V295000', 'parkIt': False, 'parkOutSide': False, 'overTheAirUpdate': False, 'ReportReceivedDate': '26/04/2021', 'Component': 'SUSPENSION:REAR:AXLE:NON-POWERED AXLE ASSEMBLY', 'Summary': 'Volkswagen Group of America, Inc. (Audi) is recalling certain 2021 Q7, Q8, Q5 Sportback, SQ5 Sportback, RS6 Avant, RS7, RS Q8, 2020-2021 Audi S6 sedan, Q5, A8, S8, A7, A6 Allroad, A5 Cabriolet, A4 sedan, A4 Allroad, SQ5, S7, A6 sedan, S5 coupe, S4 sedan, S5 Cabriolet, A5 coupe, 2019-2021 RS5 coupe, A5 Sportback, S5 Sportback, RS5 Sportback vehicles.  The lock nut on the trailing arm of the rear axle may break due to stress corrosion.', 'Consequence': 'A broken lock nut may misalign the rear axle, causing a loss of control and increasing the risk of a crash.', 'Remedy': ""Dealers will replace the lock nuts and, if necessary, the associated bolts, free of charge.  Owner notification letters were mailed June 4, 2021.  Owners may contact Audi customer service at 1-800-253-2834.  Audi's number for this recall is 42L1."", 'Notes': 'Owners may also contact the National Highway Traffic Safety Administration Vehicle Safety Hotline at 1-888-327-4236 (TTY 1-800-424-9153), or go to www.safercar.gov.', 'ModelYear': '2020', 'Make': 'AUDI', 'Model': 'A4'}, {'Manufacturer': 'Volkswagen Group of America, Inc.', 'NHTSACampaignNumber': '21V874000', 'parkIt': False, 'parkOutSide': False, 'overTheAirUpdate': False, 'ReportReceivedDate': '10/11/2021', 'Component': 'SEATS', 'Summary': 'Volkswagen Group of America, Inc. (Audi) is recalling certain 2017-2020 A4 Allroad, A4 Sedan, 2018-2019 RS5 Coupe, 2019 RS5 Sportback, 2018-2020 A5 Cabriolet, A5 Coupe, A5 Sportback, S4 Sedan, S5 Cabriolet, S5 Coupe, and Audi S5 Sportback vehicles.  The cable connecting the seat heater to the Passenger Occupant Detection System (PODS) may have a contact fault, causing the software to misdiagnose a malfunction and disable the passenger air bag.', 'Consequence': 'A disabled passenger air bag increases the risk of injury in the event of a crash.', 'Remedy': ""Dealers will replace the connecting cable and either the heating mat or entire seat cover, free of charge.  Owner notification letters were mailed January 7, 2022.  Owners may contact Audi customer service at 1-800-253-2834.  Audi's number for this recall is 74E3.  This recall is an expansion of Recall 19V-547 (74D9).  Vehicles previously repaired under 19V-547 will need to return for the new remedy."", 'Notes': 'Owners may also contact the National Highway Traffic Safety Administration Vehicle Safety Hotline at 1-888-327-4236 (TTY 1-800-424-9153), or go to www.nhtsa.gov.', 'ModelYear': '2020', 'Make': 'AUDI', 'Model': 'A4'}]",,,,,,,,,,,,,,,,,,,,,,,,,,,,,,,,,,,,,,,,,,,,,,,,
nhtsa_api,2026-03-23 23:30:41.618,1.0,raw_recalls,Volkswagen,Golf,2020.0,"[{'Manufacturer': 'Volkswagen Group of America, Inc.', 'NHTSACampaignNumber': '22V815000', 'parkIt': False, 'parkOutSide': False, 'overTheAirUpdate': False, 'ReportReceivedDate': '31/10/2022', 'Component': 'TIRES:PRESSURE MONITORING AND REGULATING SYSTEMS', 'Summary': 'Volkswagen Group of America, Inc. (Volkswagen) is recalling certain 2019 Volkswagen Tiguan LWB, Golf Sportswagen A7, Golf Alltrack, Golf R GP, Audi Q3, Audi A3 Cabriolet, 2019-2020 Jetta NF, Jetta GLI, Golf GTI, Atlas, Golf A7, Audi A3, 2020-2021 Atlas Cross Sport, and 2021 Atlas FL vehicles.  The tire pressure monitoring system may not detect an air pressure loss in adequate time when deflating occurs among all four tires simultaneously.  As such, these vehicles fail to comply with the requirements of Federal Motor Vehicle Safety Standard number 138, ""Tire Pressure Monitoring Systems.""', 'Consequence': 'An undetected sudden loss of pressure in all four tires increases the risk of a crash.', 'Remedy': ""Dealers will update the TPMS software, free of charge.  Owner notification letters were mailed November 18, 2022.  Owners may contact Volkswagen's customer service at 1-800-893-5298 or Audi\x92s customer service at 1-800-253-2834.  Volkswagen's numbers for this recall are (Audi) 45J7, and (VW) 45J6 and 45J8."", 'Notes': 'Owners may also contact the National Highway Traffic Safety Administration Vehicle Safety Hotline at 1-888-327-4236 (TTY 1-800-424-9153), or go to www.safercar.gov.', 'ModelYear': '2020', 'Make': 'VOLKSWAGEN', 'Model': 'GOLF'}, {'Manufacturer': 'Volkswagen Group of America, Inc.', 'NHTSACampaignNumber': '24V110000', 'parkIt': False, 'parkOutSide': False, 'overTheAirUpdate': False, 'NHTSAActionNumber': 'RQ23007', 'ReportReceivedDate': '14/02/2024', 'Component': 'FUEL SYSTEM, GASOLINE', 'Summary': 'Volkswagen Group of America, Inc. (Volkswagen) is recalling certain front-wheel drive 2015-2020 Audi A3 Sedan, 2015-2019 Audi A3 Cabriolet, 2019-2020 Volkswagen Jetta GLI, 2018 Golf Sportwagen GP, 2018-2019 Golf Sportwagen A7, 2015-2017 Golf Sportwagen, 2015-2020 Golf GTI, and 2015-2020 Golf A7 vehicles.  Due to a problem with a suction jet pump seal inside the fuel tank, fuel may flow into the evaporative emissions (EVAP) system and possibly leak out of the charcoal canister.', 'Consequence': 'A fuel leak in the presence of an ignition source increases the risk of a fire.', 'Remedy': ""Dealers will replace the suction pump, free of charge.  Final owner notification letters for Audi owners were mailed on July 25, 2024.  Final owner letters for VW owners were mailed on August 13, 2024.  Owners may contact Volkswagen customer service at 1-800-893-5298 or Audi customer service at 1-800-253-2834.  Volkswagen's numbers for this recall are VW: 20UF/Audi: 20YF.  Vehicles that were previously recalled under 16V-647 will need to have the new remedy completed.  This recall expands and replaces previous recall number 16V-647."", 'Notes': 'Owners may also contact the National Highway Traffic Safety Administration Vehicle Safety Hotline at 1-888-327-4236 (TTY 1-800-424-9153), or go to www.nhtsa.gov.', 'ModelYear': '2020', 'Make': 'VOLKSWAGEN', 'Model': 'GOLF'}]",,,,,,,,,,,,,,,,,,,,,,,,,,,,,,,,,,,,,,,,,,,,,,,,
nhtsa_api,2026-03-23 23:30:41.626,1.0,raw_recalls,Volkswagen,Passat,2020.0,"[{'Manufacturer': 'Volkswagen Group of America, Inc.', 'NHTSACampaignNumber': '19V389000', 'parkIt': False, 'parkOutSide': False, 'overTheAirUpdate': False, 'ReportReceivedDate': '22/05/2019', 'Component': 'EXTERIOR LIGHTING:HEADLIGHTS', 'Summary': 'Volkswagen Group of America, Inc. (Volkswagen) is recalling certain 2012-2020 Volkswagen Passat and 2018-2019 Atlas vehicles.  The blocking cap disabling the adjustment of the headlight\'s horizontal aim may not have been installed.  As such, these vehicles fail to conform to Federal Motor Vehicle Safety Standard (FMVSS) number 108, ""Lamps, Reflective Devices, and Associated Equipment.""', 'Consequence': 'Without the blocking cap, the headlight aim can be adjusted out of specification, reducing visibility and increasing the risk of a crash.', 'Remedy': ""Volkswagen will notify owners, and dealers will inspect and, as necessary, block the headlight horizontal adjustment, free of charge.  The recall began July 16, 2019.  Owners may contact Volkswagen customer service at 1-800-253-2834.  Volkswagen's number for this recall is 94L9."", 'Notes': 'Owners may also contact the National Highway Traffic Safety Administration Vehicle Safety Hotline at 1-888-327-4236 (TTY 1-800-424-9153), or go to www.safercar.gov.', 'ModelYear': '2020', 'Make': 'VOLKSWAGEN', 'Model': 'PASSAT'}, {'Manufacturer': 'Volkswagen Group of America, Inc.', 'NHTSACampaignNumber': '19V218000', 'parkIt': False, 'parkOutSide': False, 'overTheAirUpdate': False, 'ReportReceivedDate': '20/03/2019', 'Component': 'AIR BAGS:SIDE/WINDOW', 'Summary': 'Volkswagen Group of America, Inc. (Volkswagen) is recalling certain 2019 Atlas and 2020 Passat vehicles.  An incorrect driver and/or front passenger side impact air bag may have been installed.', 'Consequence': 'In an event of a side impact crash, an incorrect side airbag may not deploy as intended, increasing the risk of injury.', 'Remedy': ""Volkswagen has inspected and replaced the side air bags, free of charge.  The recall was completed in April 2019.  Owners may contact Volkswagen customer service at 1-800-893-5298.  Volkswagen's number for this recall is 69Y8."", 'Notes': 'Owners may also contact the National Highway Traffic Safety Administration Vehicle Safety Hotline at 1-888-327-4236 (TTY 1-800-424-9153), or go to www.safercar.gov.', 'ModelYear': '2020', 'Make': 'VOLKSWAGEN', 'Model': 'PASSAT'}, {'Manufacturer': 'Volkswagen Group of America, Inc.', 'NHTSACampaignNumber': '20V533000', 'parkIt': False, 'parkOutSide': False, 'overTheAirUpdate': False, 'ReportReceivedDate': '02/09/2020', 'Component': 'AIR BAGS:PASSENGER SIDE FRONTAL:CUSHION', 'Summary': 'Volkswagen Group of America, Inc. (Volkswagen) is recalling certain 2020 Passat vehicles.  The passenger frontal air bag may have been folded incorrectly affecting its deployment force.  As such, these vehicles fail to comply with the requirements of Federal Motor Vehicle Safety Standard number 208, ""Occupant Crash Protection.""', 'Consequence': 'An incorrectly folded air bag can deploy with too much force, increasing the risk of injury.', 'Remedy': ""Volkswagen will notify owners, and dealers will replace the passenger frontal air bag, free of charge.  The recall began October 14, 2020.  Owners may contact Volkswagen customer service at 1-888-241-2289.  Volkswagen's number for this recall is 69AY."", 'Notes': 'Owners may also contact the National Highway Traffic Safety Administration Vehicle Safety Hotline at 1-888-327-4236 (TTY 1-800-424-9153), or go to www.safercar.gov.', 'ModelYear': '2020', 'Make': 'VOLKSWAGEN', 'Model': 'PASSAT'}]",,,,,,,,,,,,,,,,,,,,,,,,,,,,,,,,,,,,,,,,,,,,,,,,
pdf_extraction,2026-03-29 20:52:52.608,1.0,raw_recalls,,,,,automotive_report_twocolumn.pdf,pdf,/Users/elmedin.karisiksystemverification.com/Documents/private/Automotive-Industry-Tracker/data/raw/pdf/automotive_report_twocolumn.pdf,2026-03-29T20:52:52.584871,pdfplumber,"[{'page_number': 1, 'text': 'Automotive Two-Column Report\nAudi A4 Recalls Volkswagen Golf Recalls\nThe Audi A4 2020 had 3 recalls related to airbag, The Volkswagen Golf 2020 had 2 recalls related to\nbrake, and engine issues reported to NHTSA. electrical systems and fuel systems.\nComponent Recall Details (with borders)\nComponent Issue Affected Units\nAirbag Inflator rupture 15,000\nBrakes Brake fluid leak 8,200\nEngine Oil pressure loss 5,100\nComponent Recall Details (without borders)\nComponent Issue Affected Units\nAirbag Inflator rupture 15,000\nBrakes Brake fluid leak 8,200\nEngine Oil pressure loss 5,100', 'tables': [[['Component', 'Issue', 'Affected Units'], ['Airbag', 'Inflator rupture', '15,000'], ['Brakes', 'Brake fluid leak', '8,200'], ['Engine', 'Oil pressure loss', '5,100']]]}]",,,,,,,,,,,,,,,,,,,,,,,,,,,,,,,,,,,,,,,,,,
pdf_extraction,2026-03-29 20:52:52.651,1.0,raw_recalls,,,,,automotive_report_normal.pdf,pdf,/Users/elmedin.karisiksystemverification.com/Documents/private/Automotive-Industry-Tracker/data/raw/pdf/automotive_report_normal.pdf,2026-03-29T20:52:52.632712,pdfplumber,"[{'page_number': 1, 'text': 'Automotive Industry Recall Report 2020\nIntroduction\nThis report provides an overview of vehicle recalls issued in 2020 for major automotive brands including\nAudi, Volkswagen, and Skoda. Data sourced from NHTSA.\nRecall Summary Table (with borders)\nMake Model Year Recalls\nAudi A4 2020 3\nVolkswagen Golf 2020 2\nVolkswagen Passat 2020 3\nRecall Summary Table (without borders)\nMake Model Year Recalls\nAudi A4 2020 3\nVolkswagen Golf 2020 2\nVolkswagen Passat 2020 3', 'tables': [[['Make', 'Model', 'Year', 'Recalls'], ['Audi', 'A4', '2020', '3'], ['Volkswagen', 'Golf', '2020', '2'], ['Volkswagen', 'Passat', '2020', '3']]]}]",,,,,,,,,,,,,,,,,,,,,,,,,,,,,,,,,,,,,,,,,,
pdf_extraction,2026-03-29 20:53:11.472,1.0,raw_recalls,,,,,automotive_report_twocolumn.pdf,pdf,/Users/elmedin.karisiksystemverification.com/Documents/private/Automotive-Industry-Tracker/data/raw/pdf/automotive_report_twocolumn.pdf,2026-03-29T20:53:11.449053,pdfplumber,"[{'page_number': 1, 'text': 'Automotive Two-Column Report\nAudi A4 Recalls Volkswagen Golf Recalls\nThe Audi A4 2020 had 3 recalls related to airbag, The Volkswagen Golf 2020 had 2 recalls related to\nbrake, and engine issues reported to NHTSA. electrical systems and fuel systems.\nComponent Recall Details (with borders)\nComponent Issue Affected Units\nAirbag Inflator rupture 15,000\nBrakes Brake fluid leak 8,200\nEngine Oil pressure loss 5,100\nComponent Recall Details (without borders)\nComponent Issue Affected Units\nAirbag Inflator rupture 15,000\nBrakes Brake fluid leak 8,200\nEngine Oil pressure loss 5,100', 'tables': [[['Component', 'Issue', 'Affected Units'], ['Airbag', 'Inflator rupture', '15,000'], ['Brakes', 'Brake fluid leak', '8,200'], ['Engine', 'Oil pressure loss', '5,100']]]}]",,,,,,,,,,,,,,,,,,,,,,,,,,,,,,,,,,,,,,,,,,
pdf_extraction,2026-03-29 20:53:11.493,1.0,raw_recalls,,,,,automotive_report_normal.pdf,pdf,/Users/elmedin.karisiksystemverification.com/Documents/private/Automotive-Industry-Tracker/data/raw/pdf/automotive_report_normal.pdf,2026-03-29T20:53:11.475886,pdfplumber,"[{'page_number': 1, 'text': 'Automotive Industry Recall Report 2020\nIntroduction\nThis report provides an overview of vehicle recalls issued in 2020 for major automotive brands including\nAudi, Volkswagen, and Skoda. Data sourced from NHTSA.\nRecall Summary Table (with borders)\nMake Model Year Recalls\nAudi A4 2020 3\nVolkswagen Golf 2020 2\nVolkswagen Passat 2020 3\nRecall Summary Table (without borders)\nMake Model Year Recalls\nAudi A4 2020 3\nVolkswagen Golf 2020 2\nVolkswagen Passat 2020 3', 'tables': [[['Make', 'Model', 'Year', 'Recalls'], ['Audi', 'A4', '2020', '3'], ['Volkswagen', 'Golf', '2020', '2'], ['Volkswagen', 'Passat', '2020', '3']]]}]",,,,,,,,,,,,,,,,,,,,,,,,,,,,,,,,,,,,,,,,,,
word_extraction,2026-03-29 21:02:26.591,1.0,raw_recalls,,,,,automotive_report.docx,word,/Users/elmedin.karisiksystemverification.com/Documents/private/Automotive-Industry-Tracker/data/raw/word/automotive_report.docx,2026-03-29T21:02:26.387917,python-docx,,"[{'style': 'Title', 'text': 'Automotive Industry Recall Report 2020'}, {'style': 'Normal', 'text': 'This report provides an overview of vehicle recalls issued in 2020. Data sourced from NHTSA database covering major VW Group vehicles.'}, {'style': 'Heading 1', 'text': 'Recall Overview'}, {'style': 'Normal', 'text': 'In 2020, several VW Group vehicles were subject to safety recalls. The recalls covered issues ranging from airbag defects to engine problems.'}, {'style': 'Heading 2', 'text': 'Table with Borders'}, {'style': 'Heading 2', 'text': 'Table without Borders'}, {'style': 'Heading 1', 'text': 'Two-Column Section'}, {'style': 'Normal', 'text': 'Left Column: Audi A4 had 3 recalls in 2020 including airbag and brake issues.'}, {'style': 'Normal', 'text': 'Right Column: Volkswagen Golf had 2 recalls related to electrical systems.'}]","[{'table_index': 0, 'data': [['Make', 'Model', 'Year', 'Recalls'], ['Audi', 'A4', '2020', '3'], ['Volkswagen', 'Golf', '2020', '2'], ['Volkswagen', 'Passat', '2020', '3']]}, {'table_index': 1, 'data': [['Make', 'Model', 'Year', 'Recalls'], ['Audi', 'A4', '2020', '3'], ['Volkswagen', 'Golf', '2020', '2'], ['Volkswagen', 'Passat', '2020', '3']]}]",,,,,,,,,,,,,,,,,,,,,,,,,,,,,,,,,,,,,,,,
excel_extraction,2026-03-29 21:05:48.985,1.0,raw_recalls,,,,,automotive_data.xlsx,excel,/Users/elmedin.karisiksystemverification.com/Documents/private/Automotive-Industry-Tracker/data/raw/excel/automotive_data.xlsx,2026-03-29T21:05:48.948323,openpyxl,,,,"[{'sheet_name': 'Recall Summary', 'rows': [['Make', 'Model', 'Year', 'Recall Count', 'Affected Units', 'Total Cost (USD)'], ['Audi', 'A4', '2020', '3', '15000', '2500000'], ['Volkswagen', 'Golf', '2020', '2', '8200', '1200000'], ['Volkswagen', 'Passat', '2020', '3', '5100', '980000'], ['TOTAL', '', '', '=SUM(D2:D4)', '=SUM(E2:E4)', '=SUM(F2:F4)']]}, {'sheet_name': 'Component Details', 'rows': [['Component', 'Issue', 'Make', 'Model', 'Affected Units'], ['Airbag', 'Inflator rupture', 'Audi', 'A4', '15000'], ['Brakes', 'Brake fluid leak', 'Volkswagen', 'Golf', '8200'], ['Engine', 'Oil pressure loss', 'Volkswagen', 'Passat', '5100']]}]",,,,,,,,,,,,,,,,,,,,,,,,,,,,,,,,,,,,,,,
word_extraction,2026-03-29 21:08:40.767,1.0,raw_recalls,,,,,automotive_report.docx,word,/Users/elmedin.karisiksystemverification.com/Documents/private/Automotive-Industry-Tracker/data/raw/word/automotive_report.docx,2026-03-29T21:08:40.559283,python-docx,,"[{'style': 'Title', 'text': 'Automotive Industry Recall Report 2020'}, {'style': 'Normal', 'text': 'This report provides an overview of vehicle recalls issued in 2020. Data sourced from NHTSA database covering major VW Group vehicles.'}, {'style': 'Heading 1', 'text': 'Recall Overview'}, {'style': 'Normal', 'text': 'In 2020, several VW Group vehicles were subject to safety recalls. The recalls covered issues ranging from airbag defects to engine problems.'}, {'style': 'Heading 2', 'text': 'Table with Borders'}, {'style': 'Heading 2', 'text': 'Table without Borders'}, {'style': 'Heading 1', 'text': 'Two-Column Section'}, {'style': 'Normal', 'text': 'Left Column: Audi A4 had 3 recalls in 2020 including airbag and brake issues.'}, {'style': 'Normal', 'text': 'Right Column: Volkswagen Golf had 2 recalls related to electrical systems.'}]","[{'table_index': 0, 'data': [['Make', 'Model', 'Year', 'Recalls'], ['Audi', 'A4', '2020', '3'], ['Volkswagen', 'Golf', '2020', '2'], ['Volkswagen', 'Passat', '2020', '3']]}, {'table_index': 1, 'data': [['Make', 'Model', 'Year', 'Recalls'], ['Audi', 'A4', '2020', '3'], ['Volkswagen', 'Golf', '2020', '2'], ['Volkswagen', 'Passat', '2020', '3']]}]",,,,,,,,,,,,,,,,,,,,,,,,,,,,,,,,,,,,,,,,
excel_extraction,2026-03-29 21:08:40.896,1.0,raw_recalls,,,,,automotive_data.xlsx,excel,/Users/elmedin.karisiksystemverification.com/Documents/private/Automotive-Industry-Tracker/data/raw/excel/automotive_data.xlsx,2026-03-29T21:08:40.856527,openpyxl,,,,"[{'sheet_name': 'Recall Summary', 'rows': [['Make', 'Model', 'Year', 'Recall Count', 'Affected Units', 'Total Cost (USD)'], ['Audi', 'A4', '2020', '3', '15000', '2500000'], ['Volkswagen', 'Golf', '2020', '2', '8200', '1200000'], ['Volkswagen', 'Passat', '2020', '3', '5100', '980000'], ['TOTAL', '', '', '=SUM(D2:D4)', '=SUM(E2:E4)', '=SUM(F2:F4)']]}, {'sheet_name': 'Component Details', 'rows': [['Component', 'Issue', 'Make', 'Model', 'Affected Units'], ['Airbag', 'Inflator rupture', 'Audi', 'A4', '15000'], ['Brakes', 'Brake fluid leak', 'Volkswagen', 'Golf', '8200'], ['Engine', 'Oil pressure loss', 'Volkswagen', 'Passat', '5100']]}]",,,,,,,,,,,,,,,,,,,,,,,,,,,,,,,,,,,,,,,
nhtsa_api,2026-03-29 21:08:43.947,1.0,raw_recalls,Audi,A4,2020.0,"[{'Manufacturer': 'Volkswagen Group of America, Inc.', 'NHTSACampaignNumber': '22V034000', 'parkIt': False, 'parkOutSide': False, 'overTheAirUpdate': False, 'ReportReceivedDate': '26/01/2022', 'Component': 'TIRES', 'Summary': 'Volkswagen Group of America, Inc. (Audi) is recalling certain 2019-2021 Audi A5 Sportback, RS5 Coupe, RS5 Sportback, S5 Sportback, 2020-2021 A4 Allroad, A4 Sedan, A5 Cabriolet, A5 Coupe, A6 Allroad, A6 Sedan, A7, A8, Q5, S4 Sedan, S5 Coupe, S5 Cabriolet, S6 Sedan, S7, S8, SQ5, 2021 Q5 Sportback, Q7, Q8, RS6 Avant, RS7, RSQ8, SQ5 Sportback, SQ7, and SQ8 vehicles.  The rear axle alignment may not have been inspected after the repairs for Recall 21V-295 (42L1) were performed.', 'Consequence': 'Rear axle misalignment may cause premature or uneven tire wear, increasing the risk of a crash.', 'Remedy': ""Dealers will inspect the rear axle, adjust the alignment as necessary, and replace any prematurely or unevenly worn tires, free of charge.  Owner notification letters were mailed March 3, 2022.  Owners may contact Audi customer service at 1-800-253-2834.  Audi's number for this recall is 42L5."", 'Notes': 'Owners may also contact the National Highway Traffic Safety Administration Vehicle Safety Hotline at 1-888-327-4236 (TTY 1-800-424-9153), or go to www.nhtsa.gov.', 'ModelYear': '2020', 'Make': 'AUDI', 'Model': 'A4'}, {'Manufacturer': 'Volkswagen Group of America, Inc.', 'NHTSACampaignNumber': '21V295000', 'parkIt': False, 'parkOutSide': False, 'overTheAirUpdate': False, 'ReportReceivedDate': '26/04/2021', 'Component': 'SUSPENSION:REAR:AXLE:NON-POWERED AXLE ASSEMBLY', 'Summary': 'Volkswagen Group of America, Inc. (Audi) is recalling certain 2021 Q7, Q8, Q5 Sportback, SQ5 Sportback, RS6 Avant, RS7, RS Q8, 2020-2021 Audi S6 sedan, Q5, A8, S8, A7, A6 Allroad, A5 Cabriolet, A4 sedan, A4 Allroad, SQ5, S7, A6 sedan, S5 coupe, S4 sedan, S5 Cabriolet, A5 coupe, 2019-2021 RS5 coupe, A5 Sportback, S5 Sportback, RS5 Sportback vehicles.  The lock nut on the trailing arm of the rear axle may break due to stress corrosion.', 'Consequence': 'A broken lock nut may misalign the rear axle, causing a loss of control and increasing the risk of a crash.', 'Remedy': ""Dealers will replace the lock nuts and, if necessary, the associated bolts, free of charge.  Owner notification letters were mailed June 4, 2021.  Owners may contact Audi customer service at 1-800-253-2834.  Audi's number for this recall is 42L1."", 'Notes': 'Owners may also contact the National Highway Traffic Safety Administration Vehicle Safety Hotline at 1-888-327-4236 (TTY 1-800-424-9153), or go to www.safercar.gov.', 'ModelYear': '2020', 'Make': 'AUDI', 'Model': 'A4'}, {'Manufacturer': 'Volkswagen Group of America, Inc.', 'NHTSACampaignNumber': '21V874000', 'parkIt': False, 'parkOutSide': False, 'overTheAirUpdate': False, 'ReportReceivedDate': '10/11/2021', 'Component': 'SEATS', 'Summary': 'Volkswagen Group of America, Inc. (Audi) is recalling certain 2017-2020 A4 Allroad, A4 Sedan, 2018-2019 RS5 Coupe, 2019 RS5 Sportback, 2018-2020 A5 Cabriolet, A5 Coupe, A5 Sportback, S4 Sedan, S5 Cabriolet, S5 Coupe, and Audi S5 Sportback vehicles.  The cable connecting the seat heater to the Passenger Occupant Detection System (PODS) may have a contact fault, causing the software to misdiagnose a malfunction and disable the passenger air bag.', 'Consequence': 'A disabled passenger air bag increases the risk of injury in the event of a crash.', 'Remedy': ""Dealers will replace the connecting cable and either the heating mat or entire seat cover, free of charge.  Owner notification letters were mailed January 7, 2022.  Owners may contact Audi customer service at 1-800-253-2834.  Audi's number for this recall is 74E3.  This recall is an expansion of Recall 19V-547 (74D9).  Vehicles previously repaired under 19V-547 will need to return for the new remedy."", 'Notes': 'Owners may also contact the National Highway Traffic Safety Administration Vehicle Safety Hotline at 1-888-327-4236 (TTY 1-800-424-9153), or go to www.nhtsa.gov.', 'ModelYear': '2020', 'Make': 'AUDI', 'Model': 'A4'}]",,,,,,,,,,,,,,,,,,,,,,,,,,,,,,,,,,,,,,,,,,,,,,,,
word_extraction,2026-03-29 21:09:39.097,1.0,raw_recalls,,,,,automotive_report.docx,word,/Users/elmedin.karisiksystemverification.com/Documents/private/Automotive-Industry-Tracker/data/raw/word/automotive_report.docx,2026-03-29T21:09:38.892320,python-docx,,"[{'style': 'Title', 'text': 'Automotive Industry Recall Report 2020'}, {'style': 'Normal', 'text': 'This report provides an overview of vehicle recalls issued in 2020. Data sourced from NHTSA database covering major VW Group vehicles.'}, {'style': 'Heading 1', 'text': 'Recall Overview'}, {'style': 'Normal', 'text': 'In 2020, several VW Group vehicles were subject to safety recalls. The recalls covered issues ranging from airbag defects to engine problems.'}, {'style': 'Heading 2', 'text': 'Table with Borders'}, {'style': 'Heading 2', 'text': 'Table without Borders'}, {'style': 'Heading 1', 'text': 'Two-Column Section'}, {'style': 'Normal', 'text': 'Left Column: Audi A4 had 3 recalls in 2020 including airbag and brake issues.'}, {'style': 'Normal', 'text': 'Right Column: Volkswagen Golf had 2 recalls related to electrical systems.'}]","[{'table_index': 0, 'data': [['Make', 'Model', 'Year', 'Recalls'], ['Audi', 'A4', '2020', '3'], ['Volkswagen', 'Golf', '2020', '2'], ['Volkswagen', 'Passat', '2020', '3']]}, {'table_index': 1, 'data': [['Make', 'Model', 'Year', 'Recalls'], ['Audi', 'A4', '2020', '3'], ['Volkswagen', 'Golf', '2020', '2'], ['Volkswagen', 'Passat', '2020', '3']]}]",,,,,,,,,,,,,,,,,,,,,,,,,,,,,,,,,,,,,,,,
excel_extraction,2026-03-29 21:09:39.199,1.0,raw_recalls,,,,,automotive_data.xlsx,excel,/Users/elmedin.karisiksystemverification.com/Documents/private/Automotive-Industry-Tracker/data/raw/excel/automotive_data.xlsx,2026-03-29T21:09:39.160119,openpyxl,,,,"[{'sheet_name': 'Recall Summary', 'rows': [['Make', 'Model', 'Year', 'Recall Count', 'Affected Units', 'Total Cost (USD)'], ['Audi', 'A4', '2020', '3', '15000', '2500000'], ['Volkswagen', 'Golf', '2020', '2', '8200', '1200000'], ['Volkswagen', 'Passat', '2020', '3', '5100', '980000'], ['TOTAL', '', '', '=SUM(D2:D4)', '=SUM(E2:E4)', '=SUM(F2:F4)']]}, {'sheet_name': 'Component Details', 'rows': [['Component', 'Issue', 'Make', 'Model', 'Affected Units'], ['Airbag', 'Inflator rupture', 'Audi', 'A4', '15000'], ['Brakes', 'Brake fluid leak', 'Volkswagen', 'Golf', '8200'], ['Engine', 'Oil pressure loss', 'Volkswagen', 'Passat', '5100']]}]",,,,,,,,,,,,,,,,,,,,,,,,,,,,,,,,,,,,,,,
nhtsa_api,2026-03-29 21:09:41.322,1.0,raw_recalls,Audi,A4,2020.0,"[{'Manufacturer': 'Volkswagen Group of America, Inc.', 'NHTSACampaignNumber': '22V034000', 'parkIt': False, 'parkOutSide': False, 'overTheAirUpdate': False, 'ReportReceivedDate': '26/01/2022', 'Component': 'TIRES', 'Summary': 'Volkswagen Group of America, Inc. (Audi) is recalling certain 2019-2021 Audi A5 Sportback, RS5 Coupe, RS5 Sportback, S5 Sportback, 2020-2021 A4 Allroad, A4 Sedan, A5 Cabriolet, A5 Coupe, A6 Allroad, A6 Sedan, A7, A8, Q5, S4 Sedan, S5 Coupe, S5 Cabriolet, S6 Sedan, S7, S8, SQ5, 2021 Q5 Sportback, Q7, Q8, RS6 Avant, RS7, RSQ8, SQ5 Sportback, SQ7, and SQ8 vehicles.  The rear axle alignment may not have been inspected after the repairs for Recall 21V-295 (42L1) were performed.', 'Consequence': 'Rear axle misalignment may cause premature or uneven tire wear, increasing the risk of a crash.', 'Remedy': ""Dealers will inspect the rear axle, adjust the alignment as necessary, and replace any prematurely or unevenly worn tires, free of charge.  Owner notification letters were mailed March 3, 2022.  Owners may contact Audi customer service at 1-800-253-2834.  Audi's number for this recall is 42L5."", 'Notes': 'Owners may also contact the National Highway Traffic Safety Administration Vehicle Safety Hotline at 1-888-327-4236 (TTY 1-800-424-9153), or go to www.nhtsa.gov.', 'ModelYear': '2020', 'Make': 'AUDI', 'Model': 'A4'}, {'Manufacturer': 'Volkswagen Group of America, Inc.', 'NHTSACampaignNumber': '21V295000', 'parkIt': False, 'parkOutSide': False, 'overTheAirUpdate': False, 'ReportReceivedDate': '26/04/2021', 'Component': 'SUSPENSION:REAR:AXLE:NON-POWERED AXLE ASSEMBLY', 'Summary': 'Volkswagen Group of America, Inc. (Audi) is recalling certain 2021 Q7, Q8, Q5 Sportback, SQ5 Sportback, RS6 Avant, RS7, RS Q8, 2020-2021 Audi S6 sedan, Q5, A8, S8, A7, A6 Allroad, A5 Cabriolet, A4 sedan, A4 Allroad, SQ5, S7, A6 sedan, S5 coupe, S4 sedan, S5 Cabriolet, A5 coupe, 2019-2021 RS5 coupe, A5 Sportback, S5 Sportback, RS5 Sportback vehicles.  The lock nut on the trailing arm of the rear axle may break due to stress corrosion.', 'Consequence': 'A broken lock nut may misalign the rear axle, causing a loss of control and increasing the risk of a crash.', 'Remedy': ""Dealers will replace the lock nuts and, if necessary, the associated bolts, free of charge.  Owner notification letters were mailed June 4, 2021.  Owners may contact Audi customer service at 1-800-253-2834.  Audi's number for this recall is 42L1."", 'Notes': 'Owners may also contact the National Highway Traffic Safety Administration Vehicle Safety Hotline at 1-888-327-4236 (TTY 1-800-424-9153), or go to www.safercar.gov.', 'ModelYear': '2020', 'Make': 'AUDI', 'Model': 'A4'}, {'Manufacturer': 'Volkswagen Group of America, Inc.', 'NHTSACampaignNumber': '21V874000', 'parkIt': False, 'parkOutSide': False, 'overTheAirUpdate': False, 'ReportReceivedDate': '10/11/2021', 'Component': 'SEATS', 'Summary': 'Volkswagen Group of America, Inc. (Audi) is recalling certain 2017-2020 A4 Allroad, A4 Sedan, 2018-2019 RS5 Coupe, 2019 RS5 Sportback, 2018-2020 A5 Cabriolet, A5 Coupe, A5 Sportback, S4 Sedan, S5 Cabriolet, S5 Coupe, and Audi S5 Sportback vehicles.  The cable connecting the seat heater to the Passenger Occupant Detection System (PODS) may have a contact fault, causing the software to misdiagnose a malfunction and disable the passenger air bag.', 'Consequence': 'A disabled passenger air bag increases the risk of injury in the event of a crash.', 'Remedy': ""Dealers will replace the connecting cable and either the heating mat or entire seat cover, free of charge.  Owner notification letters were mailed January 7, 2022.  Owners may contact Audi customer service at 1-800-253-2834.  Audi's number for this recall is 74E3.  This recall is an expansion of Recall 19V-547 (74D9).  Vehicles previously repaired under 19V-547 will need to return for the new remedy."", 'Notes': 'Owners may also contact the National Highway Traffic Safety Administration Vehicle Safety Hotline at 1-888-327-4236 (TTY 1-800-424-9153), or go to www.nhtsa.gov.', 'ModelYear': '2020', 'Make': 'AUDI', 'Model': 'A4'}]",,,,,,,,,,,,,,,,,,,,,,,,,,,,,,,,,,,,,,,,,,,,,,,,
nhtsa_api,2026-03-29 21:09:41.328,1.0,raw_recalls,Volkswagen,Golf,2020.0,"[{'Manufacturer': 'Volkswagen Group of America, Inc.', 'NHTSACampaignNumber': '22V815000', 'parkIt': False, 'parkOutSide': False, 'overTheAirUpdate': False, 'ReportReceivedDate': '31/10/2022', 'Component': 'TIRES:PRESSURE MONITORING AND REGULATING SYSTEMS', 'Summary': 'Volkswagen Group of America, Inc. (Volkswagen) is recalling certain 2019 Volkswagen Tiguan LWB, Golf Sportswagen A7, Golf Alltrack, Golf R GP, Audi Q3, Audi A3 Cabriolet, 2019-2020 Jetta NF, Jetta GLI, Golf GTI, Atlas, Golf A7, Audi A3, 2020-2021 Atlas Cross Sport, and 2021 Atlas FL vehicles.  The tire pressure monitoring system may not detect an air pressure loss in adequate time when deflating occurs among all four tires simultaneously.  As such, these vehicles fail to comply with the requirements of Federal Motor Vehicle Safety Standard number 138, ""Tire Pressure Monitoring Systems.""', 'Consequence': 'An undetected sudden loss of pressure in all four tires increases the risk of a crash.', 'Remedy': ""Dealers will update the TPMS software, free of charge.  Owner notification letters were mailed November 18, 2022.  Owners may contact Volkswagen's customer service at 1-800-893-5298 or Audi\x92s customer service at 1-800-253-2834.  Volkswagen's numbers for this recall are (Audi) 45J7, and (VW) 45J6 and 45J8."", 'Notes': 'Owners may also contact the National Highway Traffic Safety Administration Vehicle Safety Hotline at 1-888-327-4236 (TTY 1-800-424-9153), or go to www.safercar.gov.', 'ModelYear': '2020', 'Make': 'VOLKSWAGEN', 'Model': 'GOLF'}, {'Manufacturer': 'Volkswagen Group of America, Inc.', 'NHTSACampaignNumber': '24V110000', 'parkIt': False, 'parkOutSide': False, 'overTheAirUpdate': False, 'NHTSAActionNumber': 'RQ23007', 'ReportReceivedDate': '14/02/2024', 'Component': 'FUEL SYSTEM, GASOLINE', 'Summary': 'Volkswagen Group of America, Inc. (Volkswagen) is recalling certain front-wheel drive 2015-2020 Audi A3 Sedan, 2015-2019 Audi A3 Cabriolet, 2019-2020 Volkswagen Jetta GLI, 2018 Golf Sportwagen GP, 2018-2019 Golf Sportwagen A7, 2015-2017 Golf Sportwagen, 2015-2020 Golf GTI, and 2015-2020 Golf A7 vehicles.  Due to a problem with a suction jet pump seal inside the fuel tank, fuel may flow into the evaporative emissions (EVAP) system and possibly leak out of the charcoal canister.', 'Consequence': 'A fuel leak in the presence of an ignition source increases the risk of a fire.', 'Remedy': ""Dealers will replace the suction pump, free of charge.  Final owner notification letters for Audi owners were mailed on July 25, 2024.  Final owner letters for VW owners were mailed on August 13, 2024.  Owners may contact Volkswagen customer service at 1-800-893-5298 or Audi customer service at 1-800-253-2834.  Volkswagen's numbers for this recall are VW: 20UF/Audi: 20YF.  Vehicles that were previously recalled under 16V-647 will need to have the new remedy completed.  This recall expands and replaces previous recall number 16V-647."", 'Notes': 'Owners may also contact the National Highway Traffic Safety Administration Vehicle Safety Hotline at 1-888-327-4236 (TTY 1-800-424-9153), or go to www.nhtsa.gov.', 'ModelYear': '2020', 'Make': 'VOLKSWAGEN', 'Model': 'GOLF'}]",,,,,,,,,,,,,,,,,,,,,,,,,,,,,,,,,,,,,,,,,,,,,,,,
nhtsa_api,2026-03-29 21:09:41.339,1.0,raw_recalls,Volkswagen,Passat,2020.0,"[{'Manufacturer': 'Volkswagen Group of America, Inc.', 'NHTSACampaignNumber': '19V389000', 'parkIt': False, 'parkOutSide': False, 'overTheAirUpdate': False, 'ReportReceivedDate': '22/05/2019', 'Component': 'EXTERIOR LIGHTING:HEADLIGHTS', 'Summary': 'Volkswagen Group of America, Inc. (Volkswagen) is recalling certain 2012-2020 Volkswagen Passat and 2018-2019 Atlas vehicles.  The blocking cap disabling the adjustment of the headlight\'s horizontal aim may not have been installed.  As such, these vehicles fail to conform to Federal Motor Vehicle Safety Standard (FMVSS) number 108, ""Lamps, Reflective Devices, and Associated Equipment.""', 'Consequence': 'Without the blocking cap, the headlight aim can be adjusted out of specification, reducing visibility and increasing the risk of a crash.', 'Remedy': ""Volkswagen will notify owners, and dealers will inspect and, as necessary, block the headlight horizontal adjustment, free of charge.  The recall began July 16, 2019.  Owners may contact Volkswagen customer service at 1-800-253-2834.  Volkswagen's number for this recall is 94L9."", 'Notes': 'Owners may also contact the National Highway Traffic Safety Administration Vehicle Safety Hotline at 1-888-327-4236 (TTY 1-800-424-9153), or go to www.safercar.gov.', 'ModelYear': '2020', 'Make': 'VOLKSWAGEN', 'Model': 'PASSAT'}, {'Manufacturer': 'Volkswagen Group of America, Inc.', 'NHTSACampaignNumber': '19V218000', 'parkIt': False, 'parkOutSide': False, 'overTheAirUpdate': False, 'ReportReceivedDate': '20/03/2019', 'Component': 'AIR BAGS:SIDE/WINDOW', 'Summary': 'Volkswagen Group of America, Inc. (Volkswagen) is recalling certain 2019 Atlas and 2020 Passat vehicles.  An incorrect driver and/or front passenger side impact air bag may have been installed.', 'Consequence': 'In an event of a side impact crash, an incorrect side airbag may not deploy as intended, increasing the risk of injury.', 'Remedy': ""Volkswagen has inspected and replaced the side air bags, free of charge.  The recall was completed in April 2019.  Owners may contact Volkswagen customer service at 1-800-893-5298.  Volkswagen's number for this recall is 69Y8."", 'Notes': 'Owners may also contact the National Highway Traffic Safety Administration Vehicle Safety Hotline at 1-888-327-4236 (TTY 1-800-424-9153), or go to www.safercar.gov.', 'ModelYear': '2020', 'Make': 'VOLKSWAGEN', 'Model': 'PASSAT'}, {'Manufacturer': 'Volkswagen Group of America, Inc.', 'NHTSACampaignNumber': '20V533000', 'parkIt': False, 'parkOutSide': False, 'overTheAirUpdate': False, 'ReportReceivedDate': '02/09/2020', 'Component': 'AIR BAGS:PASSENGER SIDE FRONTAL:CUSHION', 'Summary': 'Volkswagen Group of America, Inc. (Volkswagen) is recalling certain 2020 Passat vehicles.  The passenger frontal air bag may have been folded incorrectly affecting its deployment force.  As such, these vehicles fail to comply with the requirements of Federal Motor Vehicle Safety Standard number 208, ""Occupant Crash Protection.""', 'Consequence': 'An incorrectly folded air bag can deploy with too much force, increasing the risk of injury.', 'Remedy': ""Volkswagen will notify owners, and dealers will replace the passenger frontal air bag, free of charge.  The recall began October 14, 2020.  Owners may contact Volkswagen customer service at 1-888-241-2289.  Volkswagen's number for this recall is 69AY."", 'Notes': 'Owners may also contact the National Highway Traffic Safety Administration Vehicle Safety Hotline at 1-888-327-4236 (TTY 1-800-424-9153), or go to www.safercar.gov.', 'ModelYear': '2020', 'Make': 'VOLKSWAGEN', 'Model': 'PASSAT'}]",,,,,,,,,,,,,,,,,,,,,,,,,,,,,,,,,,,,,,,,,,,,,,,,
pdf_extraction,2026-03-29 21:09:41.366,1.0,raw_recalls,,,,,automotive_report_twocolumn.pdf,pdf,/Users/elmedin.karisiksystemverification.com/Documents/private/Automotive-Industry-Tracker/data/raw/pdf/automotive_report_twocolumn.pdf,2026-03-29T21:09:41.343464,pdfplumber,"[{'page_number': 1, 'text': 'Automotive Two-Column Report\nAudi A4 Recalls Volkswagen Golf Recalls\nThe Audi A4 2020 had 3 recalls related to airbag, The Volkswagen Golf 2020 had 2 recalls related to\nbrake, and engine issues reported to NHTSA. electrical systems and fuel systems.\nComponent Recall Details (with borders)\nComponent Issue Affected Units\nAirbag Inflator rupture 15,000\nBrakes Brake fluid leak 8,200\nEngine Oil pressure loss 5,100\nComponent Recall Details (without borders)\nComponent Issue Affected Units\nAirbag Inflator rupture 15,000\nBrakes Brake fluid leak 8,200\nEngine Oil pressure loss 5,100', 'tables': [[['Component', 'Issue', 'Affected Units'], ['Airbag', 'Inflator rupture', '15,000'], ['Brakes', 'Brake fluid leak', '8,200'], ['Engine', 'Oil pressure loss', '5,100']]]}]",,,,,,,,,,,,,,,,,,,,,,,,,,,,,,,,,,,,,,,,,,
pdf_extraction,2026-03-29 21:09:41.388,1.0,raw_recalls,,,,,automotive_report_normal.pdf,pdf,/Users/elmedin.karisiksystemverification.com/Documents/private/Automotive-Industry-Tracker/data/raw/pdf/automotive_report_normal.pdf,2026-03-29T21:09:41.369863,pdfplumber,"[{'page_number': 1, 'text': 'Automotive Industry Recall Report 2020\nIntroduction\nThis report provides an overview of vehicle recalls issued in 2020 for major automotive brands including\nAudi, Volkswagen, and Skoda. Data sourced from NHTSA.\nRecall Summary Table (with borders)\nMake Model Year Recalls\nAudi A4 2020 3\nVolkswagen Golf 2020 2\nVolkswagen Passat 2020 3\nRecall Summary Table (without borders)\nMake Model Year Recalls\nAudi A4 2020 3\nVolkswagen Golf 2020 2\nVolkswagen Passat 2020 3', 'tables': [[['Make', 'Model', 'Year', 'Recalls'], ['Audi', 'A4', '2020', '3'], ['Volkswagen', 'Golf', '2020', '2'], ['Volkswagen', 'Passat', '2020', '3']]]}]",,,,,,,,,,,,,,,,,,,,,,,,,,,,,,,,,,,,,,,,,,
word_extraction,2026-03-29 21:09:41.594,1.0,raw_recalls,,,,,automotive_report.docx,word,/Users/elmedin.karisiksystemverification.com/Documents/private/Automotive-Industry-Tracker/data/raw/word/automotive_report.docx,2026-03-29T21:09:41.393661,python-docx,,"[{'style': 'Title', 'text': 'Automotive Industry Recall Report 2020'}, {'style': 'Normal', 'text': 'This report provides an overview of vehicle recalls issued in 2020. Data sourced from NHTSA database covering major VW Group vehicles.'}, {'style': 'Heading 1', 'text': 'Recall Overview'}, {'style': 'Normal', 'text': 'In 2020, several VW Group vehicles were subject to safety recalls. The recalls covered issues ranging from airbag defects to engine problems.'}, {'style': 'Heading 2', 'text': 'Table with Borders'}, {'style': 'Heading 2', 'text': 'Table without Borders'}, {'style': 'Heading 1', 'text': 'Two-Column Section'}, {'style': 'Normal', 'text': 'Left Column: Audi A4 had 3 recalls in 2020 including airbag and brake issues.'}, {'style': 'Normal', 'text': 'Right Column: Volkswagen Golf had 2 recalls related to electrical systems.'}]","[{'table_index': 0, 'data': [['Make', 'Model', 'Year', 'Recalls'], ['Audi', 'A4', '2020', '3'], ['Volkswagen', 'Golf', '2020', '2'], ['Volkswagen', 'Passat', '2020', '3']]}, {'table_index': 1, 'data': [['Make', 'Model', 'Year', 'Recalls'], ['Audi', 'A4', '2020', '3'], ['Volkswagen', 'Golf', '2020', '2'], ['Volkswagen', 'Passat', '2020', '3']]}]",,,,,,,,,,,,,,,,,,,,,,,,,,,,,,,,,,,,,,,,
excel_extraction,2026-03-29 21:09:41.632,1.0,raw_recalls,,,,,automotive_data.xlsx,excel,/Users/elmedin.karisiksystemverification.com/Documents/private/Automotive-Industry-Tracker/data/raw/excel/automotive_data.xlsx,2026-03-29T21:09:41.598784,openpyxl,,,,"[{'sheet_name': 'Recall Summary', 'rows': [['Make', 'Model', 'Year', 'Recall Count', 'Affected Units', 'Total Cost (USD)'], ['Audi', 'A4', '2020', '3', '15000', '2500000'], ['Volkswagen', 'Golf', '2020', '2', '8200', '1200000'], ['Volkswagen', 'Passat', '2020', '3', '5100', '980000'], ['TOTAL', '', '', '=SUM(D2:D4)', '=SUM(E2:E4)', '=SUM(F2:F4)']]}, {'sheet_name': 'Component Details', 'rows': [['Component', 'Issue', 'Make', 'Model', 'Affected Units'], ['Airbag', 'Inflator rupture', 'Audi', 'A4', '15000'], ['Brakes', 'Brake fluid leak', 'Volkswagen', 'Golf', '8200'], ['Engine', 'Oil pressure loss', 'Volkswagen', 'Passat', '5100']]}]",,,,,,,,,,,,,,,,,,,,,,,,,,,,,,,,,,,,,,,
word_extraction,2026-04-02 16:22:52.236,1.0,raw_recalls,,,,,automotive_report.docx,word,/Users/elmedin.karisiksystemverification.com/Documents/private/Automotive-Industry-Tracker/data/raw/word/automotive_report.docx,2026-04-02T16:22:52.027374,python-docx,,"[{'style': 'Title', 'text': 'Automotive Industry Recall Report 2020'}, {'style': 'Normal', 'text': 'This report provides an overview of vehicle recalls issued in 2020. Data sourced from NHTSA database covering major VW Group vehicles.'}, {'style': 'Heading 1', 'text': 'Recall Overview'}, {'style': 'Normal', 'text': 'In 2020, several VW Group vehicles were subject to safety recalls. The recalls covered issues ranging from airbag defects to engine problems.'}, {'style': 'Heading 2', 'text': 'Table with Borders'}, {'style': 'Heading 2', 'text': 'Table without Borders'}, {'style': 'Heading 1', 'text': 'Two-Column Section'}, {'style': 'Normal', 'text': 'Left Column: Audi A4 had 3 recalls in 2020 including airbag and brake issues.'}, {'style': 'Normal', 'text': 'Right Column: Volkswagen Golf had 2 recalls related to electrical systems.'}]","[{'table_index': 0, 'data': [['Make', 'Model', 'Year', 'Recalls'], ['Audi', 'A4', '2020', '3'], ['Volkswagen', 'Golf', '2020', '2'], ['Volkswagen', 'Passat', '2020', '3']]}, {'table_index': 1, 'data': [['Make', 'Model', 'Year', 'Recalls'], ['Audi', 'A4', '2020', '3'], ['Volkswagen', 'Golf', '2020', '2'], ['Volkswagen', 'Passat', '2020', '3']]}]",,,,,,,,,,,,,,,,,,,,,,,,,,,,,,,,,,,,,,,,
excel_extraction,2026-04-02 16:22:52.574,1.0,raw_recalls,,,,,automotive_data.xlsx,excel,/Users/elmedin.karisiksystemverification.com/Documents/private/Automotive-Industry-Tracker/data/raw/excel/automotive_data.xlsx,2026-04-02T16:22:52.530199,openpyxl,,,,"[{'sheet_name': 'Recall Summary', 'rows': [['Make', 'Model', 'Year', 'Recall Count', 'Affected Units', 'Total Cost (USD)'], ['Audi', 'A4', '2020', '3', '15000', '2500000'], ['Volkswagen', 'Golf', '2020', '2', '8200', '1200000'], ['Volkswagen', 'Passat', '2020', '3', '5100', '980000'], ['TOTAL', '', '', '=SUM(D2:D4)', '=SUM(E2:E4)', '=SUM(F2:F4)']]}, {'sheet_name': 'Component Details', 'rows': [['Component', 'Issue', 'Make', 'Model', 'Affected Units'], ['Airbag', 'Inflator rupture', 'Audi', 'A4', '15000'], ['Brakes', 'Brake fluid leak', 'Volkswagen', 'Golf', '8200'], ['Engine', 'Oil pressure loss', 'Volkswagen', 'Passat', '5100']]}]",,,,,,,,,,,,,,,,,,,,,,,,,,,,,,,,,,,,,,,
word_extraction,2026-04-02 16:23:42.505,1.0,raw_recalls,,,,,automotive_report.docx,word,/Users/elmedin.karisiksystemverification.com/Documents/private/Automotive-Industry-Tracker/data/raw/word/automotive_report.docx,2026-04-02T16:23:42.296702,python-docx,,"[{'style': 'Title', 'text': 'Automotive Industry Recall Report 2020'}, {'style': 'Normal', 'text': 'This report provides an overview of vehicle recalls issued in 2020. Data sourced from NHTSA database covering major VW Group vehicles.'}, {'style': 'Heading 1', 'text': 'Recall Overview'}, {'style': 'Normal', 'text': 'In 2020, several VW Group vehicles were subject to safety recalls. The recalls covered issues ranging from airbag defects to engine problems.'}, {'style': 'Heading 2', 'text': 'Table with Borders'}, {'style': 'Heading 2', 'text': 'Table without Borders'}, {'style': 'Heading 1', 'text': 'Two-Column Section'}, {'style': 'Normal', 'text': 'Left Column: Audi A4 had 3 recalls in 2020 including airbag and brake issues.'}, {'style': 'Normal', 'text': 'Right Column: Volkswagen Golf had 2 recalls related to electrical systems.'}]","[{'table_index': 0, 'data': [['Make', 'Model', 'Year', 'Recalls'], ['Audi', 'A4', '2020', '3'], ['Volkswagen', 'Golf', '2020', '2'], ['Volkswagen', 'Passat', '2020', '3']]}, {'table_index': 1, 'data': [['Make', 'Model', 'Year', 'Recalls'], ['Audi', 'A4', '2020', '3'], ['Volkswagen', 'Golf', '2020', '2'], ['Volkswagen', 'Passat', '2020', '3']]}]",,,,,,,,,,,,,,,,,,,,,,,,,,,,,,,,,,,,,,,,
excel_extraction,2026-04-02 16:23:42.628,1.0,raw_recalls,,,,,automotive_data.xlsx,excel,/Users/elmedin.karisiksystemverification.com/Documents/private/Automotive-Industry-Tracker/data/raw/excel/automotive_data.xlsx,2026-04-02T16:23:42.589666,openpyxl,,,,"[{'sheet_name': 'Recall Summary', 'rows': [['Make', 'Model', 'Year', 'Recall Count', 'Affected Units', 'Total Cost (USD)'], ['Audi', 'A4', '2020', '3', '15000', '2500000'], ['Volkswagen', 'Golf', '2020', '2', '8200', '1200000'], ['Volkswagen', 'Passat', '2020', '3', '5100', '980000'], ['TOTAL', '', '', '=SUM(D2:D4)', '=SUM(E2:E4)', '=SUM(F2:F4)']]}, {'sheet_name': 'Component Details', 'rows': [['Component', 'Issue', 'Make', 'Model', 'Affected Units'], ['Airbag', 'Inflator rupture', 'Audi', 'A4', '15000'], ['Brakes', 'Brake fluid leak', 'Volkswagen', 'Golf', '8200'], ['Engine', 'Oil pressure loss', 'Volkswagen', 'Passat', '5100']]}]",,,,,,,,,,,,,,,,,,,,,,,,,,,,,,,,,,,,,,,
word_extraction,2026-04-02 16:24:50.094,1.0,raw_recalls,,,,,automotive_report.docx,word,/Users/elmedin.karisiksystemverification.com/Documents/private/Automotive-Industry-Tracker/data/raw/word/automotive_report.docx,2026-04-02T16:24:49.884533,python-docx,,"[{'style': 'Title', 'text': 'Automotive Industry Recall Report 2020'}, {'style': 'Normal', 'text': 'This report provides an overview of vehicle recalls issued in 2020. Data sourced from NHTSA database covering major VW Group vehicles.'}, {'style': 'Heading 1', 'text': 'Recall Overview'}, {'style': 'Normal', 'text': 'In 2020, several VW Group vehicles were subject to safety recalls. The recalls covered issues ranging from airbag defects to engine problems.'}, {'style': 'Heading 2', 'text': 'Table with Borders'}, {'style': 'Heading 2', 'text': 'Table without Borders'}, {'style': 'Heading 1', 'text': 'Two-Column Section'}, {'style': 'Normal', 'text': 'Left Column: Audi A4 had 3 recalls in 2020 including airbag and brake issues.'}, {'style': 'Normal', 'text': 'Right Column: Volkswagen Golf had 2 recalls related to electrical systems.'}]","[{'table_index': 0, 'data': [['Make', 'Model', 'Year', 'Recalls'], ['Audi', 'A4', '2020', '3'], ['Volkswagen', 'Golf', '2020', '2'], ['Volkswagen', 'Passat', '2020', '3']]}, {'table_index': 1, 'data': [['Make', 'Model', 'Year', 'Recalls'], ['Audi', 'A4', '2020', '3'], ['Volkswagen', 'Golf', '2020', '2'], ['Volkswagen', 'Passat', '2020', '3']]}]",,,,,,,,,,,,,,,,,,,,,,,,,,,,,,,,,,,,,,,,
excel_extraction,2026-04-02 16:24:50.225,1.0,raw_recalls,,,,,automotive_data.xlsx,excel,/Users/elmedin.karisiksystemverification.com/Documents/private/Automotive-Industry-Tracker/data/raw/excel/automotive_data.xlsx,2026-04-02T16:24:50.185522,openpyxl,,,,"[{'sheet_name': 'Recall Summary', 'rows': [['Make', 'Model', 'Year', 'Recall Count', 'Affected Units', 'Total Cost (USD)'], ['Audi', 'A4', '2020', '3', '15000', '2500000'], ['Volkswagen', 'Golf', '2020', '2', '8200', '1200000'], ['Volkswagen', 'Passat', '2020', '3', '5100', '980000'], ['TOTAL', '', '', '=SUM(D2:D4)', '=SUM(E2:E4)', '=SUM(F2:F4)']]}, {'sheet_name': 'Component Details', 'rows': [['Component', 'Issue', 'Make', 'Model', 'Affected Units'], ['Airbag', 'Inflator rupture', 'Audi', 'A4', '15000'], ['Brakes', 'Brake fluid leak', 'Volkswagen', 'Golf', '8200'], ['Engine', 'Oil pressure loss', 'Volkswagen', 'Passat', '5100']]}]",,,,,,,,,,,,,,,,,,,,,,,,,,,,,,,,,,,,,,,
nhtsa_api,2026-04-02 16:24:53.384,1.0,raw_recalls,Audi,A4,2020.0,"[{'Manufacturer': 'Volkswagen Group of America, Inc.', 'NHTSACampaignNumber': '22V034000', 'parkIt': False, 'parkOutSide': False, 'overTheAirUpdate': False, 'ReportReceivedDate': '26/01/2022', 'Component': 'TIRES', 'Summary': 'Volkswagen Group of America, Inc. (Audi) is recalling certain 2019-2021 Audi A5 Sportback, RS5 Coupe, RS5 Sportback, S5 Sportback, 2020-2021 A4 Allroad, A4 Sedan, A5 Cabriolet, A5 Coupe, A6 Allroad, A6 Sedan, A7, A8, Q5, S4 Sedan, S5 Coupe, S5 Cabriolet, S6 Sedan, S7, S8, SQ5, 2021 Q5 Sportback, Q7, Q8, RS6 Avant, RS7, RSQ8, SQ5 Sportback, SQ7, and SQ8 vehicles.  The rear axle alignment may not have been inspected after the repairs for Recall 21V-295 (42L1) were performed.', 'Consequence': 'Rear axle misalignment may cause premature or uneven tire wear, increasing the risk of a crash.', 'Remedy': ""Dealers will inspect the rear axle, adjust the alignment as necessary, and replace any prematurely or unevenly worn tires, free of charge.  Owner notification letters were mailed March 3, 2022.  Owners may contact Audi customer service at 1-800-253-2834.  Audi's number for this recall is 42L5."", 'Notes': 'Owners may also contact the National Highway Traffic Safety Administration Vehicle Safety Hotline at 1-888-327-4236 (TTY 1-800-424-9153), or go to www.nhtsa.gov.', 'ModelYear': '2020', 'Make': 'AUDI', 'Model': 'A4'}, {'Manufacturer': 'Volkswagen Group of America, Inc.', 'NHTSACampaignNumber': '21V295000', 'parkIt': False, 'parkOutSide': False, 'overTheAirUpdate': False, 'ReportReceivedDate': '26/04/2021', 'Component': 'SUSPENSION:REAR:AXLE:NON-POWERED AXLE ASSEMBLY', 'Summary': 'Volkswagen Group of America, Inc. (Audi) is recalling certain 2021 Q7, Q8, Q5 Sportback, SQ5 Sportback, RS6 Avant, RS7, RS Q8, 2020-2021 Audi S6 sedan, Q5, A8, S8, A7, A6 Allroad, A5 Cabriolet, A4 sedan, A4 Allroad, SQ5, S7, A6 sedan, S5 coupe, S4 sedan, S5 Cabriolet, A5 coupe, 2019-2021 RS5 coupe, A5 Sportback, S5 Sportback, RS5 Sportback vehicles.  The lock nut on the trailing arm of the rear axle may break due to stress corrosion.', 'Consequence': 'A broken lock nut may misalign the rear axle, causing a loss of control and increasing the risk of a crash.', 'Remedy': ""Dealers will replace the lock nuts and, if necessary, the associated bolts, free of charge.  Owner notification letters were mailed June 4, 2021.  Owners may contact Audi customer service at 1-800-253-2834.  Audi's number for this recall is 42L1."", 'Notes': 'Owners may also contact the National Highway Traffic Safety Administration Vehicle Safety Hotline at 1-888-327-4236 (TTY 1-800-424-9153), or go to www.safercar.gov.', 'ModelYear': '2020', 'Make': 'AUDI', 'Model': 'A4'}, {'Manufacturer': 'Volkswagen Group of America, Inc.', 'NHTSACampaignNumber': '21V874000', 'parkIt': False, 'parkOutSide': False, 'overTheAirUpdate': False, 'ReportReceivedDate': '10/11/2021', 'Component': 'SEATS', 'Summary': 'Volkswagen Group of America, Inc. (Audi) is recalling certain 2017-2020 A4 Allroad, A4 Sedan, 2018-2019 RS5 Coupe, 2019 RS5 Sportback, 2018-2020 A5 Cabriolet, A5 Coupe, A5 Sportback, S4 Sedan, S5 Cabriolet, S5 Coupe, and Audi S5 Sportback vehicles.  The cable connecting the seat heater to the Passenger Occupant Detection System (PODS) may have a contact fault, causing the software to misdiagnose a malfunction and disable the passenger air bag.', 'Consequence': 'A disabled passenger air bag increases the risk of injury in the event of a crash.', 'Remedy': ""Dealers will replace the connecting cable and either the heating mat or entire seat cover, free of charge.  Owner notification letters were mailed January 7, 2022.  Owners may contact Audi customer service at 1-800-253-2834.  Audi's number for this recall is 74E3.  This recall is an expansion of Recall 19V-547 (74D9).  Vehicles previously repaired under 19V-547 will need to return for the new remedy."", 'Notes': 'Owners may also contact the National Highway Traffic Safety Administration Vehicle Safety Hotline at 1-888-327-4236 (TTY 1-800-424-9153), or go to www.nhtsa.gov.', 'ModelYear': '2020', 'Make': 'AUDI', 'Model': 'A4'}]",,,,,,,,,,,,,,,,,,,,,,,,,,,,,,,,,,,,,,,,,,,,,,,,
nhtsa_api,2026-04-02 16:24:53.394,1.0,raw_recalls,Volkswagen,Golf,2020.0,"[{'Manufacturer': 'Volkswagen Group of America, Inc.', 'NHTSACampaignNumber': '22V815000', 'parkIt': False, 'parkOutSide': False, 'overTheAirUpdate': False, 'ReportReceivedDate': '31/10/2022', 'Component': 'TIRES:PRESSURE MONITORING AND REGULATING SYSTEMS', 'Summary': 'Volkswagen Group of America, Inc. (Volkswagen) is recalling certain 2019 Volkswagen Tiguan LWB, Golf Sportswagen A7, Golf Alltrack, Golf R GP, Audi Q3, Audi A3 Cabriolet, 2019-2020 Jetta NF, Jetta GLI, Golf GTI, Atlas, Golf A7, Audi A3, 2020-2021 Atlas Cross Sport, and 2021 Atlas FL vehicles.  The tire pressure monitoring system may not detect an air pressure loss in adequate time when deflating occurs among all four tires simultaneously.  As such, these vehicles fail to comply with the requirements of Federal Motor Vehicle Safety Standard number 138, ""Tire Pressure Monitoring Systems.""', 'Consequence': 'An undetected sudden loss of pressure in all four tires increases the risk of a crash.', 'Remedy': ""Dealers will update the TPMS software, free of charge.  Owner notification letters were mailed November 18, 2022.  Owners may contact Volkswagen's customer service at 1-800-893-5298 or Audi\x92s customer service at 1-800-253-2834.  Volkswagen's numbers for this recall are (Audi) 45J7, and (VW) 45J6 and 45J8."", 'Notes': 'Owners may also contact the National Highway Traffic Safety Administration Vehicle Safety Hotline at 1-888-327-4236 (TTY 1-800-424-9153), or go to www.safercar.gov.', 'ModelYear': '2020', 'Make': 'VOLKSWAGEN', 'Model': 'GOLF'}, {'Manufacturer': 'Volkswagen Group of America, Inc.', 'NHTSACampaignNumber': '24V110000', 'parkIt': False, 'parkOutSide': False, 'overTheAirUpdate': False, 'NHTSAActionNumber': 'RQ23007', 'ReportReceivedDate': '14/02/2024', 'Component': 'FUEL SYSTEM, GASOLINE', 'Summary': 'Volkswagen Group of America, Inc. (Volkswagen) is recalling certain front-wheel drive 2015-2020 Audi A3 Sedan, 2015-2019 Audi A3 Cabriolet, 2019-2020 Volkswagen Jetta GLI, 2018 Golf Sportwagen GP, 2018-2019 Golf Sportwagen A7, 2015-2017 Golf Sportwagen, 2015-2020 Golf GTI, and 2015-2020 Golf A7 vehicles.  Due to a problem with a suction jet pump seal inside the fuel tank, fuel may flow into the evaporative emissions (EVAP) system and possibly leak out of the charcoal canister.', 'Consequence': 'A fuel leak in the presence of an ignition source increases the risk of a fire.', 'Remedy': ""Dealers will replace the suction pump, free of charge.  Final owner notification letters for Audi owners were mailed on July 25, 2024.  Final owner letters for VW owners were mailed on August 13, 2024.  Owners may contact Volkswagen customer service at 1-800-893-5298 or Audi customer service at 1-800-253-2834.  Volkswagen's numbers for this recall are VW: 20UF/Audi: 20YF.  Vehicles that were previously recalled under 16V-647 will need to have the new remedy completed.  This recall expands and replaces previous recall number 16V-647."", 'Notes': 'Owners may also contact the National Highway Traffic Safety Administration Vehicle Safety Hotline at 1-888-327-4236 (TTY 1-800-424-9153), or go to www.nhtsa.gov.', 'ModelYear': '2020', 'Make': 'VOLKSWAGEN', 'Model': 'GOLF'}]",,,,,,,,,,,,,,,,,,,,,,,,,,,,,,,,,,,,,,,,,,,,,,,,
nhtsa_api,2026-04-02 16:24:53.400,1.0,raw_recalls,Volkswagen,Passat,2020.0,"[{'Manufacturer': 'Volkswagen Group of America, Inc.', 'NHTSACampaignNumber': '19V389000', 'parkIt': False, 'parkOutSide': False, 'overTheAirUpdate': False, 'ReportReceivedDate': '22/05/2019', 'Component': 'EXTERIOR LIGHTING:HEADLIGHTS', 'Summary': 'Volkswagen Group of America, Inc. (Volkswagen) is recalling certain 2012-2020 Volkswagen Passat and 2018-2019 Atlas vehicles.  The blocking cap disabling the adjustment of the headlight\'s horizontal aim may not have been installed.  As such, these vehicles fail to conform to Federal Motor Vehicle Safety Standard (FMVSS) number 108, ""Lamps, Reflective Devices, and Associated Equipment.""', 'Consequence': 'Without the blocking cap, the headlight aim can be adjusted out of specification, reducing visibility and increasing the risk of a crash.', 'Remedy': ""Volkswagen will notify owners, and dealers will inspect and, as necessary, block the headlight horizontal adjustment, free of charge.  The recall began July 16, 2019.  Owners may contact Volkswagen customer service at 1-800-253-2834.  Volkswagen's number for this recall is 94L9."", 'Notes': 'Owners may also contact the National Highway Traffic Safety Administration Vehicle Safety Hotline at 1-888-327-4236 (TTY 1-800-424-9153), or go to www.safercar.gov.', 'ModelYear': '2020', 'Make': 'VOLKSWAGEN', 'Model': 'PASSAT'}, {'Manufacturer': 'Volkswagen Group of America, Inc.', 'NHTSACampaignNumber': '19V218000', 'parkIt': False, 'parkOutSide': False, 'overTheAirUpdate': False, 'ReportReceivedDate': '20/03/2019', 'Component': 'AIR BAGS:SIDE/WINDOW', 'Summary': 'Volkswagen Group of America, Inc. (Volkswagen) is recalling certain 2019 Atlas and 2020 Passat vehicles.  An incorrect driver and/or front passenger side impact air bag may have been installed.', 'Consequence': 'In an event of a side impact crash, an incorrect side airbag may not deploy as intended, increasing the risk of injury.', 'Remedy': ""Volkswagen has inspected and replaced the side air bags, free of charge.  The recall was completed in April 2019.  Owners may contact Volkswagen customer service at 1-800-893-5298.  Volkswagen's number for this recall is 69Y8."", 'Notes': 'Owners may also contact the National Highway Traffic Safety Administration Vehicle Safety Hotline at 1-888-327-4236 (TTY 1-800-424-9153), or go to www.safercar.gov.', 'ModelYear': '2020', 'Make': 'VOLKSWAGEN', 'Model': 'PASSAT'}, {'Manufacturer': 'Volkswagen Group of America, Inc.', 'NHTSACampaignNumber': '20V533000', 'parkIt': False, 'parkOutSide': False, 'overTheAirUpdate': False, 'ReportReceivedDate': '02/09/2020', 'Component': 'AIR BAGS:PASSENGER SIDE FRONTAL:CUSHION', 'Summary': 'Volkswagen Group of America, Inc. (Volkswagen) is recalling certain 2020 Passat vehicles.  The passenger frontal air bag may have been folded incorrectly affecting its deployment force.  As such, these vehicles fail to comply with the requirements of Federal Motor Vehicle Safety Standard number 208, ""Occupant Crash Protection.""', 'Consequence': 'An incorrectly folded air bag can deploy with too much force, increasing the risk of injury.', 'Remedy': ""Volkswagen will notify owners, and dealers will replace the passenger frontal air bag, free of charge.  The recall began October 14, 2020.  Owners may contact Volkswagen customer service at 1-888-241-2289.  Volkswagen's number for this recall is 69AY."", 'Notes': 'Owners may also contact the National Highway Traffic Safety Administration Vehicle Safety Hotline at 1-888-327-4236 (TTY 1-800-424-9153), or go to www.safercar.gov.', 'ModelYear': '2020', 'Make': 'VOLKSWAGEN', 'Model': 'PASSAT'}]",,,,,,,,,,,,,,,,,,,,,,,,,,,,,,,,,,,,,,,,,,,,,,,,
pdf_extraction,2026-04-02 16:24:53.439,1.0,raw_recalls,,,,,automotive_report_twocolumn.pdf,pdf,/Users/elmedin.karisiksystemverification.com/Documents/private/Automotive-Industry-Tracker/data/raw/pdf/automotive_report_twocolumn.pdf,2026-04-02T16:24:53.409740,pdfplumber,"[{'page_number': 1, 'text': 'Automotive Two-Column Report\nAudi A4 Recalls Volkswagen Golf Recalls\nThe Audi A4 2020 had 3 recalls related to airbag, The Volkswagen Golf 2020 had 2 recalls related to\nbrake, and engine issues reported to NHTSA. electrical systems and fuel systems.\nComponent Recall Details (with borders)\nComponent Issue Affected Units\nAirbag Inflator rupture 15,000\nBrakes Brake fluid leak 8,200\nEngine Oil pressure loss 5,100\nComponent Recall Details (without borders)\nComponent Issue Affected Units\nAirbag Inflator rupture 15,000\nBrakes Brake fluid leak 8,200\nEngine Oil pressure loss 5,100', 'tables': [[['Component', 'Issue', 'Affected Units'], ['Airbag', 'Inflator rupture', '15,000'], ['Brakes', 'Brake fluid leak', '8,200'], ['Engine', 'Oil pressure loss', '5,100']]]}]",,,,,,,,,,,,,,,,,,,,,,,,,,,,,,,,,,,,,,,,,,
pdf_extraction,2026-04-02 16:24:53.462,1.0,raw_recalls,,,,,automotive_report_normal.pdf,pdf,/Users/elmedin.karisiksystemverification.com/Documents/private/Automotive-Industry-Tracker/data/raw/pdf/automotive_report_normal.pdf,2026-04-02T16:24:53.442776,pdfplumber,"[{'page_number': 1, 'text': 'Automotive Industry Recall Report 2020\nIntroduction\nThis report provides an overview of vehicle recalls issued in 2020 for major automotive brands including\nAudi, Volkswagen, and Skoda. Data sourced from NHTSA.\nRecall Summary Table (with borders)\nMake Model Year Recalls\nAudi A4 2020 3\nVolkswagen Golf 2020 2\nVolkswagen Passat 2020 3\nRecall Summary Table (without borders)\nMake Model Year Recalls\nAudi A4 2020 3\nVolkswagen Golf 2020 2\nVolkswagen Passat 2020 3', 'tables': [[['Make', 'Model', 'Year', 'Recalls'], ['Audi', 'A4', '2020', '3'], ['Volkswagen', 'Golf', '2020', '2'], ['Volkswagen', 'Passat', '2020', '3']]]}]",,,,,,,,,,,,,,,,,,,,,,,,,,,,,,,,,,,,,,,,,,
word_extraction,2026-04-02 16:24:53.665,1.0,raw_recalls,,,,,automotive_report.docx,word,/Users/elmedin.karisiksystemverification.com/Documents/private/Automotive-Industry-Tracker/data/raw/word/automotive_report.docx,2026-04-02T16:24:53.466342,python-docx,,"[{'style': 'Title', 'text': 'Automotive Industry Recall Report 2020'}, {'style': 'Normal', 'text': 'This report provides an overview of vehicle recalls issued in 2020. Data sourced from NHTSA database covering major VW Group vehicles.'}, {'style': 'Heading 1', 'text': 'Recall Overview'}, {'style': 'Normal', 'text': 'In 2020, several VW Group vehicles were subject to safety recalls. The recalls covered issues ranging from airbag defects to engine problems.'}, {'style': 'Heading 2', 'text': 'Table with Borders'}, {'style': 'Heading 2', 'text': 'Table without Borders'}, {'style': 'Heading 1', 'text': 'Two-Column Section'}, {'style': 'Normal', 'text': 'Left Column: Audi A4 had 3 recalls in 2020 including airbag and brake issues.'}, {'style': 'Normal', 'text': 'Right Column: Volkswagen Golf had 2 recalls related to electrical systems.'}]","[{'table_index': 0, 'data': [['Make', 'Model', 'Year', 'Recalls'], ['Audi', 'A4', '2020', '3'], ['Volkswagen', 'Golf', '2020', '2'], ['Volkswagen', 'Passat', '2020', '3']]}, {'table_index': 1, 'data': [['Make', 'Model', 'Year', 'Recalls'], ['Audi', 'A4', '2020', '3'], ['Volkswagen', 'Golf', '2020', '2'], ['Volkswagen', 'Passat', '2020', '3']]}]",,,,,,,,,,,,,,,,,,,,,,,,,,,,,,,,,,,,,,,,
excel_extraction,2026-04-02 16:24:53.705,1.0,raw_recalls,,,,,automotive_data.xlsx,excel,/Users/elmedin.karisiksystemverification.com/Documents/private/Automotive-Industry-Tracker/data/raw/excel/automotive_data.xlsx,2026-04-02T16:24:53.670497,openpyxl,,,,"[{'sheet_name': 'Recall Summary', 'rows': [['Make', 'Model', 'Year', 'Recall Count', 'Affected Units', 'Total Cost (USD)'], ['Audi', 'A4', '2020', '3', '15000', '2500000'], ['Volkswagen', 'Golf', '2020', '2', '8200', '1200000'], ['Volkswagen', 'Passat', '2020', '3', '5100', '980000'], ['TOTAL', '', '', '=SUM(D2:D4)', '=SUM(E2:E4)', '=SUM(F2:F4)']]}, {'sheet_name': 'Component Details', 'rows': [['Component', 'Issue', 'Make', 'Model', 'Affected Units'], ['Airbag', 'Inflator rupture', 'Audi', 'A4', '15000'], ['Brakes', 'Brake fluid leak', 'Volkswagen', 'Golf', '8200'], ['Engine', 'Oil pressure loss', 'Volkswagen', 'Passat', '5100']]}]",,,,,,,,,,,,,,,,,,,,,,,,,,,,,,,,,,,,,,,
dynamic_scraping,2026-04-02 16:24:55.801,1.0,raw_recalls,Audi,A4,2020.0,"[{'Manufacturer': 'Volkswagen Group of America, Inc.', 'NHTSACampaignNumber': '22V034000', 'parkIt': False, 'parkOutSide': False, 'overTheAirUpdate': False, 'ReportReceivedDate': '26/01/2022', 'Component': 'TIRES', 'Summary': 'Volkswagen Group of America, Inc. (Audi) is recalling certain 2019-2021 Audi A5 Sportback, RS5 Coupe, RS5 Sportback, S5 Sportback, 2020-2021 A4 Allroad, A4 Sedan, A5 Cabriolet, A5 Coupe, A6 Allroad, A6 Sedan, A7, A8, Q5, S4 Sedan, S5 Coupe, S5 Cabriolet, S6 Sedan, S7, S8, SQ5, 2021 Q5 Sportback, Q7, Q8, RS6 Avant, RS7, RSQ8, SQ5 Sportback, SQ7, and SQ8 vehicles.  The rear axle alignment may not have been inspected after the repairs for Recall 21V-295 (42L1) were performed.', 'Consequence': 'Rear axle misalignment may cause premature or uneven tire wear, increasing the risk of a crash.', 'Remedy': ""Dealers will inspect the rear axle, adjust the alignment as necessary, and replace any prematurely or unevenly worn tires, free of charge.  Owner notification letters were mailed March 3, 2022.  Owners may contact Audi customer service at 1-800-253-2834.  Audi's number for this recall is 42L5."", 'Notes': 'Owners may also contact the National Highway Traffic Safety Administration Vehicle Safety Hotline at 1-888-327-4236 (TTY 1-800-424-9153), or go to www.nhtsa.gov.', 'ModelYear': '2020', 'Make': 'AUDI', 'Model': 'A4'}, {'Manufacturer': 'Volkswagen Group of America, Inc.', 'NHTSACampaignNumber': '21V295000', 'parkIt': False, 'parkOutSide': False, 'overTheAirUpdate': False, 'ReportReceivedDate': '26/04/2021', 'Component': 'SUSPENSION:REAR:AXLE:NON-POWERED AXLE ASSEMBLY', 'Summary': 'Volkswagen Group of America, Inc. (Audi) is recalling certain 2021 Q7, Q8, Q5 Sportback, SQ5 Sportback, RS6 Avant, RS7, RS Q8, 2020-2021 Audi S6 sedan, Q5, A8, S8, A7, A6 Allroad, A5 Cabriolet, A4 sedan, A4 Allroad, SQ5, S7, A6 sedan, S5 coupe, S4 sedan, S5 Cabriolet, A5 coupe, 2019-2021 RS5 coupe, A5 Sportback, S5 Sportback, RS5 Sportback vehicles.  The lock nut on the trailing arm of the rear axle may break due to stress corrosion.', 'Consequence': 'A broken lock nut may misalign the rear axle, causing a loss of control and increasing the risk of a crash.', 'Remedy': ""Dealers will replace the lock nuts and, if necessary, the associated bolts, free of charge.  Owner notification letters were mailed June 4, 2021.  Owners may contact Audi customer service at 1-800-253-2834.  Audi's number for this recall is 42L1."", 'Notes': 'Owners may also contact the National Highway Traffic Safety Administration Vehicle Safety Hotline at 1-888-327-4236 (TTY 1-800-424-9153), or go to www.safercar.gov.', 'ModelYear': '2020', 'Make': 'AUDI', 'Model': 'A4'}, {'Manufacturer': 'Volkswagen Group of America, Inc.', 'NHTSACampaignNumber': '21V874000', 'parkIt': False, 'parkOutSide': False, 'overTheAirUpdate': False, 'ReportReceivedDate': '10/11/2021', 'Component': 'SEATS', 'Summary': 'Volkswagen Group of America, Inc. (Audi) is recalling certain 2017-2020 A4 Allroad, A4 Sedan, 2018-2019 RS5 Coupe, 2019 RS5 Sportback, 2018-2020 A5 Cabriolet, A5 Coupe, A5 Sportback, S4 Sedan, S5 Cabriolet, S5 Coupe, and Audi S5 Sportback vehicles.  The cable connecting the seat heater to the Passenger Occupant Detection System (PODS) may have a contact fault, causing the software to misdiagnose a malfunction and disable the passenger air bag.', 'Consequence': 'A disabled passenger air bag increases the risk of injury in the event of a crash.', 'Remedy': ""Dealers will replace the connecting cable and either the heating mat or entire seat cover, free of charge.  Owner notification letters were mailed January 7, 2022.  Owners may contact Audi customer service at 1-800-253-2834.  Audi's number for this recall is 74E3.  This recall is an expansion of Recall 19V-547 (74D9).  Vehicles previously repaired under 19V-547 will need to return for the new remedy."", 'Notes': 'Owners may also contact the National Highway Traffic Safety Administration Vehicle Safety Hotline at 1-888-327-4236 (TTY 1-800-424-9153), or go to www.nhtsa.gov.', 'ModelYear': '2020', 'Make': 'AUDI', 'Model': 'A4'}]",,,https://api.nhtsa.gov/recalls/recallsByVehicle?make=Audi&model=A4&modelYear=2020,,,,,,,2026-04-02T16:24:55.792139,json_api,,,,,,,,,,,,,,,,,,,,,,,,,,,,,,,,,,,,,
dynamic_scraping,2026-04-02 16:24:57.593,1.0,raw_recalls,Volkswagen,Golf,2020.0,"[{'Manufacturer': 'Volkswagen Group of America, Inc.', 'NHTSACampaignNumber': '22V815000', 'parkIt': False, 'parkOutSide': False, 'overTheAirUpdate': False, 'ReportReceivedDate': '31/10/2022', 'Component': 'TIRES:PRESSURE MONITORING AND REGULATING SYSTEMS', 'Summary': 'Volkswagen Group of America, Inc. (Volkswagen) is recalling certain 2019 Volkswagen Tiguan LWB, Golf Sportswagen A7, Golf Alltrack, Golf R GP, Audi Q3, Audi A3 Cabriolet, 2019-2020 Jetta NF, Jetta GLI, Golf GTI, Atlas, Golf A7, Audi A3, 2020-2021 Atlas Cross Sport, and 2021 Atlas FL vehicles.  The tire pressure monitoring system may not detect an air pressure loss in adequate time when deflating occurs among all four tires simultaneously.  As such, these vehicles fail to comply with the requirements of Federal Motor Vehicle Safety Standard number 138, ""Tire Pressure Monitoring Systems.""', 'Consequence': 'An undetected sudden loss of pressure in all four tires increases the risk of a crash.', 'Remedy': ""Dealers will update the TPMS software, free of charge.  Owner notification letters were mailed November 18, 2022.  Owners may contact Volkswagen's customer service at 1-800-893-5298 or Audi\x92s customer service at 1-800-253-2834.  Volkswagen's numbers for this recall are (Audi) 45J7, and (VW) 45J6 and 45J8."", 'Notes': 'Owners may also contact the National Highway Traffic Safety Administration Vehicle Safety Hotline at 1-888-327-4236 (TTY 1-800-424-9153), or go to www.safercar.gov.', 'ModelYear': '2020', 'Make': 'VOLKSWAGEN', 'Model': 'GOLF'}, {'Manufacturer': 'Volkswagen Group of America, Inc.', 'NHTSACampaignNumber': '24V110000', 'parkIt': False, 'parkOutSide': False, 'overTheAirUpdate': False, 'NHTSAActionNumber': 'RQ23007', 'ReportReceivedDate': '14/02/2024', 'Component': 'FUEL SYSTEM, GASOLINE', 'Summary': 'Volkswagen Group of America, Inc. (Volkswagen) is recalling certain front-wheel drive 2015-2020 Audi A3 Sedan, 2015-2019 Audi A3 Cabriolet, 2019-2020 Volkswagen Jetta GLI, 2018 Golf Sportwagen GP, 2018-2019 Golf Sportwagen A7, 2015-2017 Golf Sportwagen, 2015-2020 Golf GTI, and 2015-2020 Golf A7 vehicles.  Due to a problem with a suction jet pump seal inside the fuel tank, fuel may flow into the evaporative emissions (EVAP) system and possibly leak out of the charcoal canister.', 'Consequence': 'A fuel leak in the presence of an ignition source increases the risk of a fire.', 'Remedy': ""Dealers will replace the suction pump, free of charge.  Final owner notification letters for Audi owners were mailed on July 25, 2024.  Final owner letters for VW owners were mailed on August 13, 2024.  Owners may contact Volkswagen customer service at 1-800-893-5298 or Audi customer service at 1-800-253-2834.  Volkswagen's numbers for this recall are VW: 20UF/Audi: 20YF.  Vehicles that were previously recalled under 16V-647 will need to have the new remedy completed.  This recall expands and replaces previous recall number 16V-647."", 'Notes': 'Owners may also contact the National Highway Traffic Safety Administration Vehicle Safety Hotline at 1-888-327-4236 (TTY 1-800-424-9153), or go to www.nhtsa.gov.', 'ModelYear': '2020', 'Make': 'VOLKSWAGEN', 'Model': 'GOLF'}]",,,https://api.nhtsa.gov/recalls/recallsByVehicle?make=Volkswagen&model=Golf&modelYear=2020,,,,,,,2026-04-02T16:24:57.590670,json_api,,,,,,,,,,,,,,,,,,,,,,,,,,,,,,,,,,,,,
dynamic_scraping,2026-04-02 16:24:59.399,1.0,raw_recalls,Volkswagen,Passat,2020.0,"[{'Manufacturer': 'Volkswagen Group of America, Inc.', 'NHTSACampaignNumber': '19V389000', 'parkIt': False, 'parkOutSide': False, 'overTheAirUpdate': False, 'ReportReceivedDate': '22/05/2019', 'Component': 'EXTERIOR LIGHTING:HEADLIGHTS', 'Summary': 'Volkswagen Group of America, Inc. (Volkswagen) is recalling certain 2012-2020 Volkswagen Passat and 2018-2019 Atlas vehicles.  The blocking cap disabling the adjustment of the headlight\'s horizontal aim may not have been installed.  As such, these vehicles fail to conform to Federal Motor Vehicle Safety Standard (FMVSS) number 108, ""Lamps, Reflective Devices, and Associated Equipment.""', 'Consequence': 'Without the blocking cap, the headlight aim can be adjusted out of specification, reducing visibility and increasing the risk of a crash.', 'Remedy': ""Volkswagen will notify owners, and dealers will inspect and, as necessary, block the headlight horizontal adjustment, free of charge.  The recall began July 16, 2019.  Owners may contact Volkswagen customer service at 1-800-253-2834.  Volkswagen's number for this recall is 94L9."", 'Notes': 'Owners may also contact the National Highway Traffic Safety Administration Vehicle Safety Hotline at 1-888-327-4236 (TTY 1-800-424-9153), or go to www.safercar.gov.', 'ModelYear': '2020', 'Make': 'VOLKSWAGEN', 'Model': 'PASSAT'}, {'Manufacturer': 'Volkswagen Group of America, Inc.', 'NHTSACampaignNumber': '19V218000', 'parkIt': False, 'parkOutSide': False, 'overTheAirUpdate': False, 'ReportReceivedDate': '20/03/2019', 'Component': 'AIR BAGS:SIDE/WINDOW', 'Summary': 'Volkswagen Group of America, Inc. (Volkswagen) is recalling certain 2019 Atlas and 2020 Passat vehicles.  An incorrect driver and/or front passenger side impact air bag may have been installed.', 'Consequence': 'In an event of a side impact crash, an incorrect side airbag may not deploy as intended, increasing the risk of injury.', 'Remedy': ""Volkswagen has inspected and replaced the side air bags, free of charge.  The recall was completed in April 2019.  Owners may contact Volkswagen customer service at 1-800-893-5298.  Volkswagen's number for this recall is 69Y8."", 'Notes': 'Owners may also contact the National Highway Traffic Safety Administration Vehicle Safety Hotline at 1-888-327-4236 (TTY 1-800-424-9153), or go to www.safercar.gov.', 'ModelYear': '2020', 'Make': 'VOLKSWAGEN', 'Model': 'PASSAT'}, {'Manufacturer': 'Volkswagen Group of America, Inc.', 'NHTSACampaignNumber': '20V533000', 'parkIt': False, 'parkOutSide': False, 'overTheAirUpdate': False, 'ReportReceivedDate': '02/09/2020', 'Component': 'AIR BAGS:PASSENGER SIDE FRONTAL:CUSHION', 'Summary': 'Volkswagen Group of America, Inc. (Volkswagen) is recalling certain 2020 Passat vehicles.  The passenger frontal air bag may have been folded incorrectly affecting its deployment force.  As such, these vehicles fail to comply with the requirements of Federal Motor Vehicle Safety Standard number 208, ""Occupant Crash Protection.""', 'Consequence': 'An incorrectly folded air bag can deploy with too much force, increasing the risk of injury.', 'Remedy': ""Volkswagen will notify owners, and dealers will replace the passenger frontal air bag, free of charge.  The recall began October 14, 2020.  Owners may contact Volkswagen customer service at 1-888-241-2289.  Volkswagen's number for this recall is 69AY."", 'Notes': 'Owners may also contact the National Highway Traffic Safety Administration Vehicle Safety Hotline at 1-888-327-4236 (TTY 1-800-424-9153), or go to www.safercar.gov.', 'ModelYear': '2020', 'Make': 'VOLKSWAGEN', 'Model': 'PASSAT'}]",,,https://api.nhtsa.gov/recalls/recallsByVehicle?make=Volkswagen&model=Passat&modelYear=2020,,,,,,,2026-04-02T16:24:59.395532,json_api,,,,,,,,,,,,,,,,,,,,,,,,,,,,,,,,,,,,,
ocr_image,2026-04-02 16:25:05.573,1.0,raw_recalls,,,,,test_scan.png,image_ocr,/Users/elmedin.karisiksystemverification.com/Documents/private/Automotive-Industry-Tracker/data/raw/images/test_scan.png,2026-04-02T16:25:05.570151,pytesseract,,,,,,,"The 2022 Audi RS6 Avant is a high-performance wagon that combines supercar power with everyday practicality. Under the hood, it boasts a 4.0-liter twin-turbocharged V8 engine
producing 591 horsepower and 590 Ib-ft of torque, enabling a 0-60 mph time of just 3.5 seconds. Equipped with Audi's Quattro all-wheel-drive system, adaptive air suspension, and dynamic
Steering, the RS6 delivers exceptional handling and comfort. Its aggressive design features wide fenders, a black honeycomb grille, and large oval exhaust tips, giving it a commanding
Toad presence, With a luxurious, tech-filled interior and ample cargo space, the RSG Avant is the ultimate blend of performance, luxury, and practicality.

Engine: 4.01 V8 Top speed: 190mph
Power: 591bhp 0-60: 31sec
Torque: 799nm Year: 2022
Weight: 2,282kg Country: German
","Cnnr RS6

The 2022 Audi RSG Avant is a high-performance wagon that combines supercar power with everyday practicality. Under the hood, it boasts a 4.0-liter twin-turbocharged V8 engine
producing 591 horsepower and 590 Ib-ft of torque, enabling a 0-60 mph time of just 3.5 seconds. Equipped with Audi's Quattro all-wheel-drive system, adaptive air suspension, and dynamic
steering, the RSG delivers exceptional handling and comfort. Its aggressive design features wide fenders, a black honeycomb grille, and large oval exhaust tips, giving it a commanding
road presence, With a luxurious, tech-filled interior and ample cargo space, the RS6 Avant is the ultimate blend of performance, luxury, and practicality.

Engine: 4.01 V8 Top speed: 190mph
Power: 591bhp 0-60: 31sec
Torque: 799nm Year: 2022
Weight: 2,282kg Country: German

",,,,,,,,,,,,,,,,,,,,,,,,,,,,,,,,,,,
word_extraction,2026-04-02 16:26:47.010,1.0,raw_recalls,,,,,automotive_report.docx,word,/Users/elmedin.karisiksystemverification.com/Documents/private/Automotive-Industry-Tracker/data/raw/word/automotive_report.docx,2026-04-02T16:26:46.800586,python-docx,,"[{'style': 'Title', 'text': 'Automotive Industry Recall Report 2020'}, {'style': 'Normal', 'text': 'This report provides an overview of vehicle recalls issued in 2020. Data sourced from NHTSA database covering major VW Group vehicles.'}, {'style': 'Heading 1', 'text': 'Recall Overview'}, {'style': 'Normal', 'text': 'In 2020, several VW Group vehicles were subject to safety recalls. The recalls covered issues ranging from airbag defects to engine problems.'}, {'style': 'Heading 2', 'text': 'Table with Borders'}, {'style': 'Heading 2', 'text': 'Table without Borders'}, {'style': 'Heading 1', 'text': 'Two-Column Section'}, {'style': 'Normal', 'text': 'Left Column: Audi A4 had 3 recalls in 2020 including airbag and brake issues.'}, {'style': 'Normal', 'text': 'Right Column: Volkswagen Golf had 2 recalls related to electrical systems.'}]","[{'table_index': 0, 'data': [['Make', 'Model', 'Year', 'Recalls'], ['Audi', 'A4', '2020', '3'], ['Volkswagen', 'Golf', '2020', '2'], ['Volkswagen', 'Passat', '2020', '3']]}, {'table_index': 1, 'data': [['Make', 'Model', 'Year', 'Recalls'], ['Audi', 'A4', '2020', '3'], ['Volkswagen', 'Golf', '2020', '2'], ['Volkswagen', 'Passat', '2020', '3']]}]",,,,,,,,,,,,,,,,,,,,,,,,,,,,,,,,,,,,,,,,
excel_extraction,2026-04-02 16:26:47.147,1.0,raw_recalls,,,,,automotive_data.xlsx,excel,/Users/elmedin.karisiksystemverification.com/Documents/private/Automotive-Industry-Tracker/data/raw/excel/automotive_data.xlsx,2026-04-02T16:26:47.107735,openpyxl,,,,"[{'sheet_name': 'Recall Summary', 'rows': [['Make', 'Model', 'Year', 'Recall Count', 'Affected Units', 'Total Cost (USD)'], ['Audi', 'A4', '2020', '3', '15000', '2500000'], ['Volkswagen', 'Golf', '2020', '2', '8200', '1200000'], ['Volkswagen', 'Passat', '2020', '3', '5100', '980000'], ['TOTAL', '', '', '=SUM(D2:D4)', '=SUM(E2:E4)', '=SUM(F2:F4)']]}, {'sheet_name': 'Component Details', 'rows': [['Component', 'Issue', 'Make', 'Model', 'Affected Units'], ['Airbag', 'Inflator rupture', 'Audi', 'A4', '15000'], ['Brakes', 'Brake fluid leak', 'Volkswagen', 'Golf', '8200'], ['Engine', 'Oil pressure loss', 'Volkswagen', 'Passat', '5100']]}]",,,,,,,,,,,,,,,,,,,,,,,,,,,,,,,,,,,,,,,
nhtsa_api,2026-04-02 16:26:49.583,1.0,raw_recalls,Audi,A4,2020.0,"[{'Manufacturer': 'Volkswagen Group of America, Inc.', 'NHTSACampaignNumber': '22V034000', 'parkIt': False, 'parkOutSide': False, 'overTheAirUpdate': False, 'ReportReceivedDate': '26/01/2022', 'Component': 'TIRES', 'Summary': 'Volkswagen Group of America, Inc. (Audi) is recalling certain 2019-2021 Audi A5 Sportback, RS5 Coupe, RS5 Sportback, S5 Sportback, 2020-2021 A4 Allroad, A4 Sedan, A5 Cabriolet, A5 Coupe, A6 Allroad, A6 Sedan, A7, A8, Q5, S4 Sedan, S5 Coupe, S5 Cabriolet, S6 Sedan, S7, S8, SQ5, 2021 Q5 Sportback, Q7, Q8, RS6 Avant, RS7, RSQ8, SQ5 Sportback, SQ7, and SQ8 vehicles.  The rear axle alignment may not have been inspected after the repairs for Recall 21V-295 (42L1) were performed.', 'Consequence': 'Rear axle misalignment may cause premature or uneven tire wear, increasing the risk of a crash.', 'Remedy': ""Dealers will inspect the rear axle, adjust the alignment as necessary, and replace any prematurely or unevenly worn tires, free of charge.  Owner notification letters were mailed March 3, 2022.  Owners may contact Audi customer service at 1-800-253-2834.  Audi's number for this recall is 42L5."", 'Notes': 'Owners may also contact the National Highway Traffic Safety Administration Vehicle Safety Hotline at 1-888-327-4236 (TTY 1-800-424-9153), or go to www.nhtsa.gov.', 'ModelYear': '2020', 'Make': 'AUDI', 'Model': 'A4'}, {'Manufacturer': 'Volkswagen Group of America, Inc.', 'NHTSACampaignNumber': '21V295000', 'parkIt': False, 'parkOutSide': False, 'overTheAirUpdate': False, 'ReportReceivedDate': '26/04/2021', 'Component': 'SUSPENSION:REAR:AXLE:NON-POWERED AXLE ASSEMBLY', 'Summary': 'Volkswagen Group of America, Inc. (Audi) is recalling certain 2021 Q7, Q8, Q5 Sportback, SQ5 Sportback, RS6 Avant, RS7, RS Q8, 2020-2021 Audi S6 sedan, Q5, A8, S8, A7, A6 Allroad, A5 Cabriolet, A4 sedan, A4 Allroad, SQ5, S7, A6 sedan, S5 coupe, S4 sedan, S5 Cabriolet, A5 coupe, 2019-2021 RS5 coupe, A5 Sportback, S5 Sportback, RS5 Sportback vehicles.  The lock nut on the trailing arm of the rear axle may break due to stress corrosion.', 'Consequence': 'A broken lock nut may misalign the rear axle, causing a loss of control and increasing the risk of a crash.', 'Remedy': ""Dealers will replace the lock nuts and, if necessary, the associated bolts, free of charge.  Owner notification letters were mailed June 4, 2021.  Owners may contact Audi customer service at 1-800-253-2834.  Audi's number for this recall is 42L1."", 'Notes': 'Owners may also contact the National Highway Traffic Safety Administration Vehicle Safety Hotline at 1-888-327-4236 (TTY 1-800-424-9153), or go to www.safercar.gov.', 'ModelYear': '2020', 'Make': 'AUDI', 'Model': 'A4'}, {'Manufacturer': 'Volkswagen Group of America, Inc.', 'NHTSACampaignNumber': '21V874000', 'parkIt': False, 'parkOutSide': False, 'overTheAirUpdate': False, 'ReportReceivedDate': '10/11/2021', 'Component': 'SEATS', 'Summary': 'Volkswagen Group of America, Inc. (Audi) is recalling certain 2017-2020 A4 Allroad, A4 Sedan, 2018-2019 RS5 Coupe, 2019 RS5 Sportback, 2018-2020 A5 Cabriolet, A5 Coupe, A5 Sportback, S4 Sedan, S5 Cabriolet, S5 Coupe, and Audi S5 Sportback vehicles.  The cable connecting the seat heater to the Passenger Occupant Detection System (PODS) may have a contact fault, causing the software to misdiagnose a malfunction and disable the passenger air bag.', 'Consequence': 'A disabled passenger air bag increases the risk of injury in the event of a crash.', 'Remedy': ""Dealers will replace the connecting cable and either the heating mat or entire seat cover, free of charge.  Owner notification letters were mailed January 7, 2022.  Owners may contact Audi customer service at 1-800-253-2834.  Audi's number for this recall is 74E3.  This recall is an expansion of Recall 19V-547 (74D9).  Vehicles previously repaired under 19V-547 will need to return for the new remedy."", 'Notes': 'Owners may also contact the National Highway Traffic Safety Administration Vehicle Safety Hotline at 1-888-327-4236 (TTY 1-800-424-9153), or go to www.nhtsa.gov.', 'ModelYear': '2020', 'Make': 'AUDI', 'Model': 'A4'}]",,,,,,,,,,,,,,,,,,,,,,,,,,,,,,,,,,,,,,,,,,,,,,,,
nhtsa_api,2026-04-02 16:26:49.595,1.0,raw_recalls,Volkswagen,Golf,2020.0,"[{'Manufacturer': 'Volkswagen Group of America, Inc.', 'NHTSACampaignNumber': '22V815000', 'parkIt': False, 'parkOutSide': False, 'overTheAirUpdate': False, 'ReportReceivedDate': '31/10/2022', 'Component': 'TIRES:PRESSURE MONITORING AND REGULATING SYSTEMS', 'Summary': 'Volkswagen Group of America, Inc. (Volkswagen) is recalling certain 2019 Volkswagen Tiguan LWB, Golf Sportswagen A7, Golf Alltrack, Golf R GP, Audi Q3, Audi A3 Cabriolet, 2019-2020 Jetta NF, Jetta GLI, Golf GTI, Atlas, Golf A7, Audi A3, 2020-2021 Atlas Cross Sport, and 2021 Atlas FL vehicles.  The tire pressure monitoring system may not detect an air pressure loss in adequate time when deflating occurs among all four tires simultaneously.  As such, these vehicles fail to comply with the requirements of Federal Motor Vehicle Safety Standard number 138, ""Tire Pressure Monitoring Systems.""', 'Consequence': 'An undetected sudden loss of pressure in all four tires increases the risk of a crash.', 'Remedy': ""Dealers will update the TPMS software, free of charge.  Owner notification letters were mailed November 18, 2022.  Owners may contact Volkswagen's customer service at 1-800-893-5298 or Audi\x92s customer service at 1-800-253-2834.  Volkswagen's numbers for this recall are (Audi) 45J7, and (VW) 45J6 and 45J8."", 'Notes': 'Owners may also contact the National Highway Traffic Safety Administration Vehicle Safety Hotline at 1-888-327-4236 (TTY 1-800-424-9153), or go to www.safercar.gov.', 'ModelYear': '2020', 'Make': 'VOLKSWAGEN', 'Model': 'GOLF'}, {'Manufacturer': 'Volkswagen Group of America, Inc.', 'NHTSACampaignNumber': '24V110000', 'parkIt': False, 'parkOutSide': False, 'overTheAirUpdate': False, 'NHTSAActionNumber': 'RQ23007', 'ReportReceivedDate': '14/02/2024', 'Component': 'FUEL SYSTEM, GASOLINE', 'Summary': 'Volkswagen Group of America, Inc. (Volkswagen) is recalling certain front-wheel drive 2015-2020 Audi A3 Sedan, 2015-2019 Audi A3 Cabriolet, 2019-2020 Volkswagen Jetta GLI, 2018 Golf Sportwagen GP, 2018-2019 Golf Sportwagen A7, 2015-2017 Golf Sportwagen, 2015-2020 Golf GTI, and 2015-2020 Golf A7 vehicles.  Due to a problem with a suction jet pump seal inside the fuel tank, fuel may flow into the evaporative emissions (EVAP) system and possibly leak out of the charcoal canister.', 'Consequence': 'A fuel leak in the presence of an ignition source increases the risk of a fire.', 'Remedy': ""Dealers will replace the suction pump, free of charge.  Final owner notification letters for Audi owners were mailed on July 25, 2024.  Final owner letters for VW owners were mailed on August 13, 2024.  Owners may contact Volkswagen customer service at 1-800-893-5298 or Audi customer service at 1-800-253-2834.  Volkswagen's numbers for this recall are VW: 20UF/Audi: 20YF.  Vehicles that were previously recalled under 16V-647 will need to have the new remedy completed.  This recall expands and replaces previous recall number 16V-647."", 'Notes': 'Owners may also contact the National Highway Traffic Safety Administration Vehicle Safety Hotline at 1-888-327-4236 (TTY 1-800-424-9153), or go to www.nhtsa.gov.', 'ModelYear': '2020', 'Make': 'VOLKSWAGEN', 'Model': 'GOLF'}]",,,,,,,,,,,,,,,,,,,,,,,,,,,,,,,,,,,,,,,,,,,,,,,,
nhtsa_api,2026-04-02 16:26:49.602,1.0,raw_recalls,Volkswagen,Passat,2020.0,"[{'Manufacturer': 'Volkswagen Group of America, Inc.', 'NHTSACampaignNumber': '19V389000', 'parkIt': False, 'parkOutSide': False, 'overTheAirUpdate': False, 'ReportReceivedDate': '22/05/2019', 'Component': 'EXTERIOR LIGHTING:HEADLIGHTS', 'Summary': 'Volkswagen Group of America, Inc. (Volkswagen) is recalling certain 2012-2020 Volkswagen Passat and 2018-2019 Atlas vehicles.  The blocking cap disabling the adjustment of the headlight\'s horizontal aim may not have been installed.  As such, these vehicles fail to conform to Federal Motor Vehicle Safety Standard (FMVSS) number 108, ""Lamps, Reflective Devices, and Associated Equipment.""', 'Consequence': 'Without the blocking cap, the headlight aim can be adjusted out of specification, reducing visibility and increasing the risk of a crash.', 'Remedy': ""Volkswagen will notify owners, and dealers will inspect and, as necessary, block the headlight horizontal adjustment, free of charge.  The recall began July 16, 2019.  Owners may contact Volkswagen customer service at 1-800-253-2834.  Volkswagen's number for this recall is 94L9."", 'Notes': 'Owners may also contact the National Highway Traffic Safety Administration Vehicle Safety Hotline at 1-888-327-4236 (TTY 1-800-424-9153), or go to www.safercar.gov.', 'ModelYear': '2020', 'Make': 'VOLKSWAGEN', 'Model': 'PASSAT'}, {'Manufacturer': 'Volkswagen Group of America, Inc.', 'NHTSACampaignNumber': '19V218000', 'parkIt': False, 'parkOutSide': False, 'overTheAirUpdate': False, 'ReportReceivedDate': '20/03/2019', 'Component': 'AIR BAGS:SIDE/WINDOW', 'Summary': 'Volkswagen Group of America, Inc. (Volkswagen) is recalling certain 2019 Atlas and 2020 Passat vehicles.  An incorrect driver and/or front passenger side impact air bag may have been installed.', 'Consequence': 'In an event of a side impact crash, an incorrect side airbag may not deploy as intended, increasing the risk of injury.', 'Remedy': ""Volkswagen has inspected and replaced the side air bags, free of charge.  The recall was completed in April 2019.  Owners may contact Volkswagen customer service at 1-800-893-5298.  Volkswagen's number for this recall is 69Y8."", 'Notes': 'Owners may also contact the National Highway Traffic Safety Administration Vehicle Safety Hotline at 1-888-327-4236 (TTY 1-800-424-9153), or go to www.safercar.gov.', 'ModelYear': '2020', 'Make': 'VOLKSWAGEN', 'Model': 'PASSAT'}, {'Manufacturer': 'Volkswagen Group of America, Inc.', 'NHTSACampaignNumber': '20V533000', 'parkIt': False, 'parkOutSide': False, 'overTheAirUpdate': False, 'ReportReceivedDate': '02/09/2020', 'Component': 'AIR BAGS:PASSENGER SIDE FRONTAL:CUSHION', 'Summary': 'Volkswagen Group of America, Inc. (Volkswagen) is recalling certain 2020 Passat vehicles.  The passenger frontal air bag may have been folded incorrectly affecting its deployment force.  As such, these vehicles fail to comply with the requirements of Federal Motor Vehicle Safety Standard number 208, ""Occupant Crash Protection.""', 'Consequence': 'An incorrectly folded air bag can deploy with too much force, increasing the risk of injury.', 'Remedy': ""Volkswagen will notify owners, and dealers will replace the passenger frontal air bag, free of charge.  The recall began October 14, 2020.  Owners may contact Volkswagen customer service at 1-888-241-2289.  Volkswagen's number for this recall is 69AY."", 'Notes': 'Owners may also contact the National Highway Traffic Safety Administration Vehicle Safety Hotline at 1-888-327-4236 (TTY 1-800-424-9153), or go to www.safercar.gov.', 'ModelYear': '2020', 'Make': 'VOLKSWAGEN', 'Model': 'PASSAT'}]",,,,,,,,,,,,,,,,,,,,,,,,,,,,,,,,,,,,,,,,,,,,,,,,
pdf_extraction,2026-04-02 16:26:49.645,1.0,raw_recalls,,,,,automotive_report_twocolumn.pdf,pdf,/Users/elmedin.karisiksystemverification.com/Documents/private/Automotive-Industry-Tracker/data/raw/pdf/automotive_report_twocolumn.pdf,2026-04-02T16:26:49.611329,pdfplumber,"[{'page_number': 1, 'text': 'Automotive Two-Column Report\nAudi A4 Recalls Volkswagen Golf Recalls\nThe Audi A4 2020 had 3 recalls related to airbag, The Volkswagen Golf 2020 had 2 recalls related to\nbrake, and engine issues reported to NHTSA. electrical systems and fuel systems.\nComponent Recall Details (with borders)\nComponent Issue Affected Units\nAirbag Inflator rupture 15,000\nBrakes Brake fluid leak 8,200\nEngine Oil pressure loss 5,100\nComponent Recall Details (without borders)\nComponent Issue Affected Units\nAirbag Inflator rupture 15,000\nBrakes Brake fluid leak 8,200\nEngine Oil pressure loss 5,100', 'tables': [[['Component', 'Issue', 'Affected Units'], ['Airbag', 'Inflator rupture', '15,000'], ['Brakes', 'Brake fluid leak', '8,200'], ['Engine', 'Oil pressure loss', '5,100']]]}]",,,,,,,,,,,,,,,,,,,,,,,,,,,,,,,,,,,,,,,,,,
pdf_extraction,2026-04-02 16:26:49.669,1.0,raw_recalls,,,,,automotive_report_normal.pdf,pdf,/Users/elmedin.karisiksystemverification.com/Documents/private/Automotive-Industry-Tracker/data/raw/pdf/automotive_report_normal.pdf,2026-04-02T16:26:49.648745,pdfplumber,"[{'page_number': 1, 'text': 'Automotive Industry Recall Report 2020\nIntroduction\nThis report provides an overview of vehicle recalls issued in 2020 for major automotive brands including\nAudi, Volkswagen, and Skoda. Data sourced from NHTSA.\nRecall Summary Table (with borders)\nMake Model Year Recalls\nAudi A4 2020 3\nVolkswagen Golf 2020 2\nVolkswagen Passat 2020 3\nRecall Summary Table (without borders)\nMake Model Year Recalls\nAudi A4 2020 3\nVolkswagen Golf 2020 2\nVolkswagen Passat 2020 3', 'tables': [[['Make', 'Model', 'Year', 'Recalls'], ['Audi', 'A4', '2020', '3'], ['Volkswagen', 'Golf', '2020', '2'], ['Volkswagen', 'Passat', '2020', '3']]]}]",,,,,,,,,,,,,,,,,,,,,,,,,,,,,,,,,,,,,,,,,,
word_extraction,2026-04-02 16:26:49.870,1.0,raw_recalls,,,,,automotive_report.docx,word,/Users/elmedin.karisiksystemverification.com/Documents/private/Automotive-Industry-Tracker/data/raw/word/automotive_report.docx,2026-04-02T16:26:49.672199,python-docx,,"[{'style': 'Title', 'text': 'Automotive Industry Recall Report 2020'}, {'style': 'Normal', 'text': 'This report provides an overview of vehicle recalls issued in 2020. Data sourced from NHTSA database covering major VW Group vehicles.'}, {'style': 'Heading 1', 'text': 'Recall Overview'}, {'style': 'Normal', 'text': 'In 2020, several VW Group vehicles were subject to safety recalls. The recalls covered issues ranging from airbag defects to engine problems.'}, {'style': 'Heading 2', 'text': 'Table with Borders'}, {'style': 'Heading 2', 'text': 'Table without Borders'}, {'style': 'Heading 1', 'text': 'Two-Column Section'}, {'style': 'Normal', 'text': 'Left Column: Audi A4 had 3 recalls in 2020 including airbag and brake issues.'}, {'style': 'Normal', 'text': 'Right Column: Volkswagen Golf had 2 recalls related to electrical systems.'}]","[{'table_index': 0, 'data': [['Make', 'Model', 'Year', 'Recalls'], ['Audi', 'A4', '2020', '3'], ['Volkswagen', 'Golf', '2020', '2'], ['Volkswagen', 'Passat', '2020', '3']]}, {'table_index': 1, 'data': [['Make', 'Model', 'Year', 'Recalls'], ['Audi', 'A4', '2020', '3'], ['Volkswagen', 'Golf', '2020', '2'], ['Volkswagen', 'Passat', '2020', '3']]}]",,,,,,,,,,,,,,,,,,,,,,,,,,,,,,,,,,,,,,,,
excel_extraction,2026-04-02 16:26:49.910,1.0,raw_recalls,,,,,automotive_data.xlsx,excel,/Users/elmedin.karisiksystemverification.com/Documents/private/Automotive-Industry-Tracker/data/raw/excel/automotive_data.xlsx,2026-04-02T16:26:49.875496,openpyxl,,,,"[{'sheet_name': 'Recall Summary', 'rows': [['Make', 'Model', 'Year', 'Recall Count', 'Affected Units', 'Total Cost (USD)'], ['Audi', 'A4', '2020', '3', '15000', '2500000'], ['Volkswagen', 'Golf', '2020', '2', '8200', '1200000'], ['Volkswagen', 'Passat', '2020', '3', '5100', '980000'], ['TOTAL', '', '', '=SUM(D2:D4)', '=SUM(E2:E4)', '=SUM(F2:F4)']]}, {'sheet_name': 'Component Details', 'rows': [['Component', 'Issue', 'Make', 'Model', 'Affected Units'], ['Airbag', 'Inflator rupture', 'Audi', 'A4', '15000'], ['Brakes', 'Brake fluid leak', 'Volkswagen', 'Golf', '8200'], ['Engine', 'Oil pressure loss', 'Volkswagen', 'Passat', '5100']]}]",,,,,,,,,,,,,,,,,,,,,,,,,,,,,,,,,,,,,,,
dynamic_scraping,2026-04-02 16:26:51.954,1.0,raw_recalls,Audi,A4,2020.0,"[{'Manufacturer': 'Volkswagen Group of America, Inc.', 'NHTSACampaignNumber': '22V034000', 'parkIt': False, 'parkOutSide': False, 'overTheAirUpdate': False, 'ReportReceivedDate': '26/01/2022', 'Component': 'TIRES', 'Summary': 'Volkswagen Group of America, Inc. (Audi) is recalling certain 2019-2021 Audi A5 Sportback, RS5 Coupe, RS5 Sportback, S5 Sportback, 2020-2021 A4 Allroad, A4 Sedan, A5 Cabriolet, A5 Coupe, A6 Allroad, A6 Sedan, A7, A8, Q5, S4 Sedan, S5 Coupe, S5 Cabriolet, S6 Sedan, S7, S8, SQ5, 2021 Q5 Sportback, Q7, Q8, RS6 Avant, RS7, RSQ8, SQ5 Sportback, SQ7, and SQ8 vehicles.  The rear axle alignment may not have been inspected after the repairs for Recall 21V-295 (42L1) were performed.', 'Consequence': 'Rear axle misalignment may cause premature or uneven tire wear, increasing the risk of a crash.', 'Remedy': ""Dealers will inspect the rear axle, adjust the alignment as necessary, and replace any prematurely or unevenly worn tires, free of charge.  Owner notification letters were mailed March 3, 2022.  Owners may contact Audi customer service at 1-800-253-2834.  Audi's number for this recall is 42L5."", 'Notes': 'Owners may also contact the National Highway Traffic Safety Administration Vehicle Safety Hotline at 1-888-327-4236 (TTY 1-800-424-9153), or go to www.nhtsa.gov.', 'ModelYear': '2020', 'Make': 'AUDI', 'Model': 'A4'}, {'Manufacturer': 'Volkswagen Group of America, Inc.', 'NHTSACampaignNumber': '21V295000', 'parkIt': False, 'parkOutSide': False, 'overTheAirUpdate': False, 'ReportReceivedDate': '26/04/2021', 'Component': 'SUSPENSION:REAR:AXLE:NON-POWERED AXLE ASSEMBLY', 'Summary': 'Volkswagen Group of America, Inc. (Audi) is recalling certain 2021 Q7, Q8, Q5 Sportback, SQ5 Sportback, RS6 Avant, RS7, RS Q8, 2020-2021 Audi S6 sedan, Q5, A8, S8, A7, A6 Allroad, A5 Cabriolet, A4 sedan, A4 Allroad, SQ5, S7, A6 sedan, S5 coupe, S4 sedan, S5 Cabriolet, A5 coupe, 2019-2021 RS5 coupe, A5 Sportback, S5 Sportback, RS5 Sportback vehicles.  The lock nut on the trailing arm of the rear axle may break due to stress corrosion.', 'Consequence': 'A broken lock nut may misalign the rear axle, causing a loss of control and increasing the risk of a crash.', 'Remedy': ""Dealers will replace the lock nuts and, if necessary, the associated bolts, free of charge.  Owner notification letters were mailed June 4, 2021.  Owners may contact Audi customer service at 1-800-253-2834.  Audi's number for this recall is 42L1."", 'Notes': 'Owners may also contact the National Highway Traffic Safety Administration Vehicle Safety Hotline at 1-888-327-4236 (TTY 1-800-424-9153), or go to www.safercar.gov.', 'ModelYear': '2020', 'Make': 'AUDI', 'Model': 'A4'}, {'Manufacturer': 'Volkswagen Group of America, Inc.', 'NHTSACampaignNumber': '21V874000', 'parkIt': False, 'parkOutSide': False, 'overTheAirUpdate': False, 'ReportReceivedDate': '10/11/2021', 'Component': 'SEATS', 'Summary': 'Volkswagen Group of America, Inc. (Audi) is recalling certain 2017-2020 A4 Allroad, A4 Sedan, 2018-2019 RS5 Coupe, 2019 RS5 Sportback, 2018-2020 A5 Cabriolet, A5 Coupe, A5 Sportback, S4 Sedan, S5 Cabriolet, S5 Coupe, and Audi S5 Sportback vehicles.  The cable connecting the seat heater to the Passenger Occupant Detection System (PODS) may have a contact fault, causing the software to misdiagnose a malfunction and disable the passenger air bag.', 'Consequence': 'A disabled passenger air bag increases the risk of injury in the event of a crash.', 'Remedy': ""Dealers will replace the connecting cable and either the heating mat or entire seat cover, free of charge.  Owner notification letters were mailed January 7, 2022.  Owners may contact Audi customer service at 1-800-253-2834.  Audi's number for this recall is 74E3.  This recall is an expansion of Recall 19V-547 (74D9).  Vehicles previously repaired under 19V-547 will need to return for the new remedy."", 'Notes': 'Owners may also contact the National Highway Traffic Safety Administration Vehicle Safety Hotline at 1-888-327-4236 (TTY 1-800-424-9153), or go to www.nhtsa.gov.', 'ModelYear': '2020', 'Make': 'AUDI', 'Model': 'A4'}]",,,https://api.nhtsa.gov/recalls/recallsByVehicle?make=Audi&model=A4&modelYear=2020,,,,,,,2026-04-02T16:26:51.948524,json_api,,,,,,,,,,,,,,,,,,,,,,,,,,,,,,,,,,,,,
dynamic_scraping,2026-04-02 16:26:53.750,1.0,raw_recalls,Volkswagen,Golf,2020.0,"[{'Manufacturer': 'Volkswagen Group of America, Inc.', 'NHTSACampaignNumber': '22V815000', 'parkIt': False, 'parkOutSide': False, 'overTheAirUpdate': False, 'ReportReceivedDate': '31/10/2022', 'Component': 'TIRES:PRESSURE MONITORING AND REGULATING SYSTEMS', 'Summary': 'Volkswagen Group of America, Inc. (Volkswagen) is recalling certain 2019 Volkswagen Tiguan LWB, Golf Sportswagen A7, Golf Alltrack, Golf R GP, Audi Q3, Audi A3 Cabriolet, 2019-2020 Jetta NF, Jetta GLI, Golf GTI, Atlas, Golf A7, Audi A3, 2020-2021 Atlas Cross Sport, and 2021 Atlas FL vehicles.  The tire pressure monitoring system may not detect an air pressure loss in adequate time when deflating occurs among all four tires simultaneously.  As such, these vehicles fail to comply with the requirements of Federal Motor Vehicle Safety Standard number 138, ""Tire Pressure Monitoring Systems.""', 'Consequence': 'An undetected sudden loss of pressure in all four tires increases the risk of a crash.', 'Remedy': ""Dealers will update the TPMS software, free of charge.  Owner notification letters were mailed November 18, 2022.  Owners may contact Volkswagen's customer service at 1-800-893-5298 or Audi\x92s customer service at 1-800-253-2834.  Volkswagen's numbers for this recall are (Audi) 45J7, and (VW) 45J6 and 45J8."", 'Notes': 'Owners may also contact the National Highway Traffic Safety Administration Vehicle Safety Hotline at 1-888-327-4236 (TTY 1-800-424-9153), or go to www.safercar.gov.', 'ModelYear': '2020', 'Make': 'VOLKSWAGEN', 'Model': 'GOLF'}, {'Manufacturer': 'Volkswagen Group of America, Inc.', 'NHTSACampaignNumber': '24V110000', 'parkIt': False, 'parkOutSide': False, 'overTheAirUpdate': False, 'NHTSAActionNumber': 'RQ23007', 'ReportReceivedDate': '14/02/2024', 'Component': 'FUEL SYSTEM, GASOLINE', 'Summary': 'Volkswagen Group of America, Inc. (Volkswagen) is recalling certain front-wheel drive 2015-2020 Audi A3 Sedan, 2015-2019 Audi A3 Cabriolet, 2019-2020 Volkswagen Jetta GLI, 2018 Golf Sportwagen GP, 2018-2019 Golf Sportwagen A7, 2015-2017 Golf Sportwagen, 2015-2020 Golf GTI, and 2015-2020 Golf A7 vehicles.  Due to a problem with a suction jet pump seal inside the fuel tank, fuel may flow into the evaporative emissions (EVAP) system and possibly leak out of the charcoal canister.', 'Consequence': 'A fuel leak in the presence of an ignition source increases the risk of a fire.', 'Remedy': ""Dealers will replace the suction pump, free of charge.  Final owner notification letters for Audi owners were mailed on July 25, 2024.  Final owner letters for VW owners were mailed on August 13, 2024.  Owners may contact Volkswagen customer service at 1-800-893-5298 or Audi customer service at 1-800-253-2834.  Volkswagen's numbers for this recall are VW: 20UF/Audi: 20YF.  Vehicles that were previously recalled under 16V-647 will need to have the new remedy completed.  This recall expands and replaces previous recall number 16V-647."", 'Notes': 'Owners may also contact the National Highway Traffic Safety Administration Vehicle Safety Hotline at 1-888-327-4236 (TTY 1-800-424-9153), or go to www.nhtsa.gov.', 'ModelYear': '2020', 'Make': 'VOLKSWAGEN', 'Model': 'GOLF'}]",,,https://api.nhtsa.gov/recalls/recallsByVehicle?make=Volkswagen&model=Golf&modelYear=2020,,,,,,,2026-04-02T16:26:53.748158,json_api,,,,,,,,,,,,,,,,,,,,,,,,,,,,,,,,,,,,,
dynamic_scraping,2026-04-02 16:26:55.562,1.0,raw_recalls,Volkswagen,Passat,2020.0,"[{'Manufacturer': 'Volkswagen Group of America, Inc.', 'NHTSACampaignNumber': '19V389000', 'parkIt': False, 'parkOutSide': False, 'overTheAirUpdate': False, 'ReportReceivedDate': '22/05/2019', 'Component': 'EXTERIOR LIGHTING:HEADLIGHTS', 'Summary': 'Volkswagen Group of America, Inc. (Volkswagen) is recalling certain 2012-2020 Volkswagen Passat and 2018-2019 Atlas vehicles.  The blocking cap disabling the adjustment of the headlight\'s horizontal aim may not have been installed.  As such, these vehicles fail to conform to Federal Motor Vehicle Safety Standard (FMVSS) number 108, ""Lamps, Reflective Devices, and Associated Equipment.""', 'Consequence': 'Without the blocking cap, the headlight aim can be adjusted out of specification, reducing visibility and increasing the risk of a crash.', 'Remedy': ""Volkswagen will notify owners, and dealers will inspect and, as necessary, block the headlight horizontal adjustment, free of charge.  The recall began July 16, 2019.  Owners may contact Volkswagen customer service at 1-800-253-2834.  Volkswagen's number for this recall is 94L9."", 'Notes': 'Owners may also contact the National Highway Traffic Safety Administration Vehicle Safety Hotline at 1-888-327-4236 (TTY 1-800-424-9153), or go to www.safercar.gov.', 'ModelYear': '2020', 'Make': 'VOLKSWAGEN', 'Model': 'PASSAT'}, {'Manufacturer': 'Volkswagen Group of America, Inc.', 'NHTSACampaignNumber': '19V218000', 'parkIt': False, 'parkOutSide': False, 'overTheAirUpdate': False, 'ReportReceivedDate': '20/03/2019', 'Component': 'AIR BAGS:SIDE/WINDOW', 'Summary': 'Volkswagen Group of America, Inc. (Volkswagen) is recalling certain 2019 Atlas and 2020 Passat vehicles.  An incorrect driver and/or front passenger side impact air bag may have been installed.', 'Consequence': 'In an event of a side impact crash, an incorrect side airbag may not deploy as intended, increasing the risk of injury.', 'Remedy': ""Volkswagen has inspected and replaced the side air bags, free of charge.  The recall was completed in April 2019.  Owners may contact Volkswagen customer service at 1-800-893-5298.  Volkswagen's number for this recall is 69Y8."", 'Notes': 'Owners may also contact the National Highway Traffic Safety Administration Vehicle Safety Hotline at 1-888-327-4236 (TTY 1-800-424-9153), or go to www.safercar.gov.', 'ModelYear': '2020', 'Make': 'VOLKSWAGEN', 'Model': 'PASSAT'}, {'Manufacturer': 'Volkswagen Group of America, Inc.', 'NHTSACampaignNumber': '20V533000', 'parkIt': False, 'parkOutSide': False, 'overTheAirUpdate': False, 'ReportReceivedDate': '02/09/2020', 'Component': 'AIR BAGS:PASSENGER SIDE FRONTAL:CUSHION', 'Summary': 'Volkswagen Group of America, Inc. (Volkswagen) is recalling certain 2020 Passat vehicles.  The passenger frontal air bag may have been folded incorrectly affecting its deployment force.  As such, these vehicles fail to comply with the requirements of Federal Motor Vehicle Safety Standard number 208, ""Occupant Crash Protection.""', 'Consequence': 'An incorrectly folded air bag can deploy with too much force, increasing the risk of injury.', 'Remedy': ""Volkswagen will notify owners, and dealers will replace the passenger frontal air bag, free of charge.  The recall began October 14, 2020.  Owners may contact Volkswagen customer service at 1-888-241-2289.  Volkswagen's number for this recall is 69AY."", 'Notes': 'Owners may also contact the National Highway Traffic Safety Administration Vehicle Safety Hotline at 1-888-327-4236 (TTY 1-800-424-9153), or go to www.safercar.gov.', 'ModelYear': '2020', 'Make': 'VOLKSWAGEN', 'Model': 'PASSAT'}]",,,https://api.nhtsa.gov/recalls/recallsByVehicle?make=Volkswagen&model=Passat&modelYear=2020,,,,,,,2026-04-02T16:26:55.557628,json_api,,,,,,,,,,,,,,,,,,,,,,,,,,,,,,,,,,,,,
ocr_image,2026-04-02 16:26:56.768,1.0,raw_recalls,,,,,test_scan.png,image_ocr,/Users/elmedin.karisiksystemverification.com/Documents/private/Automotive-Industry-Tracker/data/raw/images/test_scan.png,2026-04-02T16:26:56.765701,pytesseract,,,,,,,"The 2022 Audi RS6 Avant is a high-performance wagon that combines supercar power with everyday practicality. Under the hood, it boasts a 4.0-liter twin-turbocharged V8 engine
producing 591 horsepower and 590 Ib-ft of torque, enabling a 0-60 mph time of just 3.5 seconds. Equipped with Audi's Quattro all-wheel-drive system, adaptive air suspension, and dynamic
Steering, the RS6 delivers exceptional handling and comfort. Its aggressive design features wide fenders, a black honeycomb grille, and large oval exhaust tips, giving it a commanding
Toad presence, With a luxurious, tech-filled interior and ample cargo space, the RSG Avant is the ultimate blend of performance, luxury, and practicality.

Engine: 4.01 V8 Top speed: 190mph
Power: 591bhp 0-60: 31sec
Torque: 799nm Year: 2022
Weight: 2,282kg Country: German
","Cnnr RS6

The 2022 Audi RSG Avant is a high-performance wagon that combines supercar power with everyday practicality. Under the hood, it boasts a 4.0-liter twin-turbocharged V8 engine
producing 591 horsepower and 590 Ib-ft of torque, enabling a 0-60 mph time of just 3.5 seconds. Equipped with Audi's Quattro all-wheel-drive system, adaptive air suspension, and dynamic
steering, the RSG delivers exceptional handling and comfort. Its aggressive design features wide fenders, a black honeycomb grille, and large oval exhaust tips, giving it a commanding
road presence, With a luxurious, tech-filled interior and ample cargo space, the RS6 Avant is the ultimate blend of performance, luxury, and practicality.

Engine: 4.01 V8 Top speed: 190mph
Power: 591bhp 0-60: 31sec
Torque: 799nm Year: 2022
Weight: 2,282kg Country: German

",,,,,,,,,,,,,,,,,,,,,,,,,,,,,,,,,,,
word_extraction,2026-04-02 16:28:01.933,1.0,raw_recalls,,,,,automotive_report.docx,word,/Users/elmedin.karisiksystemverification.com/Documents/private/Automotive-Industry-Tracker/data/raw/word/automotive_report.docx,2026-04-02T16:28:01.726992,python-docx,,"[{'style': 'Title', 'text': 'Automotive Industry Recall Report 2020'}, {'style': 'Normal', 'text': 'This report provides an overview of vehicle recalls issued in 2020. Data sourced from NHTSA database covering major VW Group vehicles.'}, {'style': 'Heading 1', 'text': 'Recall Overview'}, {'style': 'Normal', 'text': 'In 2020, several VW Group vehicles were subject to safety recalls. The recalls covered issues ranging from airbag defects to engine problems.'}, {'style': 'Heading 2', 'text': 'Table with Borders'}, {'style': 'Heading 2', 'text': 'Table without Borders'}, {'style': 'Heading 1', 'text': 'Two-Column Section'}, {'style': 'Normal', 'text': 'Left Column: Audi A4 had 3 recalls in 2020 including airbag and brake issues.'}, {'style': 'Normal', 'text': 'Right Column: Volkswagen Golf had 2 recalls related to electrical systems.'}]","[{'table_index': 0, 'data': [['Make', 'Model', 'Year', 'Recalls'], ['Audi', 'A4', '2020', '3'], ['Volkswagen', 'Golf', '2020', '2'], ['Volkswagen', 'Passat', '2020', '3']]}, {'table_index': 1, 'data': [['Make', 'Model', 'Year', 'Recalls'], ['Audi', 'A4', '2020', '3'], ['Volkswagen', 'Golf', '2020', '2'], ['Volkswagen', 'Passat', '2020', '3']]}]",,,,,,,,,,,,,,,,,,,,,,,,,,,,,,,,,,,,,,,,
excel_extraction,2026-04-02 16:28:02.065,1.0,raw_recalls,,,,,automotive_data.xlsx,excel,/Users/elmedin.karisiksystemverification.com/Documents/private/Automotive-Industry-Tracker/data/raw/excel/automotive_data.xlsx,2026-04-02T16:28:02.026472,openpyxl,,,,"[{'sheet_name': 'Recall Summary', 'rows': [['Make', 'Model', 'Year', 'Recall Count', 'Affected Units', 'Total Cost (USD)'], ['Audi', 'A4', '2020', '3', '15000', '2500000'], ['Volkswagen', 'Golf', '2020', '2', '8200', '1200000'], ['Volkswagen', 'Passat', '2020', '3', '5100', '980000'], ['TOTAL', '', '', '=SUM(D2:D4)', '=SUM(E2:E4)', '=SUM(F2:F4)']]}, {'sheet_name': 'Component Details', 'rows': [['Component', 'Issue', 'Make', 'Model', 'Affected Units'], ['Airbag', 'Inflator rupture', 'Audi', 'A4', '15000'], ['Brakes', 'Brake fluid leak', 'Volkswagen', 'Golf', '8200'], ['Engine', 'Oil pressure loss', 'Volkswagen', 'Passat', '5100']]}]",,,,,,,,,,,,,,,,,,,,,,,,,,,,,,,,,,,,,,,
nhtsa_api,2026-04-02 16:28:04.663,1.0,raw_recalls,Audi,A4,2020.0,"[{'Manufacturer': 'Volkswagen Group of America, Inc.', 'NHTSACampaignNumber': '22V034000', 'parkIt': False, 'parkOutSide': False, 'overTheAirUpdate': False, 'ReportReceivedDate': '26/01/2022', 'Component': 'TIRES', 'Summary': 'Volkswagen Group of America, Inc. (Audi) is recalling certain 2019-2021 Audi A5 Sportback, RS5 Coupe, RS5 Sportback, S5 Sportback, 2020-2021 A4 Allroad, A4 Sedan, A5 Cabriolet, A5 Coupe, A6 Allroad, A6 Sedan, A7, A8, Q5, S4 Sedan, S5 Coupe, S5 Cabriolet, S6 Sedan, S7, S8, SQ5, 2021 Q5 Sportback, Q7, Q8, RS6 Avant, RS7, RSQ8, SQ5 Sportback, SQ7, and SQ8 vehicles.  The rear axle alignment may not have been inspected after the repairs for Recall 21V-295 (42L1) were performed.', 'Consequence': 'Rear axle misalignment may cause premature or uneven tire wear, increasing the risk of a crash.', 'Remedy': ""Dealers will inspect the rear axle, adjust the alignment as necessary, and replace any prematurely or unevenly worn tires, free of charge.  Owner notification letters were mailed March 3, 2022.  Owners may contact Audi customer service at 1-800-253-2834.  Audi's number for this recall is 42L5."", 'Notes': 'Owners may also contact the National Highway Traffic Safety Administration Vehicle Safety Hotline at 1-888-327-4236 (TTY 1-800-424-9153), or go to www.nhtsa.gov.', 'ModelYear': '2020', 'Make': 'AUDI', 'Model': 'A4'}, {'Manufacturer': 'Volkswagen Group of America, Inc.', 'NHTSACampaignNumber': '21V295000', 'parkIt': False, 'parkOutSide': False, 'overTheAirUpdate': False, 'ReportReceivedDate': '26/04/2021', 'Component': 'SUSPENSION:REAR:AXLE:NON-POWERED AXLE ASSEMBLY', 'Summary': 'Volkswagen Group of America, Inc. (Audi) is recalling certain 2021 Q7, Q8, Q5 Sportback, SQ5 Sportback, RS6 Avant, RS7, RS Q8, 2020-2021 Audi S6 sedan, Q5, A8, S8, A7, A6 Allroad, A5 Cabriolet, A4 sedan, A4 Allroad, SQ5, S7, A6 sedan, S5 coupe, S4 sedan, S5 Cabriolet, A5 coupe, 2019-2021 RS5 coupe, A5 Sportback, S5 Sportback, RS5 Sportback vehicles.  The lock nut on the trailing arm of the rear axle may break due to stress corrosion.', 'Consequence': 'A broken lock nut may misalign the rear axle, causing a loss of control and increasing the risk of a crash.', 'Remedy': ""Dealers will replace the lock nuts and, if necessary, the associated bolts, free of charge.  Owner notification letters were mailed June 4, 2021.  Owners may contact Audi customer service at 1-800-253-2834.  Audi's number for this recall is 42L1."", 'Notes': 'Owners may also contact the National Highway Traffic Safety Administration Vehicle Safety Hotline at 1-888-327-4236 (TTY 1-800-424-9153), or go to www.safercar.gov.', 'ModelYear': '2020', 'Make': 'AUDI', 'Model': 'A4'}, {'Manufacturer': 'Volkswagen Group of America, Inc.', 'NHTSACampaignNumber': '21V874000', 'parkIt': False, 'parkOutSide': False, 'overTheAirUpdate': False, 'ReportReceivedDate': '10/11/2021', 'Component': 'SEATS', 'Summary': 'Volkswagen Group of America, Inc. (Audi) is recalling certain 2017-2020 A4 Allroad, A4 Sedan, 2018-2019 RS5 Coupe, 2019 RS5 Sportback, 2018-2020 A5 Cabriolet, A5 Coupe, A5 Sportback, S4 Sedan, S5 Cabriolet, S5 Coupe, and Audi S5 Sportback vehicles.  The cable connecting the seat heater to the Passenger Occupant Detection System (PODS) may have a contact fault, causing the software to misdiagnose a malfunction and disable the passenger air bag.', 'Consequence': 'A disabled passenger air bag increases the risk of injury in the event of a crash.', 'Remedy': ""Dealers will replace the connecting cable and either the heating mat or entire seat cover, free of charge.  Owner notification letters were mailed January 7, 2022.  Owners may contact Audi customer service at 1-800-253-2834.  Audi's number for this recall is 74E3.  This recall is an expansion of Recall 19V-547 (74D9).  Vehicles previously repaired under 19V-547 will need to return for the new remedy."", 'Notes': 'Owners may also contact the National Highway Traffic Safety Administration Vehicle Safety Hotline at 1-888-327-4236 (TTY 1-800-424-9153), or go to www.nhtsa.gov.', 'ModelYear': '2020', 'Make': 'AUDI', 'Model': 'A4'}]",,,,,,,,,,,,,,,,,,,,,,,,,,,,,,,,,,,,,,,,,,,,,,,,
nhtsa_api,2026-04-02 16:28:04.678,1.0,raw_recalls,Volkswagen,Golf,2020.0,"[{'Manufacturer': 'Volkswagen Group of America, Inc.', 'NHTSACampaignNumber': '22V815000', 'parkIt': False, 'parkOutSide': False, 'overTheAirUpdate': False, 'ReportReceivedDate': '31/10/2022', 'Component': 'TIRES:PRESSURE MONITORING AND REGULATING SYSTEMS', 'Summary': 'Volkswagen Group of America, Inc. (Volkswagen) is recalling certain 2019 Volkswagen Tiguan LWB, Golf Sportswagen A7, Golf Alltrack, Golf R GP, Audi Q3, Audi A3 Cabriolet, 2019-2020 Jetta NF, Jetta GLI, Golf GTI, Atlas, Golf A7, Audi A3, 2020-2021 Atlas Cross Sport, and 2021 Atlas FL vehicles.  The tire pressure monitoring system may not detect an air pressure loss in adequate time when deflating occurs among all four tires simultaneously.  As such, these vehicles fail to comply with the requirements of Federal Motor Vehicle Safety Standard number 138, ""Tire Pressure Monitoring Systems.""', 'Consequence': 'An undetected sudden loss of pressure in all four tires increases the risk of a crash.', 'Remedy': ""Dealers will update the TPMS software, free of charge.  Owner notification letters were mailed November 18, 2022.  Owners may contact Volkswagen's customer service at 1-800-893-5298 or Audi\x92s customer service at 1-800-253-2834.  Volkswagen's numbers for this recall are (Audi) 45J7, and (VW) 45J6 and 45J8."", 'Notes': 'Owners may also contact the National Highway Traffic Safety Administration Vehicle Safety Hotline at 1-888-327-4236 (TTY 1-800-424-9153), or go to www.safercar.gov.', 'ModelYear': '2020', 'Make': 'VOLKSWAGEN', 'Model': 'GOLF'}, {'Manufacturer': 'Volkswagen Group of America, Inc.', 'NHTSACampaignNumber': '24V110000', 'parkIt': False, 'parkOutSide': False, 'overTheAirUpdate': False, 'NHTSAActionNumber': 'RQ23007', 'ReportReceivedDate': '14/02/2024', 'Component': 'FUEL SYSTEM, GASOLINE', 'Summary': 'Volkswagen Group of America, Inc. (Volkswagen) is recalling certain front-wheel drive 2015-2020 Audi A3 Sedan, 2015-2019 Audi A3 Cabriolet, 2019-2020 Volkswagen Jetta GLI, 2018 Golf Sportwagen GP, 2018-2019 Golf Sportwagen A7, 2015-2017 Golf Sportwagen, 2015-2020 Golf GTI, and 2015-2020 Golf A7 vehicles.  Due to a problem with a suction jet pump seal inside the fuel tank, fuel may flow into the evaporative emissions (EVAP) system and possibly leak out of the charcoal canister.', 'Consequence': 'A fuel leak in the presence of an ignition source increases the risk of a fire.', 'Remedy': ""Dealers will replace the suction pump, free of charge.  Final owner notification letters for Audi owners were mailed on July 25, 2024.  Final owner letters for VW owners were mailed on August 13, 2024.  Owners may contact Volkswagen customer service at 1-800-893-5298 or Audi customer service at 1-800-253-2834.  Volkswagen's numbers for this recall are VW: 20UF/Audi: 20YF.  Vehicles that were previously recalled under 16V-647 will need to have the new remedy completed.  This recall expands and replaces previous recall number 16V-647."", 'Notes': 'Owners may also contact the National Highway Traffic Safety Administration Vehicle Safety Hotline at 1-888-327-4236 (TTY 1-800-424-9153), or go to www.nhtsa.gov.', 'ModelYear': '2020', 'Make': 'VOLKSWAGEN', 'Model': 'GOLF'}]",,,,,,,,,,,,,,,,,,,,,,,,,,,,,,,,,,,,,,,,,,,,,,,,
nhtsa_api,2026-04-02 16:28:04.696,1.0,raw_recalls,Volkswagen,Passat,2020.0,"[{'Manufacturer': 'Volkswagen Group of America, Inc.', 'NHTSACampaignNumber': '19V389000', 'parkIt': False, 'parkOutSide': False, 'overTheAirUpdate': False, 'ReportReceivedDate': '22/05/2019', 'Component': 'EXTERIOR LIGHTING:HEADLIGHTS', 'Summary': 'Volkswagen Group of America, Inc. (Volkswagen) is recalling certain 2012-2020 Volkswagen Passat and 2018-2019 Atlas vehicles.  The blocking cap disabling the adjustment of the headlight\'s horizontal aim may not have been installed.  As such, these vehicles fail to conform to Federal Motor Vehicle Safety Standard (FMVSS) number 108, ""Lamps, Reflective Devices, and Associated Equipment.""', 'Consequence': 'Without the blocking cap, the headlight aim can be adjusted out of specification, reducing visibility and increasing the risk of a crash.', 'Remedy': ""Volkswagen will notify owners, and dealers will inspect and, as necessary, block the headlight horizontal adjustment, free of charge.  The recall began July 16, 2019.  Owners may contact Volkswagen customer service at 1-800-253-2834.  Volkswagen's number for this recall is 94L9."", 'Notes': 'Owners may also contact the National Highway Traffic Safety Administration Vehicle Safety Hotline at 1-888-327-4236 (TTY 1-800-424-9153), or go to www.safercar.gov.', 'ModelYear': '2020', 'Make': 'VOLKSWAGEN', 'Model': 'PASSAT'}, {'Manufacturer': 'Volkswagen Group of America, Inc.', 'NHTSACampaignNumber': '19V218000', 'parkIt': False, 'parkOutSide': False, 'overTheAirUpdate': False, 'ReportReceivedDate': '20/03/2019', 'Component': 'AIR BAGS:SIDE/WINDOW', 'Summary': 'Volkswagen Group of America, Inc. (Volkswagen) is recalling certain 2019 Atlas and 2020 Passat vehicles.  An incorrect driver and/or front passenger side impact air bag may have been installed.', 'Consequence': 'In an event of a side impact crash, an incorrect side airbag may not deploy as intended, increasing the risk of injury.', 'Remedy': ""Volkswagen has inspected and replaced the side air bags, free of charge.  The recall was completed in April 2019.  Owners may contact Volkswagen customer service at 1-800-893-5298.  Volkswagen's number for this recall is 69Y8."", 'Notes': 'Owners may also contact the National Highway Traffic Safety Administration Vehicle Safety Hotline at 1-888-327-4236 (TTY 1-800-424-9153), or go to www.safercar.gov.', 'ModelYear': '2020', 'Make': 'VOLKSWAGEN', 'Model': 'PASSAT'}, {'Manufacturer': 'Volkswagen Group of America, Inc.', 'NHTSACampaignNumber': '20V533000', 'parkIt': False, 'parkOutSide': False, 'overTheAirUpdate': False, 'ReportReceivedDate': '02/09/2020', 'Component': 'AIR BAGS:PASSENGER SIDE FRONTAL:CUSHION', 'Summary': 'Volkswagen Group of America, Inc. (Volkswagen) is recalling certain 2020 Passat vehicles.  The passenger frontal air bag may have been folded incorrectly affecting its deployment force.  As such, these vehicles fail to comply with the requirements of Federal Motor Vehicle Safety Standard number 208, ""Occupant Crash Protection.""', 'Consequence': 'An incorrectly folded air bag can deploy with too much force, increasing the risk of injury.', 'Remedy': ""Volkswagen will notify owners, and dealers will replace the passenger frontal air bag, free of charge.  The recall began October 14, 2020.  Owners may contact Volkswagen customer service at 1-888-241-2289.  Volkswagen's number for this recall is 69AY."", 'Notes': 'Owners may also contact the National Highway Traffic Safety Administration Vehicle Safety Hotline at 1-888-327-4236 (TTY 1-800-424-9153), or go to www.safercar.gov.', 'ModelYear': '2020', 'Make': 'VOLKSWAGEN', 'Model': 'PASSAT'}]",,,,,,,,,,,,,,,,,,,,,,,,,,,,,,,,,,,,,,,,,,,,,,,,
pdf_extraction,2026-04-02 16:28:04.734,1.0,raw_recalls,,,,,automotive_report_twocolumn.pdf,pdf,/Users/elmedin.karisiksystemverification.com/Documents/private/Automotive-Industry-Tracker/data/raw/pdf/automotive_report_twocolumn.pdf,2026-04-02T16:28:04.703167,pdfplumber,"[{'page_number': 1, 'text': 'Automotive Two-Column Report\nAudi A4 Recalls Volkswagen Golf Recalls\nThe Audi A4 2020 had 3 recalls related to airbag, The Volkswagen Golf 2020 had 2 recalls related to\nbrake, and engine issues reported to NHTSA. electrical systems and fuel systems.\nComponent Recall Details (with borders)\nComponent Issue Affected Units\nAirbag Inflator rupture 15,000\nBrakes Brake fluid leak 8,200\nEngine Oil pressure loss 5,100\nComponent Recall Details (without borders)\nComponent Issue Affected Units\nAirbag Inflator rupture 15,000\nBrakes Brake fluid leak 8,200\nEngine Oil pressure loss 5,100', 'tables': [[['Component', 'Issue', 'Affected Units'], ['Airbag', 'Inflator rupture', '15,000'], ['Brakes', 'Brake fluid leak', '8,200'], ['Engine', 'Oil pressure loss', '5,100']]]}]",,,,,,,,,,,,,,,,,,,,,,,,,,,,,,,,,,,,,,,,,,
pdf_extraction,2026-04-02 16:28:04.757,1.0,raw_recalls,,,,,automotive_report_normal.pdf,pdf,/Users/elmedin.karisiksystemverification.com/Documents/private/Automotive-Industry-Tracker/data/raw/pdf/automotive_report_normal.pdf,2026-04-02T16:28:04.737550,pdfplumber,"[{'page_number': 1, 'text': 'Automotive Industry Recall Report 2020\nIntroduction\nThis report provides an overview of vehicle recalls issued in 2020 for major automotive brands including\nAudi, Volkswagen, and Skoda. Data sourced from NHTSA.\nRecall Summary Table (with borders)\nMake Model Year Recalls\nAudi A4 2020 3\nVolkswagen Golf 2020 2\nVolkswagen Passat 2020 3\nRecall Summary Table (without borders)\nMake Model Year Recalls\nAudi A4 2020 3\nVolkswagen Golf 2020 2\nVolkswagen Passat 2020 3', 'tables': [[['Make', 'Model', 'Year', 'Recalls'], ['Audi', 'A4', '2020', '3'], ['Volkswagen', 'Golf', '2020', '2'], ['Volkswagen', 'Passat', '2020', '3']]]}]",,,,,,,,,,,,,,,,,,,,,,,,,,,,,,,,,,,,,,,,,,
word_extraction,2026-04-02 16:28:04.958,1.0,raw_recalls,,,,,automotive_report.docx,word,/Users/elmedin.karisiksystemverification.com/Documents/private/Automotive-Industry-Tracker/data/raw/word/automotive_report.docx,2026-04-02T16:28:04.761645,python-docx,,"[{'style': 'Title', 'text': 'Automotive Industry Recall Report 2020'}, {'style': 'Normal', 'text': 'This report provides an overview of vehicle recalls issued in 2020. Data sourced from NHTSA database covering major VW Group vehicles.'}, {'style': 'Heading 1', 'text': 'Recall Overview'}, {'style': 'Normal', 'text': 'In 2020, several VW Group vehicles were subject to safety recalls. The recalls covered issues ranging from airbag defects to engine problems.'}, {'style': 'Heading 2', 'text': 'Table with Borders'}, {'style': 'Heading 2', 'text': 'Table without Borders'}, {'style': 'Heading 1', 'text': 'Two-Column Section'}, {'style': 'Normal', 'text': 'Left Column: Audi A4 had 3 recalls in 2020 including airbag and brake issues.'}, {'style': 'Normal', 'text': 'Right Column: Volkswagen Golf had 2 recalls related to electrical systems.'}]","[{'table_index': 0, 'data': [['Make', 'Model', 'Year', 'Recalls'], ['Audi', 'A4', '2020', '3'], ['Volkswagen', 'Golf', '2020', '2'], ['Volkswagen', 'Passat', '2020', '3']]}, {'table_index': 1, 'data': [['Make', 'Model', 'Year', 'Recalls'], ['Audi', 'A4', '2020', '3'], ['Volkswagen', 'Golf', '2020', '2'], ['Volkswagen', 'Passat', '2020', '3']]}]",,,,,,,,,,,,,,,,,,,,,,,,,,,,,,,,,,,,,,,,
excel_extraction,2026-04-02 16:28:04.997,1.0,raw_recalls,,,,,automotive_data.xlsx,excel,/Users/elmedin.karisiksystemverification.com/Documents/private/Automotive-Industry-Tracker/data/raw/excel/automotive_data.xlsx,2026-04-02T16:28:04.962837,openpyxl,,,,"[{'sheet_name': 'Recall Summary', 'rows': [['Make', 'Model', 'Year', 'Recall Count', 'Affected Units', 'Total Cost (USD)'], ['Audi', 'A4', '2020', '3', '15000', '2500000'], ['Volkswagen', 'Golf', '2020', '2', '8200', '1200000'], ['Volkswagen', 'Passat', '2020', '3', '5100', '980000'], ['TOTAL', '', '', '=SUM(D2:D4)', '=SUM(E2:E4)', '=SUM(F2:F4)']]}, {'sheet_name': 'Component Details', 'rows': [['Component', 'Issue', 'Make', 'Model', 'Affected Units'], ['Airbag', 'Inflator rupture', 'Audi', 'A4', '15000'], ['Brakes', 'Brake fluid leak', 'Volkswagen', 'Golf', '8200'], ['Engine', 'Oil pressure loss', 'Volkswagen', 'Passat', '5100']]}]",,,,,,,,,,,,,,,,,,,,,,,,,,,,,,,,,,,,,,,
dynamic_scraping,2026-04-02 16:28:07.074,1.0,raw_recalls,Audi,A4,2020.0,"[{'Manufacturer': 'Volkswagen Group of America, Inc.', 'NHTSACampaignNumber': '22V034000', 'parkIt': False, 'parkOutSide': False, 'overTheAirUpdate': False, 'ReportReceivedDate': '26/01/2022', 'Component': 'TIRES', 'Summary': 'Volkswagen Group of America, Inc. (Audi) is recalling certain 2019-2021 Audi A5 Sportback, RS5 Coupe, RS5 Sportback, S5 Sportback, 2020-2021 A4 Allroad, A4 Sedan, A5 Cabriolet, A5 Coupe, A6 Allroad, A6 Sedan, A7, A8, Q5, S4 Sedan, S5 Coupe, S5 Cabriolet, S6 Sedan, S7, S8, SQ5, 2021 Q5 Sportback, Q7, Q8, RS6 Avant, RS7, RSQ8, SQ5 Sportback, SQ7, and SQ8 vehicles.  The rear axle alignment may not have been inspected after the repairs for Recall 21V-295 (42L1) were performed.', 'Consequence': 'Rear axle misalignment may cause premature or uneven tire wear, increasing the risk of a crash.', 'Remedy': ""Dealers will inspect the rear axle, adjust the alignment as necessary, and replace any prematurely or unevenly worn tires, free of charge.  Owner notification letters were mailed March 3, 2022.  Owners may contact Audi customer service at 1-800-253-2834.  Audi's number for this recall is 42L5."", 'Notes': 'Owners may also contact the National Highway Traffic Safety Administration Vehicle Safety Hotline at 1-888-327-4236 (TTY 1-800-424-9153), or go to www.nhtsa.gov.', 'ModelYear': '2020', 'Make': 'AUDI', 'Model': 'A4'}, {'Manufacturer': 'Volkswagen Group of America, Inc.', 'NHTSACampaignNumber': '21V295000', 'parkIt': False, 'parkOutSide': False, 'overTheAirUpdate': False, 'ReportReceivedDate': '26/04/2021', 'Component': 'SUSPENSION:REAR:AXLE:NON-POWERED AXLE ASSEMBLY', 'Summary': 'Volkswagen Group of America, Inc. (Audi) is recalling certain 2021 Q7, Q8, Q5 Sportback, SQ5 Sportback, RS6 Avant, RS7, RS Q8, 2020-2021 Audi S6 sedan, Q5, A8, S8, A7, A6 Allroad, A5 Cabriolet, A4 sedan, A4 Allroad, SQ5, S7, A6 sedan, S5 coupe, S4 sedan, S5 Cabriolet, A5 coupe, 2019-2021 RS5 coupe, A5 Sportback, S5 Sportback, RS5 Sportback vehicles.  The lock nut on the trailing arm of the rear axle may break due to stress corrosion.', 'Consequence': 'A broken lock nut may misalign the rear axle, causing a loss of control and increasing the risk of a crash.', 'Remedy': ""Dealers will replace the lock nuts and, if necessary, the associated bolts, free of charge.  Owner notification letters were mailed June 4, 2021.  Owners may contact Audi customer service at 1-800-253-2834.  Audi's number for this recall is 42L1."", 'Notes': 'Owners may also contact the National Highway Traffic Safety Administration Vehicle Safety Hotline at 1-888-327-4236 (TTY 1-800-424-9153), or go to www.safercar.gov.', 'ModelYear': '2020', 'Make': 'AUDI', 'Model': 'A4'}, {'Manufacturer': 'Volkswagen Group of America, Inc.', 'NHTSACampaignNumber': '21V874000', 'parkIt': False, 'parkOutSide': False, 'overTheAirUpdate': False, 'ReportReceivedDate': '10/11/2021', 'Component': 'SEATS', 'Summary': 'Volkswagen Group of America, Inc. (Audi) is recalling certain 2017-2020 A4 Allroad, A4 Sedan, 2018-2019 RS5 Coupe, 2019 RS5 Sportback, 2018-2020 A5 Cabriolet, A5 Coupe, A5 Sportback, S4 Sedan, S5 Cabriolet, S5 Coupe, and Audi S5 Sportback vehicles.  The cable connecting the seat heater to the Passenger Occupant Detection System (PODS) may have a contact fault, causing the software to misdiagnose a malfunction and disable the passenger air bag.', 'Consequence': 'A disabled passenger air bag increases the risk of injury in the event of a crash.', 'Remedy': ""Dealers will replace the connecting cable and either the heating mat or entire seat cover, free of charge.  Owner notification letters were mailed January 7, 2022.  Owners may contact Audi customer service at 1-800-253-2834.  Audi's number for this recall is 74E3.  This recall is an expansion of Recall 19V-547 (74D9).  Vehicles previously repaired under 19V-547 will need to return for the new remedy."", 'Notes': 'Owners may also contact the National Highway Traffic Safety Administration Vehicle Safety Hotline at 1-888-327-4236 (TTY 1-800-424-9153), or go to www.nhtsa.gov.', 'ModelYear': '2020', 'Make': 'AUDI', 'Model': 'A4'}]",,,https://api.nhtsa.gov/recalls/recallsByVehicle?make=Audi&model=A4&modelYear=2020,,,,,,,2026-04-02T16:28:07.065431,json_api,,,,,,,,,,,,,,,,,,,,,,,,,,,,,,,,,,,,,
dynamic_scraping,2026-04-02 16:28:08.991,1.0,raw_recalls,Volkswagen,Golf,2020.0,"[{'Manufacturer': 'Volkswagen Group of America, Inc.', 'NHTSACampaignNumber': '22V815000', 'parkIt': False, 'parkOutSide': False, 'overTheAirUpdate': False, 'ReportReceivedDate': '31/10/2022', 'Component': 'TIRES:PRESSURE MONITORING AND REGULATING SYSTEMS', 'Summary': 'Volkswagen Group of America, Inc. (Volkswagen) is recalling certain 2019 Volkswagen Tiguan LWB, Golf Sportswagen A7, Golf Alltrack, Golf R GP, Audi Q3, Audi A3 Cabriolet, 2019-2020 Jetta NF, Jetta GLI, Golf GTI, Atlas, Golf A7, Audi A3, 2020-2021 Atlas Cross Sport, and 2021 Atlas FL vehicles.  The tire pressure monitoring system may not detect an air pressure loss in adequate time when deflating occurs among all four tires simultaneously.  As such, these vehicles fail to comply with the requirements of Federal Motor Vehicle Safety Standard number 138, ""Tire Pressure Monitoring Systems.""', 'Consequence': 'An undetected sudden loss of pressure in all four tires increases the risk of a crash.', 'Remedy': ""Dealers will update the TPMS software, free of charge.  Owner notification letters were mailed November 18, 2022.  Owners may contact Volkswagen's customer service at 1-800-893-5298 or Audi\x92s customer service at 1-800-253-2834.  Volkswagen's numbers for this recall are (Audi) 45J7, and (VW) 45J6 and 45J8."", 'Notes': 'Owners may also contact the National Highway Traffic Safety Administration Vehicle Safety Hotline at 1-888-327-4236 (TTY 1-800-424-9153), or go to www.safercar.gov.', 'ModelYear': '2020', 'Make': 'VOLKSWAGEN', 'Model': 'GOLF'}, {'Manufacturer': 'Volkswagen Group of America, Inc.', 'NHTSACampaignNumber': '24V110000', 'parkIt': False, 'parkOutSide': False, 'overTheAirUpdate': False, 'NHTSAActionNumber': 'RQ23007', 'ReportReceivedDate': '14/02/2024', 'Component': 'FUEL SYSTEM, GASOLINE', 'Summary': 'Volkswagen Group of America, Inc. (Volkswagen) is recalling certain front-wheel drive 2015-2020 Audi A3 Sedan, 2015-2019 Audi A3 Cabriolet, 2019-2020 Volkswagen Jetta GLI, 2018 Golf Sportwagen GP, 2018-2019 Golf Sportwagen A7, 2015-2017 Golf Sportwagen, 2015-2020 Golf GTI, and 2015-2020 Golf A7 vehicles.  Due to a problem with a suction jet pump seal inside the fuel tank, fuel may flow into the evaporative emissions (EVAP) system and possibly leak out of the charcoal canister.', 'Consequence': 'A fuel leak in the presence of an ignition source increases the risk of a fire.', 'Remedy': ""Dealers will replace the suction pump, free of charge.  Final owner notification letters for Audi owners were mailed on July 25, 2024.  Final owner letters for VW owners were mailed on August 13, 2024.  Owners may contact Volkswagen customer service at 1-800-893-5298 or Audi customer service at 1-800-253-2834.  Volkswagen's numbers for this recall are VW: 20UF/Audi: 20YF.  Vehicles that were previously recalled under 16V-647 will need to have the new remedy completed.  This recall expands and replaces previous recall number 16V-647."", 'Notes': 'Owners may also contact the National Highway Traffic Safety Administration Vehicle Safety Hotline at 1-888-327-4236 (TTY 1-800-424-9153), or go to www.nhtsa.gov.', 'ModelYear': '2020', 'Make': 'VOLKSWAGEN', 'Model': 'GOLF'}]",,,https://api.nhtsa.gov/recalls/recallsByVehicle?make=Volkswagen&model=Golf&modelYear=2020,,,,,,,2026-04-02T16:28:08.989132,json_api,,,,,,,,,,,,,,,,,,,,,,,,,,,,,,,,,,,,,
dynamic_scraping,2026-04-02 16:28:10.796,1.0,raw_recalls,Volkswagen,Passat,2020.0,"[{'Manufacturer': 'Volkswagen Group of America, Inc.', 'NHTSACampaignNumber': '19V389000', 'parkIt': False, 'parkOutSide': False, 'overTheAirUpdate': False, 'ReportReceivedDate': '22/05/2019', 'Component': 'EXTERIOR LIGHTING:HEADLIGHTS', 'Summary': 'Volkswagen Group of America, Inc. (Volkswagen) is recalling certain 2012-2020 Volkswagen Passat and 2018-2019 Atlas vehicles.  The blocking cap disabling the adjustment of the headlight\'s horizontal aim may not have been installed.  As such, these vehicles fail to conform to Federal Motor Vehicle Safety Standard (FMVSS) number 108, ""Lamps, Reflective Devices, and Associated Equipment.""', 'Consequence': 'Without the blocking cap, the headlight aim can be adjusted out of specification, reducing visibility and increasing the risk of a crash.', 'Remedy': ""Volkswagen will notify owners, and dealers will inspect and, as necessary, block the headlight horizontal adjustment, free of charge.  The recall began July 16, 2019.  Owners may contact Volkswagen customer service at 1-800-253-2834.  Volkswagen's number for this recall is 94L9."", 'Notes': 'Owners may also contact the National Highway Traffic Safety Administration Vehicle Safety Hotline at 1-888-327-4236 (TTY 1-800-424-9153), or go to www.safercar.gov.', 'ModelYear': '2020', 'Make': 'VOLKSWAGEN', 'Model': 'PASSAT'}, {'Manufacturer': 'Volkswagen Group of America, Inc.', 'NHTSACampaignNumber': '19V218000', 'parkIt': False, 'parkOutSide': False, 'overTheAirUpdate': False, 'ReportReceivedDate': '20/03/2019', 'Component': 'AIR BAGS:SIDE/WINDOW', 'Summary': 'Volkswagen Group of America, Inc. (Volkswagen) is recalling certain 2019 Atlas and 2020 Passat vehicles.  An incorrect driver and/or front passenger side impact air bag may have been installed.', 'Consequence': 'In an event of a side impact crash, an incorrect side airbag may not deploy as intended, increasing the risk of injury.', 'Remedy': ""Volkswagen has inspected and replaced the side air bags, free of charge.  The recall was completed in April 2019.  Owners may contact Volkswagen customer service at 1-800-893-5298.  Volkswagen's number for this recall is 69Y8."", 'Notes': 'Owners may also contact the National Highway Traffic Safety Administration Vehicle Safety Hotline at 1-888-327-4236 (TTY 1-800-424-9153), or go to www.safercar.gov.', 'ModelYear': '2020', 'Make': 'VOLKSWAGEN', 'Model': 'PASSAT'}, {'Manufacturer': 'Volkswagen Group of America, Inc.', 'NHTSACampaignNumber': '20V533000', 'parkIt': False, 'parkOutSide': False, 'overTheAirUpdate': False, 'ReportReceivedDate': '02/09/2020', 'Component': 'AIR BAGS:PASSENGER SIDE FRONTAL:CUSHION', 'Summary': 'Volkswagen Group of America, Inc. (Volkswagen) is recalling certain 2020 Passat vehicles.  The passenger frontal air bag may have been folded incorrectly affecting its deployment force.  As such, these vehicles fail to comply with the requirements of Federal Motor Vehicle Safety Standard number 208, ""Occupant Crash Protection.""', 'Consequence': 'An incorrectly folded air bag can deploy with too much force, increasing the risk of injury.', 'Remedy': ""Volkswagen will notify owners, and dealers will replace the passenger frontal air bag, free of charge.  The recall began October 14, 2020.  Owners may contact Volkswagen customer service at 1-888-241-2289.  Volkswagen's number for this recall is 69AY."", 'Notes': 'Owners may also contact the National Highway Traffic Safety Administration Vehicle Safety Hotline at 1-888-327-4236 (TTY 1-800-424-9153), or go to www.safercar.gov.', 'ModelYear': '2020', 'Make': 'VOLKSWAGEN', 'Model': 'PASSAT'}]",,,https://api.nhtsa.gov/recalls/recallsByVehicle?make=Volkswagen&model=Passat&modelYear=2020,,,,,,,2026-04-02T16:28:10.794478,json_api,,,,,,,,,,,,,,,,,,,,,,,,,,,,,,,,,,,,,
ocr_image,2026-04-02 16:28:12.047,1.0,raw_recalls,,,,,test_scan.png,image_ocr,/Users/elmedin.karisiksystemverification.com/Documents/private/Automotive-Industry-Tracker/data/raw/images/test_scan.png,2026-04-02T16:28:12.043669,pytesseract,,,,,,,"The 2022 Audi RS6 Avant is a high-performance wagon that combines supercar power with everyday practicality. Under the hood, it boasts a 4.0-liter twin-turbocharged V8 engine
producing 591 horsepower and 590 Ib-ft of torque, enabling a 0-60 mph time of just 3.5 seconds. Equipped with Audi's Quattro all-wheel-drive system, adaptive air suspension, and dynamic
Steering, the RS6 delivers exceptional handling and comfort. Its aggressive design features wide fenders, a black honeycomb grille, and large oval exhaust tips, giving it a commanding
Toad presence, With a luxurious, tech-filled interior and ample cargo space, the RSG Avant is the ultimate blend of performance, luxury, and practicality.

Engine: 4.01 V8 Top speed: 190mph
Power: 591bhp 0-60: 31sec
Torque: 799nm Year: 2022
Weight: 2,282kg Country: German
","Cnnr RS6

The 2022 Audi RSG Avant is a high-performance wagon that combines supercar power with everyday practicality. Under the hood, it boasts a 4.0-liter twin-turbocharged V8 engine
producing 591 horsepower and 590 Ib-ft of torque, enabling a 0-60 mph time of just 3.5 seconds. Equipped with Audi's Quattro all-wheel-drive system, adaptive air suspension, and dynamic
steering, the RSG delivers exceptional handling and comfort. Its aggressive design features wide fenders, a black honeycomb grille, and large oval exhaust tips, giving it a commanding
road presence, With a luxurious, tech-filled interior and ample cargo space, the RS6 Avant is the ultimate blend of performance, luxury, and practicality.

Engine: 4.01 V8 Top speed: 190mph
Power: 591bhp 0-60: 31sec
Torque: 799nm Year: 2022
Weight: 2,282kg Country: German

",,,,,,,,,,,,,,,,,,,,,,,,,,,,,,,,,,,
word_extraction,2026-04-02 16:36:05.987,1.0,raw_recalls,,,,,automotive_report.docx,word,/Users/elmedin.karisiksystemverification.com/Documents/private/Automotive-Industry-Tracker/data/raw/word/automotive_report.docx,2026-04-02T16:36:05.780159,python-docx,,"[{'style': 'Title', 'text': 'Automotive Industry Recall Report 2020'}, {'style': 'Normal', 'text': 'This report provides an overview of vehicle recalls issued in 2020. Data sourced from NHTSA database covering major VW Group vehicles.'}, {'style': 'Heading 1', 'text': 'Recall Overview'}, {'style': 'Normal', 'text': 'In 2020, several VW Group vehicles were subject to safety recalls. The recalls covered issues ranging from airbag defects to engine problems.'}, {'style': 'Heading 2', 'text': 'Table with Borders'}, {'style': 'Heading 2', 'text': 'Table without Borders'}, {'style': 'Heading 1', 'text': 'Two-Column Section'}, {'style': 'Normal', 'text': 'Left Column: Audi A4 had 3 recalls in 2020 including airbag and brake issues.'}, {'style': 'Normal', 'text': 'Right Column: Volkswagen Golf had 2 recalls related to electrical systems.'}]","[{'table_index': 0, 'data': [['Make', 'Model', 'Year', 'Recalls'], ['Audi', 'A4', '2020', '3'], ['Volkswagen', 'Golf', '2020', '2'], ['Volkswagen', 'Passat', '2020', '3']]}, {'table_index': 1, 'data': [['Make', 'Model', 'Year', 'Recalls'], ['Audi', 'A4', '2020', '3'], ['Volkswagen', 'Golf', '2020', '2'], ['Volkswagen', 'Passat', '2020', '3']]}]",,,,,,,,,,,,,,,,,,,,,,,,,,,,,,,,,,,,,,,,
excel_extraction,2026-04-02 16:36:06.120,1.0,raw_recalls,,,,,automotive_data.xlsx,excel,/Users/elmedin.karisiksystemverification.com/Documents/private/Automotive-Industry-Tracker/data/raw/excel/automotive_data.xlsx,2026-04-02T16:36:06.081409,openpyxl,,,,"[{'sheet_name': 'Recall Summary', 'rows': [['Make', 'Model', 'Year', 'Recall Count', 'Affected Units', 'Total Cost (USD)'], ['Audi', 'A4', '2020', '3', '15000', '2500000'], ['Volkswagen', 'Golf', '2020', '2', '8200', '1200000'], ['Volkswagen', 'Passat', '2020', '3', '5100', '980000'], ['TOTAL', '', '', '=SUM(D2:D4)', '=SUM(E2:E4)', '=SUM(F2:F4)']]}, {'sheet_name': 'Component Details', 'rows': [['Component', 'Issue', 'Make', 'Model', 'Affected Units'], ['Airbag', 'Inflator rupture', 'Audi', 'A4', '15000'], ['Brakes', 'Brake fluid leak', 'Volkswagen', 'Golf', '8200'], ['Engine', 'Oil pressure loss', 'Volkswagen', 'Passat', '5100']]}]",,,,,,,,,,,,,,,,,,,,,,,,,,,,,,,,,,,,,,,
nhtsa_api,2026-04-02 16:36:08.982,1.0,raw_recalls,Audi,A4,2020.0,"[{'Manufacturer': 'Volkswagen Group of America, Inc.', 'NHTSACampaignNumber': '22V034000', 'parkIt': False, 'parkOutSide': False, 'overTheAirUpdate': False, 'ReportReceivedDate': '26/01/2022', 'Component': 'TIRES', 'Summary': 'Volkswagen Group of America, Inc. (Audi) is recalling certain 2019-2021 Audi A5 Sportback, RS5 Coupe, RS5 Sportback, S5 Sportback, 2020-2021 A4 Allroad, A4 Sedan, A5 Cabriolet, A5 Coupe, A6 Allroad, A6 Sedan, A7, A8, Q5, S4 Sedan, S5 Coupe, S5 Cabriolet, S6 Sedan, S7, S8, SQ5, 2021 Q5 Sportback, Q7, Q8, RS6 Avant, RS7, RSQ8, SQ5 Sportback, SQ7, and SQ8 vehicles.  The rear axle alignment may not have been inspected after the repairs for Recall 21V-295 (42L1) were performed.', 'Consequence': 'Rear axle misalignment may cause premature or uneven tire wear, increasing the risk of a crash.', 'Remedy': ""Dealers will inspect the rear axle, adjust the alignment as necessary, and replace any prematurely or unevenly worn tires, free of charge.  Owner notification letters were mailed March 3, 2022.  Owners may contact Audi customer service at 1-800-253-2834.  Audi's number for this recall is 42L5."", 'Notes': 'Owners may also contact the National Highway Traffic Safety Administration Vehicle Safety Hotline at 1-888-327-4236 (TTY 1-800-424-9153), or go to www.nhtsa.gov.', 'ModelYear': '2020', 'Make': 'AUDI', 'Model': 'A4'}, {'Manufacturer': 'Volkswagen Group of America, Inc.', 'NHTSACampaignNumber': '21V295000', 'parkIt': False, 'parkOutSide': False, 'overTheAirUpdate': False, 'ReportReceivedDate': '26/04/2021', 'Component': 'SUSPENSION:REAR:AXLE:NON-POWERED AXLE ASSEMBLY', 'Summary': 'Volkswagen Group of America, Inc. (Audi) is recalling certain 2021 Q7, Q8, Q5 Sportback, SQ5 Sportback, RS6 Avant, RS7, RS Q8, 2020-2021 Audi S6 sedan, Q5, A8, S8, A7, A6 Allroad, A5 Cabriolet, A4 sedan, A4 Allroad, SQ5, S7, A6 sedan, S5 coupe, S4 sedan, S5 Cabriolet, A5 coupe, 2019-2021 RS5 coupe, A5 Sportback, S5 Sportback, RS5 Sportback vehicles.  The lock nut on the trailing arm of the rear axle may break due to stress corrosion.', 'Consequence': 'A broken lock nut may misalign the rear axle, causing a loss of control and increasing the risk of a crash.', 'Remedy': ""Dealers will replace the lock nuts and, if necessary, the associated bolts, free of charge.  Owner notification letters were mailed June 4, 2021.  Owners may contact Audi customer service at 1-800-253-2834.  Audi's number for this recall is 42L1."", 'Notes': 'Owners may also contact the National Highway Traffic Safety Administration Vehicle Safety Hotline at 1-888-327-4236 (TTY 1-800-424-9153), or go to www.safercar.gov.', 'ModelYear': '2020', 'Make': 'AUDI', 'Model': 'A4'}, {'Manufacturer': 'Volkswagen Group of America, Inc.', 'NHTSACampaignNumber': '21V874000', 'parkIt': False, 'parkOutSide': False, 'overTheAirUpdate': False, 'ReportReceivedDate': '10/11/2021', 'Component': 'SEATS', 'Summary': 'Volkswagen Group of America, Inc. (Audi) is recalling certain 2017-2020 A4 Allroad, A4 Sedan, 2018-2019 RS5 Coupe, 2019 RS5 Sportback, 2018-2020 A5 Cabriolet, A5 Coupe, A5 Sportback, S4 Sedan, S5 Cabriolet, S5 Coupe, and Audi S5 Sportback vehicles.  The cable connecting the seat heater to the Passenger Occupant Detection System (PODS) may have a contact fault, causing the software to misdiagnose a malfunction and disable the passenger air bag.', 'Consequence': 'A disabled passenger air bag increases the risk of injury in the event of a crash.', 'Remedy': ""Dealers will replace the connecting cable and either the heating mat or entire seat cover, free of charge.  Owner notification letters were mailed January 7, 2022.  Owners may contact Audi customer service at 1-800-253-2834.  Audi's number for this recall is 74E3.  This recall is an expansion of Recall 19V-547 (74D9).  Vehicles previously repaired under 19V-547 will need to return for the new remedy."", 'Notes': 'Owners may also contact the National Highway Traffic Safety Administration Vehicle Safety Hotline at 1-888-327-4236 (TTY 1-800-424-9153), or go to www.nhtsa.gov.', 'ModelYear': '2020', 'Make': 'AUDI', 'Model': 'A4'}]",,,,,,,,,,,,,,,,,,,,,,,,,,,,,,,,,,,,,,,,,,,,,,,,
nhtsa_api,2026-04-02 16:36:08.991,1.0,raw_recalls,Volkswagen,Golf,2020.0,"[{'Manufacturer': 'Volkswagen Group of America, Inc.', 'NHTSACampaignNumber': '22V815000', 'parkIt': False, 'parkOutSide': False, 'overTheAirUpdate': False, 'ReportReceivedDate': '31/10/2022', 'Component': 'TIRES:PRESSURE MONITORING AND REGULATING SYSTEMS', 'Summary': 'Volkswagen Group of America, Inc. (Volkswagen) is recalling certain 2019 Volkswagen Tiguan LWB, Golf Sportswagen A7, Golf Alltrack, Golf R GP, Audi Q3, Audi A3 Cabriolet, 2019-2020 Jetta NF, Jetta GLI, Golf GTI, Atlas, Golf A7, Audi A3, 2020-2021 Atlas Cross Sport, and 2021 Atlas FL vehicles.  The tire pressure monitoring system may not detect an air pressure loss in adequate time when deflating occurs among all four tires simultaneously.  As such, these vehicles fail to comply with the requirements of Federal Motor Vehicle Safety Standard number 138, ""Tire Pressure Monitoring Systems.""', 'Consequence': 'An undetected sudden loss of pressure in all four tires increases the risk of a crash.', 'Remedy': ""Dealers will update the TPMS software, free of charge.  Owner notification letters were mailed November 18, 2022.  Owners may contact Volkswagen's customer service at 1-800-893-5298 or Audi\x92s customer service at 1-800-253-2834.  Volkswagen's numbers for this recall are (Audi) 45J7, and (VW) 45J6 and 45J8."", 'Notes': 'Owners may also contact the National Highway Traffic Safety Administration Vehicle Safety Hotline at 1-888-327-4236 (TTY 1-800-424-9153), or go to www.safercar.gov.', 'ModelYear': '2020', 'Make': 'VOLKSWAGEN', 'Model': 'GOLF'}, {'Manufacturer': 'Volkswagen Group of America, Inc.', 'NHTSACampaignNumber': '24V110000', 'parkIt': False, 'parkOutSide': False, 'overTheAirUpdate': False, 'NHTSAActionNumber': 'RQ23007', 'ReportReceivedDate': '14/02/2024', 'Component': 'FUEL SYSTEM, GASOLINE', 'Summary': 'Volkswagen Group of America, Inc. (Volkswagen) is recalling certain front-wheel drive 2015-2020 Audi A3 Sedan, 2015-2019 Audi A3 Cabriolet, 2019-2020 Volkswagen Jetta GLI, 2018 Golf Sportwagen GP, 2018-2019 Golf Sportwagen A7, 2015-2017 Golf Sportwagen, 2015-2020 Golf GTI, and 2015-2020 Golf A7 vehicles.  Due to a problem with a suction jet pump seal inside the fuel tank, fuel may flow into the evaporative emissions (EVAP) system and possibly leak out of the charcoal canister.', 'Consequence': 'A fuel leak in the presence of an ignition source increases the risk of a fire.', 'Remedy': ""Dealers will replace the suction pump, free of charge.  Final owner notification letters for Audi owners were mailed on July 25, 2024.  Final owner letters for VW owners were mailed on August 13, 2024.  Owners may contact Volkswagen customer service at 1-800-893-5298 or Audi customer service at 1-800-253-2834.  Volkswagen's numbers for this recall are VW: 20UF/Audi: 20YF.  Vehicles that were previously recalled under 16V-647 will need to have the new remedy completed.  This recall expands and replaces previous recall number 16V-647."", 'Notes': 'Owners may also contact the National Highway Traffic Safety Administration Vehicle Safety Hotline at 1-888-327-4236 (TTY 1-800-424-9153), or go to www.nhtsa.gov.', 'ModelYear': '2020', 'Make': 'VOLKSWAGEN', 'Model': 'GOLF'}]",,,,,,,,,,,,,,,,,,,,,,,,,,,,,,,,,,,,,,,,,,,,,,,,
nhtsa_api,2026-04-02 16:36:09.007,1.0,raw_recalls,Volkswagen,Passat,2020.0,"[{'Manufacturer': 'Volkswagen Group of America, Inc.', 'NHTSACampaignNumber': '19V389000', 'parkIt': False, 'parkOutSide': False, 'overTheAirUpdate': False, 'ReportReceivedDate': '22/05/2019', 'Component': 'EXTERIOR LIGHTING:HEADLIGHTS', 'Summary': 'Volkswagen Group of America, Inc. (Volkswagen) is recalling certain 2012-2020 Volkswagen Passat and 2018-2019 Atlas vehicles.  The blocking cap disabling the adjustment of the headlight\'s horizontal aim may not have been installed.  As such, these vehicles fail to conform to Federal Motor Vehicle Safety Standard (FMVSS) number 108, ""Lamps, Reflective Devices, and Associated Equipment.""', 'Consequence': 'Without the blocking cap, the headlight aim can be adjusted out of specification, reducing visibility and increasing the risk of a crash.', 'Remedy': ""Volkswagen will notify owners, and dealers will inspect and, as necessary, block the headlight horizontal adjustment, free of charge.  The recall began July 16, 2019.  Owners may contact Volkswagen customer service at 1-800-253-2834.  Volkswagen's number for this recall is 94L9."", 'Notes': 'Owners may also contact the National Highway Traffic Safety Administration Vehicle Safety Hotline at 1-888-327-4236 (TTY 1-800-424-9153), or go to www.safercar.gov.', 'ModelYear': '2020', 'Make': 'VOLKSWAGEN', 'Model': 'PASSAT'}, {'Manufacturer': 'Volkswagen Group of America, Inc.', 'NHTSACampaignNumber': '19V218000', 'parkIt': False, 'parkOutSide': False, 'overTheAirUpdate': False, 'ReportReceivedDate': '20/03/2019', 'Component': 'AIR BAGS:SIDE/WINDOW', 'Summary': 'Volkswagen Group of America, Inc. (Volkswagen) is recalling certain 2019 Atlas and 2020 Passat vehicles.  An incorrect driver and/or front passenger side impact air bag may have been installed.', 'Consequence': 'In an event of a side impact crash, an incorrect side airbag may not deploy as intended, increasing the risk of injury.', 'Remedy': ""Volkswagen has inspected and replaced the side air bags, free of charge.  The recall was completed in April 2019.  Owners may contact Volkswagen customer service at 1-800-893-5298.  Volkswagen's number for this recall is 69Y8."", 'Notes': 'Owners may also contact the National Highway Traffic Safety Administration Vehicle Safety Hotline at 1-888-327-4236 (TTY 1-800-424-9153), or go to www.safercar.gov.', 'ModelYear': '2020', 'Make': 'VOLKSWAGEN', 'Model': 'PASSAT'}, {'Manufacturer': 'Volkswagen Group of America, Inc.', 'NHTSACampaignNumber': '20V533000', 'parkIt': False, 'parkOutSide': False, 'overTheAirUpdate': False, 'ReportReceivedDate': '02/09/2020', 'Component': 'AIR BAGS:PASSENGER SIDE FRONTAL:CUSHION', 'Summary': 'Volkswagen Group of America, Inc. (Volkswagen) is recalling certain 2020 Passat vehicles.  The passenger frontal air bag may have been folded incorrectly affecting its deployment force.  As such, these vehicles fail to comply with the requirements of Federal Motor Vehicle Safety Standard number 208, ""Occupant Crash Protection.""', 'Consequence': 'An incorrectly folded air bag can deploy with too much force, increasing the risk of injury.', 'Remedy': ""Volkswagen will notify owners, and dealers will replace the passenger frontal air bag, free of charge.  The recall began October 14, 2020.  Owners may contact Volkswagen customer service at 1-888-241-2289.  Volkswagen's number for this recall is 69AY."", 'Notes': 'Owners may also contact the National Highway Traffic Safety Administration Vehicle Safety Hotline at 1-888-327-4236 (TTY 1-800-424-9153), or go to www.safercar.gov.', 'ModelYear': '2020', 'Make': 'VOLKSWAGEN', 'Model': 'PASSAT'}]",,,,,,,,,,,,,,,,,,,,,,,,,,,,,,,,,,,,,,,,,,,,,,,,
pdf_extraction,2026-04-02 16:36:09.039,1.0,raw_recalls,,,,,automotive_report_twocolumn.pdf,pdf,/Users/elmedin.karisiksystemverification.com/Documents/private/Automotive-Industry-Tracker/data/raw/pdf/automotive_report_twocolumn.pdf,2026-04-02T16:36:09.011540,pdfplumber,"[{'page_number': 1, 'text': 'Automotive Two-Column Report\nAudi A4 Recalls Volkswagen Golf Recalls\nThe Audi A4 2020 had 3 recalls related to airbag, The Volkswagen Golf 2020 had 2 recalls related to\nbrake, and engine issues reported to NHTSA. electrical systems and fuel systems.\nComponent Recall Details (with borders)\nComponent Issue Affected Units\nAirbag Inflator rupture 15,000\nBrakes Brake fluid leak 8,200\nEngine Oil pressure loss 5,100\nComponent Recall Details (without borders)\nComponent Issue Affected Units\nAirbag Inflator rupture 15,000\nBrakes Brake fluid leak 8,200\nEngine Oil pressure loss 5,100', 'tables': [[['Component', 'Issue', 'Affected Units'], ['Airbag', 'Inflator rupture', '15,000'], ['Brakes', 'Brake fluid leak', '8,200'], ['Engine', 'Oil pressure loss', '5,100']]]}]",,,,,,,,,,,,,,,,,,,,,,,,,,,,,,,,,,,,,,,,,,
pdf_extraction,2026-04-02 16:36:09.062,1.0,raw_recalls,,,,,automotive_report_normal.pdf,pdf,/Users/elmedin.karisiksystemverification.com/Documents/private/Automotive-Industry-Tracker/data/raw/pdf/automotive_report_normal.pdf,2026-04-02T16:36:09.042723,pdfplumber,"[{'page_number': 1, 'text': 'Automotive Industry Recall Report 2020\nIntroduction\nThis report provides an overview of vehicle recalls issued in 2020 for major automotive brands including\nAudi, Volkswagen, and Skoda. Data sourced from NHTSA.\nRecall Summary Table (with borders)\nMake Model Year Recalls\nAudi A4 2020 3\nVolkswagen Golf 2020 2\nVolkswagen Passat 2020 3\nRecall Summary Table (without borders)\nMake Model Year Recalls\nAudi A4 2020 3\nVolkswagen Golf 2020 2\nVolkswagen Passat 2020 3', 'tables': [[['Make', 'Model', 'Year', 'Recalls'], ['Audi', 'A4', '2020', '3'], ['Volkswagen', 'Golf', '2020', '2'], ['Volkswagen', 'Passat', '2020', '3']]]}]",,,,,,,,,,,,,,,,,,,,,,,,,,,,,,,,,,,,,,,,,,
word_extraction,2026-04-02 16:36:09.259,1.0,raw_recalls,,,,,automotive_report.docx,word,/Users/elmedin.karisiksystemverification.com/Documents/private/Automotive-Industry-Tracker/data/raw/word/automotive_report.docx,2026-04-02T16:36:09.065607,python-docx,,"[{'style': 'Title', 'text': 'Automotive Industry Recall Report 2020'}, {'style': 'Normal', 'text': 'This report provides an overview of vehicle recalls issued in 2020. Data sourced from NHTSA database covering major VW Group vehicles.'}, {'style': 'Heading 1', 'text': 'Recall Overview'}, {'style': 'Normal', 'text': 'In 2020, several VW Group vehicles were subject to safety recalls. The recalls covered issues ranging from airbag defects to engine problems.'}, {'style': 'Heading 2', 'text': 'Table with Borders'}, {'style': 'Heading 2', 'text': 'Table without Borders'}, {'style': 'Heading 1', 'text': 'Two-Column Section'}, {'style': 'Normal', 'text': 'Left Column: Audi A4 had 3 recalls in 2020 including airbag and brake issues.'}, {'style': 'Normal', 'text': 'Right Column: Volkswagen Golf had 2 recalls related to electrical systems.'}]","[{'table_index': 0, 'data': [['Make', 'Model', 'Year', 'Recalls'], ['Audi', 'A4', '2020', '3'], ['Volkswagen', 'Golf', '2020', '2'], ['Volkswagen', 'Passat', '2020', '3']]}, {'table_index': 1, 'data': [['Make', 'Model', 'Year', 'Recalls'], ['Audi', 'A4', '2020', '3'], ['Volkswagen', 'Golf', '2020', '2'], ['Volkswagen', 'Passat', '2020', '3']]}]",,,,,,,,,,,,,,,,,,,,,,,,,,,,,,,,,,,,,,,,
excel_extraction,2026-04-02 16:36:09.299,1.0,raw_recalls,,,,,automotive_data.xlsx,excel,/Users/elmedin.karisiksystemverification.com/Documents/private/Automotive-Industry-Tracker/data/raw/excel/automotive_data.xlsx,2026-04-02T16:36:09.263823,openpyxl,,,,"[{'sheet_name': 'Recall Summary', 'rows': [['Make', 'Model', 'Year', 'Recall Count', 'Affected Units', 'Total Cost (USD)'], ['Audi', 'A4', '2020', '3', '15000', '2500000'], ['Volkswagen', 'Golf', '2020', '2', '8200', '1200000'], ['Volkswagen', 'Passat', '2020', '3', '5100', '980000'], ['TOTAL', '', '', '=SUM(D2:D4)', '=SUM(E2:E4)', '=SUM(F2:F4)']]}, {'sheet_name': 'Component Details', 'rows': [['Component', 'Issue', 'Make', 'Model', 'Affected Units'], ['Airbag', 'Inflator rupture', 'Audi', 'A4', '15000'], ['Brakes', 'Brake fluid leak', 'Volkswagen', 'Golf', '8200'], ['Engine', 'Oil pressure loss', 'Volkswagen', 'Passat', '5100']]}]",,,,,,,,,,,,,,,,,,,,,,,,,,,,,,,,,,,,,,,
web_scraping,2026-04-02 16:36:09.314,1.0,raw_recalls,,,,,,,local_html/page_1.html,,,,,,,2026-04-02T16:36:09.309648,,,,Audi A4 2020,"Luxury sedan with 2.0L TFSI engine, 190hp. Known for premium interior and advanced driver assistance.","$39,900",/cars/audi-a4-2020,1.0,,,,,,,,,,,,,,,,,,,,,,,,,,,,,,
web_scraping,2026-04-02 16:36:09.318,1.0,raw_recalls,,,,,,,local_html/page_1.html,,,,,,,2026-04-02T16:36:09.309815,,,,Audi A4 2019,Previous generation A4 with quattro all-wheel drive. Excellent safety ratings from NHTSA.,"$36,500",/cars/audi-a4-2019,1.0,,,,,,,,,,,,,,,,,,,,,,,,,,,,,,
web_scraping,2026-04-02 16:36:09.322,1.0,raw_recalls,,,,,,,local_html/page_1.html,,,,,,,2026-04-02T16:36:09.309945,,,,Audi A4 2018,Reliable executive sedan. NHTSA recall issued for airbag inflator replacement.,"$33,200",/cars/audi-a4-2018,1.0,,,,,,,,,,,,,,,,,,,,,,,,,,,,,,
web_scraping,2026-04-02 16:36:09.325,1.0,raw_recalls,,,,,,,local_html/page_2.html,,,,,,,2026-04-02T16:36:09.311001,,,,Volkswagen Golf 2020,Compact hatchback with 1.4L TSI engine. Popular choice in European markets.,"$23,195",/cars/volkswagen-golf-2020,2.0,,,,,,,,,,,,,,,,,,,,,,,,,,,,,,
web_scraping,2026-04-02 16:36:09.333,1.0,raw_recalls,,,,,,,local_html/page_2.html,,,,,,,2026-04-02T16:36:09.311158,,,,Volkswagen Golf 2019,"Award-winning hatchback. NHTSA recall for brake system defect affecting 8,200 units.","$21,500",/cars/volkswagen-golf-2019,2.0,,,,,,,,,,,,,,,,,,,,,,,,,,,,,,
web_scraping,2026-04-02 16:36:09.336,1.0,raw_recalls,,,,,,,local_html/page_2.html,,,,,,,2026-04-02T16:36:09.311316,,,,Volkswagen Golf GTI 2020,Performance variant with 228hp turbocharged engine and sport suspension.,"$29,995",/cars/volkswagen-golf-gti-2020,2.0,,,,,,,,,,,,,,,,,,,,,,,,,,,,,,
web_scraping,2026-04-02 16:36:09.339,1.0,raw_recalls,,,,,,,local_html/page_3.html,,,,,,,2026-04-02T16:36:09.312203,,,,Volkswagen Passat 2020,Midsize sedan with spacious interior. NHTSA recall for fuel pump defect.,"$24,990",/cars/volkswagen-passat-2020,3.0,,,,,,,,,,,,,,,,,,,,,,,,,,,,,,
web_scraping,2026-04-02 16:36:09.342,1.0,raw_recalls,,,,,,,local_html/page_3.html,,,,,,,2026-04-02T16:36:09.312389,,,,Volkswagen Passat 2019,Business-class sedan with advanced connectivity features and comfort.,"$22,800",/cars/volkswagen-passat-2019,3.0,,,,,,,,,,,,,,,,,,,,,,,,,,,,,,
web_scraping,2026-04-02 16:36:09.345,1.0,raw_recalls,,,,,,,local_html/page_3.html,,,,,,,2026-04-02T16:36:09.312508,,,,Skoda Octavia 2020,Czech-made sedan offering exceptional value. Part of VW Group platform.,"$19,990",/cars/skoda-octavia-2020,3.0,,,,,,,,,,,,,,,,,,,,,,,,,,,,,,
dynamic_scraping,2026-04-02 16:36:11.131,1.0,raw_recalls,Audi,A4,2020.0,"[{'Manufacturer': 'Volkswagen Group of America, Inc.', 'NHTSACampaignNumber': '22V034000', 'parkIt': False, 'parkOutSide': False, 'overTheAirUpdate': False, 'ReportReceivedDate': '26/01/2022', 'Component': 'TIRES', 'Summary': 'Volkswagen Group of America, Inc. (Audi) is recalling certain 2019-2021 Audi A5 Sportback, RS5 Coupe, RS5 Sportback, S5 Sportback, 2020-2021 A4 Allroad, A4 Sedan, A5 Cabriolet, A5 Coupe, A6 Allroad, A6 Sedan, A7, A8, Q5, S4 Sedan, S5 Coupe, S5 Cabriolet, S6 Sedan, S7, S8, SQ5, 2021 Q5 Sportback, Q7, Q8, RS6 Avant, RS7, RSQ8, SQ5 Sportback, SQ7, and SQ8 vehicles.  The rear axle alignment may not have been inspected after the repairs for Recall 21V-295 (42L1) were performed.', 'Consequence': 'Rear axle misalignment may cause premature or uneven tire wear, increasing the risk of a crash.', 'Remedy': ""Dealers will inspect the rear axle, adjust the alignment as necessary, and replace any prematurely or unevenly worn tires, free of charge.  Owner notification letters were mailed March 3, 2022.  Owners may contact Audi customer service at 1-800-253-2834.  Audi's number for this recall is 42L5."", 'Notes': 'Owners may also contact the National Highway Traffic Safety Administration Vehicle Safety Hotline at 1-888-327-4236 (TTY 1-800-424-9153), or go to www.nhtsa.gov.', 'ModelYear': '2020', 'Make': 'AUDI', 'Model': 'A4'}, {'Manufacturer': 'Volkswagen Group of America, Inc.', 'NHTSACampaignNumber': '21V295000', 'parkIt': False, 'parkOutSide': False, 'overTheAirUpdate': False, 'ReportReceivedDate': '26/04/2021', 'Component': 'SUSPENSION:REAR:AXLE:NON-POWERED AXLE ASSEMBLY', 'Summary': 'Volkswagen Group of America, Inc. (Audi) is recalling certain 2021 Q7, Q8, Q5 Sportback, SQ5 Sportback, RS6 Avant, RS7, RS Q8, 2020-2021 Audi S6 sedan, Q5, A8, S8, A7, A6 Allroad, A5 Cabriolet, A4 sedan, A4 Allroad, SQ5, S7, A6 sedan, S5 coupe, S4 sedan, S5 Cabriolet, A5 coupe, 2019-2021 RS5 coupe, A5 Sportback, S5 Sportback, RS5 Sportback vehicles.  The lock nut on the trailing arm of the rear axle may break due to stress corrosion.', 'Consequence': 'A broken lock nut may misalign the rear axle, causing a loss of control and increasing the risk of a crash.', 'Remedy': ""Dealers will replace the lock nuts and, if necessary, the associated bolts, free of charge.  Owner notification letters were mailed June 4, 2021.  Owners may contact Audi customer service at 1-800-253-2834.  Audi's number for this recall is 42L1."", 'Notes': 'Owners may also contact the National Highway Traffic Safety Administration Vehicle Safety Hotline at 1-888-327-4236 (TTY 1-800-424-9153), or go to www.safercar.gov.', 'ModelYear': '2020', 'Make': 'AUDI', 'Model': 'A4'}, {'Manufacturer': 'Volkswagen Group of America, Inc.', 'NHTSACampaignNumber': '21V874000', 'parkIt': False, 'parkOutSide': False, 'overTheAirUpdate': False, 'ReportReceivedDate': '10/11/2021', 'Component': 'SEATS', 'Summary': 'Volkswagen Group of America, Inc. (Audi) is recalling certain 2017-2020 A4 Allroad, A4 Sedan, 2018-2019 RS5 Coupe, 2019 RS5 Sportback, 2018-2020 A5 Cabriolet, A5 Coupe, A5 Sportback, S4 Sedan, S5 Cabriolet, S5 Coupe, and Audi S5 Sportback vehicles.  The cable connecting the seat heater to the Passenger Occupant Detection System (PODS) may have a contact fault, causing the software to misdiagnose a malfunction and disable the passenger air bag.', 'Consequence': 'A disabled passenger air bag increases the risk of injury in the event of a crash.', 'Remedy': ""Dealers will replace the connecting cable and either the heating mat or entire seat cover, free of charge.  Owner notification letters were mailed January 7, 2022.  Owners may contact Audi customer service at 1-800-253-2834.  Audi's number for this recall is 74E3.  This recall is an expansion of Recall 19V-547 (74D9).  Vehicles previously repaired under 19V-547 will need to return for the new remedy."", 'Notes': 'Owners may also contact the National Highway Traffic Safety Administration Vehicle Safety Hotline at 1-888-327-4236 (TTY 1-800-424-9153), or go to www.nhtsa.gov.', 'ModelYear': '2020', 'Make': 'AUDI', 'Model': 'A4'}]",,,https://api.nhtsa.gov/recalls/recallsByVehicle?make=Audi&model=A4&modelYear=2020,,,,,,,2026-04-02T16:36:11.125032,json_api,,,,,,,,,,,,,,,,,,,,,,,,,,,,,,,,,,,,,
dynamic_scraping,2026-04-02 16:36:12.981,1.0,raw_recalls,Volkswagen,Golf,2020.0,"[{'Manufacturer': 'Volkswagen Group of America, Inc.', 'NHTSACampaignNumber': '22V815000', 'parkIt': False, 'parkOutSide': False, 'overTheAirUpdate': False, 'ReportReceivedDate': '31/10/2022', 'Component': 'TIRES:PRESSURE MONITORING AND REGULATING SYSTEMS', 'Summary': 'Volkswagen Group of America, Inc. (Volkswagen) is recalling certain 2019 Volkswagen Tiguan LWB, Golf Sportswagen A7, Golf Alltrack, Golf R GP, Audi Q3, Audi A3 Cabriolet, 2019-2020 Jetta NF, Jetta GLI, Golf GTI, Atlas, Golf A7, Audi A3, 2020-2021 Atlas Cross Sport, and 2021 Atlas FL vehicles.  The tire pressure monitoring system may not detect an air pressure loss in adequate time when deflating occurs among all four tires simultaneously.  As such, these vehicles fail to comply with the requirements of Federal Motor Vehicle Safety Standard number 138, ""Tire Pressure Monitoring Systems.""', 'Consequence': 'An undetected sudden loss of pressure in all four tires increases the risk of a crash.', 'Remedy': ""Dealers will update the TPMS software, free of charge.  Owner notification letters were mailed November 18, 2022.  Owners may contact Volkswagen's customer service at 1-800-893-5298 or Audi\x92s customer service at 1-800-253-2834.  Volkswagen's numbers for this recall are (Audi) 45J7, and (VW) 45J6 and 45J8."", 'Notes': 'Owners may also contact the National Highway Traffic Safety Administration Vehicle Safety Hotline at 1-888-327-4236 (TTY 1-800-424-9153), or go to www.safercar.gov.', 'ModelYear': '2020', 'Make': 'VOLKSWAGEN', 'Model': 'GOLF'}, {'Manufacturer': 'Volkswagen Group of America, Inc.', 'NHTSACampaignNumber': '24V110000', 'parkIt': False, 'parkOutSide': False, 'overTheAirUpdate': False, 'NHTSAActionNumber': 'RQ23007', 'ReportReceivedDate': '14/02/2024', 'Component': 'FUEL SYSTEM, GASOLINE', 'Summary': 'Volkswagen Group of America, Inc. (Volkswagen) is recalling certain front-wheel drive 2015-2020 Audi A3 Sedan, 2015-2019 Audi A3 Cabriolet, 2019-2020 Volkswagen Jetta GLI, 2018 Golf Sportwagen GP, 2018-2019 Golf Sportwagen A7, 2015-2017 Golf Sportwagen, 2015-2020 Golf GTI, and 2015-2020 Golf A7 vehicles.  Due to a problem with a suction jet pump seal inside the fuel tank, fuel may flow into the evaporative emissions (EVAP) system and possibly leak out of the charcoal canister.', 'Consequence': 'A fuel leak in the presence of an ignition source increases the risk of a fire.', 'Remedy': ""Dealers will replace the suction pump, free of charge.  Final owner notification letters for Audi owners were mailed on July 25, 2024.  Final owner letters for VW owners were mailed on August 13, 2024.  Owners may contact Volkswagen customer service at 1-800-893-5298 or Audi customer service at 1-800-253-2834.  Volkswagen's numbers for this recall are VW: 20UF/Audi: 20YF.  Vehicles that were previously recalled under 16V-647 will need to have the new remedy completed.  This recall expands and replaces previous recall number 16V-647."", 'Notes': 'Owners may also contact the National Highway Traffic Safety Administration Vehicle Safety Hotline at 1-888-327-4236 (TTY 1-800-424-9153), or go to www.nhtsa.gov.', 'ModelYear': '2020', 'Make': 'VOLKSWAGEN', 'Model': 'GOLF'}]",,,https://api.nhtsa.gov/recalls/recallsByVehicle?make=Volkswagen&model=Golf&modelYear=2020,,,,,,,2026-04-02T16:36:12.979367,json_api,,,,,,,,,,,,,,,,,,,,,,,,,,,,,,,,,,,,,
dynamic_scraping,2026-04-02 16:36:15.788,1.0,raw_recalls,Volkswagen,Passat,2020.0,"[{'Manufacturer': 'Volkswagen Group of America, Inc.', 'NHTSACampaignNumber': '19V389000', 'parkIt': False, 'parkOutSide': False, 'overTheAirUpdate': False, 'ReportReceivedDate': '22/05/2019', 'Component': 'EXTERIOR LIGHTING:HEADLIGHTS', 'Summary': 'Volkswagen Group of America, Inc. (Volkswagen) is recalling certain 2012-2020 Volkswagen Passat and 2018-2019 Atlas vehicles.  The blocking cap disabling the adjustment of the headlight\'s horizontal aim may not have been installed.  As such, these vehicles fail to conform to Federal Motor Vehicle Safety Standard (FMVSS) number 108, ""Lamps, Reflective Devices, and Associated Equipment.""', 'Consequence': 'Without the blocking cap, the headlight aim can be adjusted out of specification, reducing visibility and increasing the risk of a crash.', 'Remedy': ""Volkswagen will notify owners, and dealers will inspect and, as necessary, block the headlight horizontal adjustment, free of charge.  The recall began July 16, 2019.  Owners may contact Volkswagen customer service at 1-800-253-2834.  Volkswagen's number for this recall is 94L9."", 'Notes': 'Owners may also contact the National Highway Traffic Safety Administration Vehicle Safety Hotline at 1-888-327-4236 (TTY 1-800-424-9153), or go to www.safercar.gov.', 'ModelYear': '2020', 'Make': 'VOLKSWAGEN', 'Model': 'PASSAT'}, {'Manufacturer': 'Volkswagen Group of America, Inc.', 'NHTSACampaignNumber': '19V218000', 'parkIt': False, 'parkOutSide': False, 'overTheAirUpdate': False, 'ReportReceivedDate': '20/03/2019', 'Component': 'AIR BAGS:SIDE/WINDOW', 'Summary': 'Volkswagen Group of America, Inc. (Volkswagen) is recalling certain 2019 Atlas and 2020 Passat vehicles.  An incorrect driver and/or front passenger side impact air bag may have been installed.', 'Consequence': 'In an event of a side impact crash, an incorrect side airbag may not deploy as intended, increasing the risk of injury.', 'Remedy': ""Volkswagen has inspected and replaced the side air bags, free of charge.  The recall was completed in April 2019.  Owners may contact Volkswagen customer service at 1-800-893-5298.  Volkswagen's number for this recall is 69Y8."", 'Notes': 'Owners may also contact the National Highway Traffic Safety Administration Vehicle Safety Hotline at 1-888-327-4236 (TTY 1-800-424-9153), or go to www.safercar.gov.', 'ModelYear': '2020', 'Make': 'VOLKSWAGEN', 'Model': 'PASSAT'}, {'Manufacturer': 'Volkswagen Group of America, Inc.', 'NHTSACampaignNumber': '20V533000', 'parkIt': False, 'parkOutSide': False, 'overTheAirUpdate': False, 'ReportReceivedDate': '02/09/2020', 'Component': 'AIR BAGS:PASSENGER SIDE FRONTAL:CUSHION', 'Summary': 'Volkswagen Group of America, Inc. (Volkswagen) is recalling certain 2020 Passat vehicles.  The passenger frontal air bag may have been folded incorrectly affecting its deployment force.  As such, these vehicles fail to comply with the requirements of Federal Motor Vehicle Safety Standard number 208, ""Occupant Crash Protection.""', 'Consequence': 'An incorrectly folded air bag can deploy with too much force, increasing the risk of injury.', 'Remedy': ""Volkswagen will notify owners, and dealers will replace the passenger frontal air bag, free of charge.  The recall began October 14, 2020.  Owners may contact Volkswagen customer service at 1-888-241-2289.  Volkswagen's number for this recall is 69AY."", 'Notes': 'Owners may also contact the National Highway Traffic Safety Administration Vehicle Safety Hotline at 1-888-327-4236 (TTY 1-800-424-9153), or go to www.safercar.gov.', 'ModelYear': '2020', 'Make': 'VOLKSWAGEN', 'Model': 'PASSAT'}]",,,https://api.nhtsa.gov/recalls/recallsByVehicle?make=Volkswagen&model=Passat&modelYear=2020,,,,,,,2026-04-02T16:36:15.786637,json_api,,,,,,,,,,,,,,,,,,,,,,,,,,,,,,,,,,,,,
ocr_image,2026-04-02 16:36:17.027,1.0,raw_recalls,,,,,test_scan.png,image_ocr,/Users/elmedin.karisiksystemverification.com/Documents/private/Automotive-Industry-Tracker/data/raw/images/test_scan.png,2026-04-02T16:36:17.023746,pytesseract,,,,,,,"The 2022 Audi RS6 Avant is a high-performance wagon that combines supercar power with everyday practicality. Under the hood, it boasts a 4.0-liter twin-turbocharged V8 engine
producing 591 horsepower and 590 Ib-ft of torque, enabling a 0-60 mph time of just 3.5 seconds. Equipped with Audi's Quattro all-wheel-drive system, adaptive air suspension, and dynamic
Steering, the RS6 delivers exceptional handling and comfort. Its aggressive design features wide fenders, a black honeycomb grille, and large oval exhaust tips, giving it a commanding
Toad presence, With a luxurious, tech-filled interior and ample cargo space, the RSG Avant is the ultimate blend of performance, luxury, and practicality.

Engine: 4.01 V8 Top speed: 190mph
Power: 591bhp 0-60: 31sec
Torque: 799nm Year: 2022
Weight: 2,282kg Country: German
","Cnnr RS6

The 2022 Audi RSG Avant is a high-performance wagon that combines supercar power with everyday practicality. Under the hood, it boasts a 4.0-liter twin-turbocharged V8 engine
producing 591 horsepower and 590 Ib-ft of torque, enabling a 0-60 mph time of just 3.5 seconds. Equipped with Audi's Quattro all-wheel-drive system, adaptive air suspension, and dynamic
steering, the RSG delivers exceptional handling and comfort. Its aggressive design features wide fenders, a black honeycomb grille, and large oval exhaust tips, giving it a commanding
road presence, With a luxurious, tech-filled interior and ample cargo space, the RS6 Avant is the ultimate blend of performance, luxury, and practicality.

Engine: 4.01 V8 Top speed: 190mph
Power: 591bhp 0-60: 31sec
Torque: 799nm Year: 2022
Weight: 2,282kg Country: German

",,,,,,,,,,,,,,,,,,,,,,,,,,,,,,,,,,,
word_extraction,2026-04-02 16:40:43.151,1.0,raw_recalls,,,,,automotive_report.docx,word,/Users/elmedin.karisiksystemverification.com/Documents/private/Automotive-Industry-Tracker/data/raw/word/automotive_report.docx,2026-04-02T16:40:42.941534,python-docx,,"[{'style': 'Title', 'text': 'Automotive Industry Recall Report 2020'}, {'style': 'Normal', 'text': 'This report provides an overview of vehicle recalls issued in 2020. Data sourced from NHTSA database covering major VW Group vehicles.'}, {'style': 'Heading 1', 'text': 'Recall Overview'}, {'style': 'Normal', 'text': 'In 2020, several VW Group vehicles were subject to safety recalls. The recalls covered issues ranging from airbag defects to engine problems.'}, {'style': 'Heading 2', 'text': 'Table with Borders'}, {'style': 'Heading 2', 'text': 'Table without Borders'}, {'style': 'Heading 1', 'text': 'Two-Column Section'}, {'style': 'Normal', 'text': 'Left Column: Audi A4 had 3 recalls in 2020 including airbag and brake issues.'}, {'style': 'Normal', 'text': 'Right Column: Volkswagen Golf had 2 recalls related to electrical systems.'}]","[{'table_index': 0, 'data': [['Make', 'Model', 'Year', 'Recalls'], ['Audi', 'A4', '2020', '3'], ['Volkswagen', 'Golf', '2020', '2'], ['Volkswagen', 'Passat', '2020', '3']]}, {'table_index': 1, 'data': [['Make', 'Model', 'Year', 'Recalls'], ['Audi', 'A4', '2020', '3'], ['Volkswagen', 'Golf', '2020', '2'], ['Volkswagen', 'Passat', '2020', '3']]}]",,,,,,,,,,,,,,,,,,,,,,,,,,,,,,,,,,,,,,,,
excel_extraction,2026-04-02 16:40:43.276,1.0,raw_recalls,,,,,automotive_data.xlsx,excel,/Users/elmedin.karisiksystemverification.com/Documents/private/Automotive-Industry-Tracker/data/raw/excel/automotive_data.xlsx,2026-04-02T16:40:43.237028,openpyxl,,,,"[{'sheet_name': 'Recall Summary', 'rows': [['Make', 'Model', 'Year', 'Recall Count', 'Affected Units', 'Total Cost (USD)'], ['Audi', 'A4', '2020', '3', '15000', '2500000'], ['Volkswagen', 'Golf', '2020', '2', '8200', '1200000'], ['Volkswagen', 'Passat', '2020', '3', '5100', '980000'], ['TOTAL', '', '', '=SUM(D2:D4)', '=SUM(E2:E4)', '=SUM(F2:F4)']]}, {'sheet_name': 'Component Details', 'rows': [['Component', 'Issue', 'Make', 'Model', 'Affected Units'], ['Airbag', 'Inflator rupture', 'Audi', 'A4', '15000'], ['Brakes', 'Brake fluid leak', 'Volkswagen', 'Golf', '8200'], ['Engine', 'Oil pressure loss', 'Volkswagen', 'Passat', '5100']]}]",,,,,,,,,,,,,,,,,,,,,,,,,,,,,,,,,,,,,,,
nhtsa_api,2026-04-02 16:40:45.764,1.0,raw_recalls,Audi,A4,2020.0,"[{'Manufacturer': 'Volkswagen Group of America, Inc.', 'NHTSACampaignNumber': '22V034000', 'parkIt': False, 'parkOutSide': False, 'overTheAirUpdate': False, 'ReportReceivedDate': '26/01/2022', 'Component': 'TIRES', 'Summary': 'Volkswagen Group of America, Inc. (Audi) is recalling certain 2019-2021 Audi A5 Sportback, RS5 Coupe, RS5 Sportback, S5 Sportback, 2020-2021 A4 Allroad, A4 Sedan, A5 Cabriolet, A5 Coupe, A6 Allroad, A6 Sedan, A7, A8, Q5, S4 Sedan, S5 Coupe, S5 Cabriolet, S6 Sedan, S7, S8, SQ5, 2021 Q5 Sportback, Q7, Q8, RS6 Avant, RS7, RSQ8, SQ5 Sportback, SQ7, and SQ8 vehicles.  The rear axle alignment may not have been inspected after the repairs for Recall 21V-295 (42L1) were performed.', 'Consequence': 'Rear axle misalignment may cause premature or uneven tire wear, increasing the risk of a crash.', 'Remedy': ""Dealers will inspect the rear axle, adjust the alignment as necessary, and replace any prematurely or unevenly worn tires, free of charge.  Owner notification letters were mailed March 3, 2022.  Owners may contact Audi customer service at 1-800-253-2834.  Audi's number for this recall is 42L5."", 'Notes': 'Owners may also contact the National Highway Traffic Safety Administration Vehicle Safety Hotline at 1-888-327-4236 (TTY 1-800-424-9153), or go to www.nhtsa.gov.', 'ModelYear': '2020', 'Make': 'AUDI', 'Model': 'A4'}, {'Manufacturer': 'Volkswagen Group of America, Inc.', 'NHTSACampaignNumber': '21V295000', 'parkIt': False, 'parkOutSide': False, 'overTheAirUpdate': False, 'ReportReceivedDate': '26/04/2021', 'Component': 'SUSPENSION:REAR:AXLE:NON-POWERED AXLE ASSEMBLY', 'Summary': 'Volkswagen Group of America, Inc. (Audi) is recalling certain 2021 Q7, Q8, Q5 Sportback, SQ5 Sportback, RS6 Avant, RS7, RS Q8, 2020-2021 Audi S6 sedan, Q5, A8, S8, A7, A6 Allroad, A5 Cabriolet, A4 sedan, A4 Allroad, SQ5, S7, A6 sedan, S5 coupe, S4 sedan, S5 Cabriolet, A5 coupe, 2019-2021 RS5 coupe, A5 Sportback, S5 Sportback, RS5 Sportback vehicles.  The lock nut on the trailing arm of the rear axle may break due to stress corrosion.', 'Consequence': 'A broken lock nut may misalign the rear axle, causing a loss of control and increasing the risk of a crash.', 'Remedy': ""Dealers will replace the lock nuts and, if necessary, the associated bolts, free of charge.  Owner notification letters were mailed June 4, 2021.  Owners may contact Audi customer service at 1-800-253-2834.  Audi's number for this recall is 42L1."", 'Notes': 'Owners may also contact the National Highway Traffic Safety Administration Vehicle Safety Hotline at 1-888-327-4236 (TTY 1-800-424-9153), or go to www.safercar.gov.', 'ModelYear': '2020', 'Make': 'AUDI', 'Model': 'A4'}, {'Manufacturer': 'Volkswagen Group of America, Inc.', 'NHTSACampaignNumber': '21V874000', 'parkIt': False, 'parkOutSide': False, 'overTheAirUpdate': False, 'ReportReceivedDate': '10/11/2021', 'Component': 'SEATS', 'Summary': 'Volkswagen Group of America, Inc. (Audi) is recalling certain 2017-2020 A4 Allroad, A4 Sedan, 2018-2019 RS5 Coupe, 2019 RS5 Sportback, 2018-2020 A5 Cabriolet, A5 Coupe, A5 Sportback, S4 Sedan, S5 Cabriolet, S5 Coupe, and Audi S5 Sportback vehicles.  The cable connecting the seat heater to the Passenger Occupant Detection System (PODS) may have a contact fault, causing the software to misdiagnose a malfunction and disable the passenger air bag.', 'Consequence': 'A disabled passenger air bag increases the risk of injury in the event of a crash.', 'Remedy': ""Dealers will replace the connecting cable and either the heating mat or entire seat cover, free of charge.  Owner notification letters were mailed January 7, 2022.  Owners may contact Audi customer service at 1-800-253-2834.  Audi's number for this recall is 74E3.  This recall is an expansion of Recall 19V-547 (74D9).  Vehicles previously repaired under 19V-547 will need to return for the new remedy."", 'Notes': 'Owners may also contact the National Highway Traffic Safety Administration Vehicle Safety Hotline at 1-888-327-4236 (TTY 1-800-424-9153), or go to www.nhtsa.gov.', 'ModelYear': '2020', 'Make': 'AUDI', 'Model': 'A4'}]",,,,,,,,,,,,,,,,,,,,,,,,,,,,,,,,,,,,,,,,,,,,,,,,
nhtsa_api,2026-04-02 16:40:45.773,1.0,raw_recalls,Volkswagen,Golf,2020.0,"[{'Manufacturer': 'Volkswagen Group of America, Inc.', 'NHTSACampaignNumber': '22V815000', 'parkIt': False, 'parkOutSide': False, 'overTheAirUpdate': False, 'ReportReceivedDate': '31/10/2022', 'Component': 'TIRES:PRESSURE MONITORING AND REGULATING SYSTEMS', 'Summary': 'Volkswagen Group of America, Inc. (Volkswagen) is recalling certain 2019 Volkswagen Tiguan LWB, Golf Sportswagen A7, Golf Alltrack, Golf R GP, Audi Q3, Audi A3 Cabriolet, 2019-2020 Jetta NF, Jetta GLI, Golf GTI, Atlas, Golf A7, Audi A3, 2020-2021 Atlas Cross Sport, and 2021 Atlas FL vehicles.  The tire pressure monitoring system may not detect an air pressure loss in adequate time when deflating occurs among all four tires simultaneously.  As such, these vehicles fail to comply with the requirements of Federal Motor Vehicle Safety Standard number 138, ""Tire Pressure Monitoring Systems.""', 'Consequence': 'An undetected sudden loss of pressure in all four tires increases the risk of a crash.', 'Remedy': ""Dealers will update the TPMS software, free of charge.  Owner notification letters were mailed November 18, 2022.  Owners may contact Volkswagen's customer service at 1-800-893-5298 or Audi\x92s customer service at 1-800-253-2834.  Volkswagen's numbers for this recall are (Audi) 45J7, and (VW) 45J6 and 45J8."", 'Notes': 'Owners may also contact the National Highway Traffic Safety Administration Vehicle Safety Hotline at 1-888-327-4236 (TTY 1-800-424-9153), or go to www.safercar.gov.', 'ModelYear': '2020', 'Make': 'VOLKSWAGEN', 'Model': 'GOLF'}, {'Manufacturer': 'Volkswagen Group of America, Inc.', 'NHTSACampaignNumber': '24V110000', 'parkIt': False, 'parkOutSide': False, 'overTheAirUpdate': False, 'NHTSAActionNumber': 'RQ23007', 'ReportReceivedDate': '14/02/2024', 'Component': 'FUEL SYSTEM, GASOLINE', 'Summary': 'Volkswagen Group of America, Inc. (Volkswagen) is recalling certain front-wheel drive 2015-2020 Audi A3 Sedan, 2015-2019 Audi A3 Cabriolet, 2019-2020 Volkswagen Jetta GLI, 2018 Golf Sportwagen GP, 2018-2019 Golf Sportwagen A7, 2015-2017 Golf Sportwagen, 2015-2020 Golf GTI, and 2015-2020 Golf A7 vehicles.  Due to a problem with a suction jet pump seal inside the fuel tank, fuel may flow into the evaporative emissions (EVAP) system and possibly leak out of the charcoal canister.', 'Consequence': 'A fuel leak in the presence of an ignition source increases the risk of a fire.', 'Remedy': ""Dealers will replace the suction pump, free of charge.  Final owner notification letters for Audi owners were mailed on July 25, 2024.  Final owner letters for VW owners were mailed on August 13, 2024.  Owners may contact Volkswagen customer service at 1-800-893-5298 or Audi customer service at 1-800-253-2834.  Volkswagen's numbers for this recall are VW: 20UF/Audi: 20YF.  Vehicles that were previously recalled under 16V-647 will need to have the new remedy completed.  This recall expands and replaces previous recall number 16V-647."", 'Notes': 'Owners may also contact the National Highway Traffic Safety Administration Vehicle Safety Hotline at 1-888-327-4236 (TTY 1-800-424-9153), or go to www.nhtsa.gov.', 'ModelYear': '2020', 'Make': 'VOLKSWAGEN', 'Model': 'GOLF'}]",,,,,,,,,,,,,,,,,,,,,,,,,,,,,,,,,,,,,,,,,,,,,,,,
nhtsa_api,2026-04-02 16:40:45.780,1.0,raw_recalls,Volkswagen,Passat,2020.0,"[{'Manufacturer': 'Volkswagen Group of America, Inc.', 'NHTSACampaignNumber': '19V389000', 'parkIt': False, 'parkOutSide': False, 'overTheAirUpdate': False, 'ReportReceivedDate': '22/05/2019', 'Component': 'EXTERIOR LIGHTING:HEADLIGHTS', 'Summary': 'Volkswagen Group of America, Inc. (Volkswagen) is recalling certain 2012-2020 Volkswagen Passat and 2018-2019 Atlas vehicles.  The blocking cap disabling the adjustment of the headlight\'s horizontal aim may not have been installed.  As such, these vehicles fail to conform to Federal Motor Vehicle Safety Standard (FMVSS) number 108, ""Lamps, Reflective Devices, and Associated Equipment.""', 'Consequence': 'Without the blocking cap, the headlight aim can be adjusted out of specification, reducing visibility and increasing the risk of a crash.', 'Remedy': ""Volkswagen will notify owners, and dealers will inspect and, as necessary, block the headlight horizontal adjustment, free of charge.  The recall began July 16, 2019.  Owners may contact Volkswagen customer service at 1-800-253-2834.  Volkswagen's number for this recall is 94L9."", 'Notes': 'Owners may also contact the National Highway Traffic Safety Administration Vehicle Safety Hotline at 1-888-327-4236 (TTY 1-800-424-9153), or go to www.safercar.gov.', 'ModelYear': '2020', 'Make': 'VOLKSWAGEN', 'Model': 'PASSAT'}, {'Manufacturer': 'Volkswagen Group of America, Inc.', 'NHTSACampaignNumber': '19V218000', 'parkIt': False, 'parkOutSide': False, 'overTheAirUpdate': False, 'ReportReceivedDate': '20/03/2019', 'Component': 'AIR BAGS:SIDE/WINDOW', 'Summary': 'Volkswagen Group of America, Inc. (Volkswagen) is recalling certain 2019 Atlas and 2020 Passat vehicles.  An incorrect driver and/or front passenger side impact air bag may have been installed.', 'Consequence': 'In an event of a side impact crash, an incorrect side airbag may not deploy as intended, increasing the risk of injury.', 'Remedy': ""Volkswagen has inspected and replaced the side air bags, free of charge.  The recall was completed in April 2019.  Owners may contact Volkswagen customer service at 1-800-893-5298.  Volkswagen's number for this recall is 69Y8."", 'Notes': 'Owners may also contact the National Highway Traffic Safety Administration Vehicle Safety Hotline at 1-888-327-4236 (TTY 1-800-424-9153), or go to www.safercar.gov.', 'ModelYear': '2020', 'Make': 'VOLKSWAGEN', 'Model': 'PASSAT'}, {'Manufacturer': 'Volkswagen Group of America, Inc.', 'NHTSACampaignNumber': '20V533000', 'parkIt': False, 'parkOutSide': False, 'overTheAirUpdate': False, 'ReportReceivedDate': '02/09/2020', 'Component': 'AIR BAGS:PASSENGER SIDE FRONTAL:CUSHION', 'Summary': 'Volkswagen Group of America, Inc. (Volkswagen) is recalling certain 2020 Passat vehicles.  The passenger frontal air bag may have been folded incorrectly affecting its deployment force.  As such, these vehicles fail to comply with the requirements of Federal Motor Vehicle Safety Standard number 208, ""Occupant Crash Protection.""', 'Consequence': 'An incorrectly folded air bag can deploy with too much force, increasing the risk of injury.', 'Remedy': ""Volkswagen will notify owners, and dealers will replace the passenger frontal air bag, free of charge.  The recall began October 14, 2020.  Owners may contact Volkswagen customer service at 1-888-241-2289.  Volkswagen's number for this recall is 69AY."", 'Notes': 'Owners may also contact the National Highway Traffic Safety Administration Vehicle Safety Hotline at 1-888-327-4236 (TTY 1-800-424-9153), or go to www.safercar.gov.', 'ModelYear': '2020', 'Make': 'VOLKSWAGEN', 'Model': 'PASSAT'}]",,,,,,,,,,,,,,,,,,,,,,,,,,,,,,,,,,,,,,,,,,,,,,,,
pdf_extraction,2026-04-02 16:40:45.821,1.0,raw_recalls,,,,,automotive_report_twocolumn.pdf,pdf,/Users/elmedin.karisiksystemverification.com/Documents/private/Automotive-Industry-Tracker/data/raw/pdf/automotive_report_twocolumn.pdf,2026-04-02T16:40:45.790668,pdfplumber,"[{'page_number': 1, 'text': 'Automotive Two-Column Report\nAudi A4 Recalls Volkswagen Golf Recalls\nThe Audi A4 2020 had 3 recalls related to airbag, The Volkswagen Golf 2020 had 2 recalls related to\nbrake, and engine issues reported to NHTSA. electrical systems and fuel systems.\nComponent Recall Details (with borders)\nComponent Issue Affected Units\nAirbag Inflator rupture 15,000\nBrakes Brake fluid leak 8,200\nEngine Oil pressure loss 5,100\nComponent Recall Details (without borders)\nComponent Issue Affected Units\nAirbag Inflator rupture 15,000\nBrakes Brake fluid leak 8,200\nEngine Oil pressure loss 5,100', 'tables': [[['Component', 'Issue', 'Affected Units'], ['Airbag', 'Inflator rupture', '15,000'], ['Brakes', 'Brake fluid leak', '8,200'], ['Engine', 'Oil pressure loss', '5,100']]]}]",,,,,,,,,,,,,,,,,,,,,,,,,,,,,,,,,,,,,,,,,,
pdf_extraction,2026-04-02 16:40:45.844,1.0,raw_recalls,,,,,automotive_report_normal.pdf,pdf,/Users/elmedin.karisiksystemverification.com/Documents/private/Automotive-Industry-Tracker/data/raw/pdf/automotive_report_normal.pdf,2026-04-02T16:40:45.824449,pdfplumber,"[{'page_number': 1, 'text': 'Automotive Industry Recall Report 2020\nIntroduction\nThis report provides an overview of vehicle recalls issued in 2020 for major automotive brands including\nAudi, Volkswagen, and Skoda. Data sourced from NHTSA.\nRecall Summary Table (with borders)\nMake Model Year Recalls\nAudi A4 2020 3\nVolkswagen Golf 2020 2\nVolkswagen Passat 2020 3\nRecall Summary Table (without borders)\nMake Model Year Recalls\nAudi A4 2020 3\nVolkswagen Golf 2020 2\nVolkswagen Passat 2020 3', 'tables': [[['Make', 'Model', 'Year', 'Recalls'], ['Audi', 'A4', '2020', '3'], ['Volkswagen', 'Golf', '2020', '2'], ['Volkswagen', 'Passat', '2020', '3']]]}]",,,,,,,,,,,,,,,,,,,,,,,,,,,,,,,,,,,,,,,,,,
word_extraction,2026-04-02 16:40:46.045,1.0,raw_recalls,,,,,automotive_report.docx,word,/Users/elmedin.karisiksystemverification.com/Documents/private/Automotive-Industry-Tracker/data/raw/word/automotive_report.docx,2026-04-02T16:40:45.848378,python-docx,,"[{'style': 'Title', 'text': 'Automotive Industry Recall Report 2020'}, {'style': 'Normal', 'text': 'This report provides an overview of vehicle recalls issued in 2020. Data sourced from NHTSA database covering major VW Group vehicles.'}, {'style': 'Heading 1', 'text': 'Recall Overview'}, {'style': 'Normal', 'text': 'In 2020, several VW Group vehicles were subject to safety recalls. The recalls covered issues ranging from airbag defects to engine problems.'}, {'style': 'Heading 2', 'text': 'Table with Borders'}, {'style': 'Heading 2', 'text': 'Table without Borders'}, {'style': 'Heading 1', 'text': 'Two-Column Section'}, {'style': 'Normal', 'text': 'Left Column: Audi A4 had 3 recalls in 2020 including airbag and brake issues.'}, {'style': 'Normal', 'text': 'Right Column: Volkswagen Golf had 2 recalls related to electrical systems.'}]","[{'table_index': 0, 'data': [['Make', 'Model', 'Year', 'Recalls'], ['Audi', 'A4', '2020', '3'], ['Volkswagen', 'Golf', '2020', '2'], ['Volkswagen', 'Passat', '2020', '3']]}, {'table_index': 1, 'data': [['Make', 'Model', 'Year', 'Recalls'], ['Audi', 'A4', '2020', '3'], ['Volkswagen', 'Golf', '2020', '2'], ['Volkswagen', 'Passat', '2020', '3']]}]",,,,,,,,,,,,,,,,,,,,,,,,,,,,,,,,,,,,,,,,
excel_extraction,2026-04-02 16:40:46.085,1.0,raw_recalls,,,,,automotive_data.xlsx,excel,/Users/elmedin.karisiksystemverification.com/Documents/private/Automotive-Industry-Tracker/data/raw/excel/automotive_data.xlsx,2026-04-02T16:40:46.050726,openpyxl,,,,"[{'sheet_name': 'Recall Summary', 'rows': [['Make', 'Model', 'Year', 'Recall Count', 'Affected Units', 'Total Cost (USD)'], ['Audi', 'A4', '2020', '3', '15000', '2500000'], ['Volkswagen', 'Golf', '2020', '2', '8200', '1200000'], ['Volkswagen', 'Passat', '2020', '3', '5100', '980000'], ['TOTAL', '', '', '=SUM(D2:D4)', '=SUM(E2:E4)', '=SUM(F2:F4)']]}, {'sheet_name': 'Component Details', 'rows': [['Component', 'Issue', 'Make', 'Model', 'Affected Units'], ['Airbag', 'Inflator rupture', 'Audi', 'A4', '15000'], ['Brakes', 'Brake fluid leak', 'Volkswagen', 'Golf', '8200'], ['Engine', 'Oil pressure loss', 'Volkswagen', 'Passat', '5100']]}]",,,,,,,,,,,,,,,,,,,,,,,,,,,,,,,,,,,,,,,
web_scraping,2026-04-02 16:40:46.097,1.0,raw_recalls,,,,,,,local_html/page_1.html,,,,,,,2026-04-02T16:40:46.092180,,,,Audi A4 2020,"Luxury sedan with 2.0L TFSI engine, 190hp. Known for premium interior and advanced driver assistance.","$39,900",/cars/audi-a4-2020,1.0,,,,,,,,,,,,,,,,,,,,,,,,,,,,,,
web_scraping,2026-04-02 16:40:46.100,1.0,raw_recalls,,,,,,,local_html/page_1.html,,,,,,,2026-04-02T16:40:46.092323,,,,Audi A4 2019,Previous generation A4 with quattro all-wheel drive. Excellent safety ratings from NHTSA.,"$36,500",/cars/audi-a4-2019,1.0,,,,,,,,,,,,,,,,,,,,,,,,,,,,,,
web_scraping,2026-04-02 16:40:46.105,1.0,raw_recalls,,,,,,,local_html/page_1.html,,,,,,,2026-04-02T16:40:46.092440,,,,Audi A4 2018,Reliable executive sedan. NHTSA recall issued for airbag inflator replacement.,"$33,200",/cars/audi-a4-2018,1.0,,,,,,,,,,,,,,,,,,,,,,,,,,,,,,
web_scraping,2026-04-02 16:40:46.108,1.0,raw_recalls,,,,,,,local_html/page_2.html,,,,,,,2026-04-02T16:40:46.093157,,,,Volkswagen Golf 2020,Compact hatchback with 1.4L TSI engine. Popular choice in European markets.,"$23,195",/cars/volkswagen-golf-2020,2.0,,,,,,,,,,,,,,,,,,,,,,,,,,,,,,
web_scraping,2026-04-02 16:40:46.112,1.0,raw_recalls,,,,,,,local_html/page_2.html,,,,,,,2026-04-02T16:40:46.093278,,,,Volkswagen Golf 2019,"Award-winning hatchback. NHTSA recall for brake system defect affecting 8,200 units.","$21,500",/cars/volkswagen-golf-2019,2.0,,,,,,,,,,,,,,,,,,,,,,,,,,,,,,
web_scraping,2026-04-02 16:40:46.116,1.0,raw_recalls,,,,,,,local_html/page_2.html,,,,,,,2026-04-02T16:40:46.093392,,,,Volkswagen Golf GTI 2020,Performance variant with 228hp turbocharged engine and sport suspension.,"$29,995",/cars/volkswagen-golf-gti-2020,2.0,,,,,,,,,,,,,,,,,,,,,,,,,,,,,,
web_scraping,2026-04-02 16:40:46.119,1.0,raw_recalls,,,,,,,local_html/page_3.html,,,,,,,2026-04-02T16:40:46.094040,,,,Volkswagen Passat 2020,Midsize sedan with spacious interior. NHTSA recall for fuel pump defect.,"$24,990",/cars/volkswagen-passat-2020,3.0,,,,,,,,,,,,,,,,,,,,,,,,,,,,,,
web_scraping,2026-04-02 16:40:46.123,1.0,raw_recalls,,,,,,,local_html/page_3.html,,,,,,,2026-04-02T16:40:46.094158,,,,Volkswagen Passat 2019,Business-class sedan with advanced connectivity features and comfort.,"$22,800",/cars/volkswagen-passat-2019,3.0,,,,,,,,,,,,,,,,,,,,,,,,,,,,,,
web_scraping,2026-04-02 16:40:46.125,1.0,raw_recalls,,,,,,,local_html/page_3.html,,,,,,,2026-04-02T16:40:46.094273,,,,Skoda Octavia 2020,Czech-made sedan offering exceptional value. Part of VW Group platform.,"$19,990",/cars/skoda-octavia-2020,3.0,,,,,,,,,,,,,,,,,,,,,,,,,,,,,,
dynamic_scraping,2026-04-02 16:40:47.943,1.0,raw_recalls,Audi,A4,2020.0,"[{'Manufacturer': 'Volkswagen Group of America, Inc.', 'NHTSACampaignNumber': '22V034000', 'parkIt': False, 'parkOutSide': False, 'overTheAirUpdate': False, 'ReportReceivedDate': '26/01/2022', 'Component': 'TIRES', 'Summary': 'Volkswagen Group of America, Inc. (Audi) is recalling certain 2019-2021 Audi A5 Sportback, RS5 Coupe, RS5 Sportback, S5 Sportback, 2020-2021 A4 Allroad, A4 Sedan, A5 Cabriolet, A5 Coupe, A6 Allroad, A6 Sedan, A7, A8, Q5, S4 Sedan, S5 Coupe, S5 Cabriolet, S6 Sedan, S7, S8, SQ5, 2021 Q5 Sportback, Q7, Q8, RS6 Avant, RS7, RSQ8, SQ5 Sportback, SQ7, and SQ8 vehicles.  The rear axle alignment may not have been inspected after the repairs for Recall 21V-295 (42L1) were performed.', 'Consequence': 'Rear axle misalignment may cause premature or uneven tire wear, increasing the risk of a crash.', 'Remedy': ""Dealers will inspect the rear axle, adjust the alignment as necessary, and replace any prematurely or unevenly worn tires, free of charge.  Owner notification letters were mailed March 3, 2022.  Owners may contact Audi customer service at 1-800-253-2834.  Audi's number for this recall is 42L5."", 'Notes': 'Owners may also contact the National Highway Traffic Safety Administration Vehicle Safety Hotline at 1-888-327-4236 (TTY 1-800-424-9153), or go to www.nhtsa.gov.', 'ModelYear': '2020', 'Make': 'AUDI', 'Model': 'A4'}, {'Manufacturer': 'Volkswagen Group of America, Inc.', 'NHTSACampaignNumber': '21V295000', 'parkIt': False, 'parkOutSide': False, 'overTheAirUpdate': False, 'ReportReceivedDate': '26/04/2021', 'Component': 'SUSPENSION:REAR:AXLE:NON-POWERED AXLE ASSEMBLY', 'Summary': 'Volkswagen Group of America, Inc. (Audi) is recalling certain 2021 Q7, Q8, Q5 Sportback, SQ5 Sportback, RS6 Avant, RS7, RS Q8, 2020-2021 Audi S6 sedan, Q5, A8, S8, A7, A6 Allroad, A5 Cabriolet, A4 sedan, A4 Allroad, SQ5, S7, A6 sedan, S5 coupe, S4 sedan, S5 Cabriolet, A5 coupe, 2019-2021 RS5 coupe, A5 Sportback, S5 Sportback, RS5 Sportback vehicles.  The lock nut on the trailing arm of the rear axle may break due to stress corrosion.', 'Consequence': 'A broken lock nut may misalign the rear axle, causing a loss of control and increasing the risk of a crash.', 'Remedy': ""Dealers will replace the lock nuts and, if necessary, the associated bolts, free of charge.  Owner notification letters were mailed June 4, 2021.  Owners may contact Audi customer service at 1-800-253-2834.  Audi's number for this recall is 42L1."", 'Notes': 'Owners may also contact the National Highway Traffic Safety Administration Vehicle Safety Hotline at 1-888-327-4236 (TTY 1-800-424-9153), or go to www.safercar.gov.', 'ModelYear': '2020', 'Make': 'AUDI', 'Model': 'A4'}, {'Manufacturer': 'Volkswagen Group of America, Inc.', 'NHTSACampaignNumber': '21V874000', 'parkIt': False, 'parkOutSide': False, 'overTheAirUpdate': False, 'ReportReceivedDate': '10/11/2021', 'Component': 'SEATS', 'Summary': 'Volkswagen Group of America, Inc. (Audi) is recalling certain 2017-2020 A4 Allroad, A4 Sedan, 2018-2019 RS5 Coupe, 2019 RS5 Sportback, 2018-2020 A5 Cabriolet, A5 Coupe, A5 Sportback, S4 Sedan, S5 Cabriolet, S5 Coupe, and Audi S5 Sportback vehicles.  The cable connecting the seat heater to the Passenger Occupant Detection System (PODS) may have a contact fault, causing the software to misdiagnose a malfunction and disable the passenger air bag.', 'Consequence': 'A disabled passenger air bag increases the risk of injury in the event of a crash.', 'Remedy': ""Dealers will replace the connecting cable and either the heating mat or entire seat cover, free of charge.  Owner notification letters were mailed January 7, 2022.  Owners may contact Audi customer service at 1-800-253-2834.  Audi's number for this recall is 74E3.  This recall is an expansion of Recall 19V-547 (74D9).  Vehicles previously repaired under 19V-547 will need to return for the new remedy."", 'Notes': 'Owners may also contact the National Highway Traffic Safety Administration Vehicle Safety Hotline at 1-888-327-4236 (TTY 1-800-424-9153), or go to www.nhtsa.gov.', 'ModelYear': '2020', 'Make': 'AUDI', 'Model': 'A4'}]",,,https://api.nhtsa.gov/recalls/recallsByVehicle?make=Audi&model=A4&modelYear=2020,,,,,,,2026-04-02T16:40:47.933225,json_api,,,,,,,,,,,,,,,,,,,,,,,,,,,,,,,,,,,,,
dynamic_scraping,2026-04-02 16:40:49.772,1.0,raw_recalls,Volkswagen,Golf,2020.0,"[{'Manufacturer': 'Volkswagen Group of America, Inc.', 'NHTSACampaignNumber': '22V815000', 'parkIt': False, 'parkOutSide': False, 'overTheAirUpdate': False, 'ReportReceivedDate': '31/10/2022', 'Component': 'TIRES:PRESSURE MONITORING AND REGULATING SYSTEMS', 'Summary': 'Volkswagen Group of America, Inc. (Volkswagen) is recalling certain 2019 Volkswagen Tiguan LWB, Golf Sportswagen A7, Golf Alltrack, Golf R GP, Audi Q3, Audi A3 Cabriolet, 2019-2020 Jetta NF, Jetta GLI, Golf GTI, Atlas, Golf A7, Audi A3, 2020-2021 Atlas Cross Sport, and 2021 Atlas FL vehicles.  The tire pressure monitoring system may not detect an air pressure loss in adequate time when deflating occurs among all four tires simultaneously.  As such, these vehicles fail to comply with the requirements of Federal Motor Vehicle Safety Standard number 138, ""Tire Pressure Monitoring Systems.""', 'Consequence': 'An undetected sudden loss of pressure in all four tires increases the risk of a crash.', 'Remedy': ""Dealers will update the TPMS software, free of charge.  Owner notification letters were mailed November 18, 2022.  Owners may contact Volkswagen's customer service at 1-800-893-5298 or Audi\x92s customer service at 1-800-253-2834.  Volkswagen's numbers for this recall are (Audi) 45J7, and (VW) 45J6 and 45J8."", 'Notes': 'Owners may also contact the National Highway Traffic Safety Administration Vehicle Safety Hotline at 1-888-327-4236 (TTY 1-800-424-9153), or go to www.safercar.gov.', 'ModelYear': '2020', 'Make': 'VOLKSWAGEN', 'Model': 'GOLF'}, {'Manufacturer': 'Volkswagen Group of America, Inc.', 'NHTSACampaignNumber': '24V110000', 'parkIt': False, 'parkOutSide': False, 'overTheAirUpdate': False, 'NHTSAActionNumber': 'RQ23007', 'ReportReceivedDate': '14/02/2024', 'Component': 'FUEL SYSTEM, GASOLINE', 'Summary': 'Volkswagen Group of America, Inc. (Volkswagen) is recalling certain front-wheel drive 2015-2020 Audi A3 Sedan, 2015-2019 Audi A3 Cabriolet, 2019-2020 Volkswagen Jetta GLI, 2018 Golf Sportwagen GP, 2018-2019 Golf Sportwagen A7, 2015-2017 Golf Sportwagen, 2015-2020 Golf GTI, and 2015-2020 Golf A7 vehicles.  Due to a problem with a suction jet pump seal inside the fuel tank, fuel may flow into the evaporative emissions (EVAP) system and possibly leak out of the charcoal canister.', 'Consequence': 'A fuel leak in the presence of an ignition source increases the risk of a fire.', 'Remedy': ""Dealers will replace the suction pump, free of charge.  Final owner notification letters for Audi owners were mailed on July 25, 2024.  Final owner letters for VW owners were mailed on August 13, 2024.  Owners may contact Volkswagen customer service at 1-800-893-5298 or Audi customer service at 1-800-253-2834.  Volkswagen's numbers for this recall are VW: 20UF/Audi: 20YF.  Vehicles that were previously recalled under 16V-647 will need to have the new remedy completed.  This recall expands and replaces previous recall number 16V-647."", 'Notes': 'Owners may also contact the National Highway Traffic Safety Administration Vehicle Safety Hotline at 1-888-327-4236 (TTY 1-800-424-9153), or go to www.nhtsa.gov.', 'ModelYear': '2020', 'Make': 'VOLKSWAGEN', 'Model': 'GOLF'}]",,,https://api.nhtsa.gov/recalls/recallsByVehicle?make=Volkswagen&model=Golf&modelYear=2020,,,,,,,2026-04-02T16:40:49.769841,json_api,,,,,,,,,,,,,,,,,,,,,,,,,,,,,,,,,,,,,
dynamic_scraping,2026-04-02 16:40:51.571,1.0,raw_recalls,Volkswagen,Passat,2020.0,"[{'Manufacturer': 'Volkswagen Group of America, Inc.', 'NHTSACampaignNumber': '19V389000', 'parkIt': False, 'parkOutSide': False, 'overTheAirUpdate': False, 'ReportReceivedDate': '22/05/2019', 'Component': 'EXTERIOR LIGHTING:HEADLIGHTS', 'Summary': 'Volkswagen Group of America, Inc. (Volkswagen) is recalling certain 2012-2020 Volkswagen Passat and 2018-2019 Atlas vehicles.  The blocking cap disabling the adjustment of the headlight\'s horizontal aim may not have been installed.  As such, these vehicles fail to conform to Federal Motor Vehicle Safety Standard (FMVSS) number 108, ""Lamps, Reflective Devices, and Associated Equipment.""', 'Consequence': 'Without the blocking cap, the headlight aim can be adjusted out of specification, reducing visibility and increasing the risk of a crash.', 'Remedy': ""Volkswagen will notify owners, and dealers will inspect and, as necessary, block the headlight horizontal adjustment, free of charge.  The recall began July 16, 2019.  Owners may contact Volkswagen customer service at 1-800-253-2834.  Volkswagen's number for this recall is 94L9."", 'Notes': 'Owners may also contact the National Highway Traffic Safety Administration Vehicle Safety Hotline at 1-888-327-4236 (TTY 1-800-424-9153), or go to www.safercar.gov.', 'ModelYear': '2020', 'Make': 'VOLKSWAGEN', 'Model': 'PASSAT'}, {'Manufacturer': 'Volkswagen Group of America, Inc.', 'NHTSACampaignNumber': '19V218000', 'parkIt': False, 'parkOutSide': False, 'overTheAirUpdate': False, 'ReportReceivedDate': '20/03/2019', 'Component': 'AIR BAGS:SIDE/WINDOW', 'Summary': 'Volkswagen Group of America, Inc. (Volkswagen) is recalling certain 2019 Atlas and 2020 Passat vehicles.  An incorrect driver and/or front passenger side impact air bag may have been installed.', 'Consequence': 'In an event of a side impact crash, an incorrect side airbag may not deploy as intended, increasing the risk of injury.', 'Remedy': ""Volkswagen has inspected and replaced the side air bags, free of charge.  The recall was completed in April 2019.  Owners may contact Volkswagen customer service at 1-800-893-5298.  Volkswagen's number for this recall is 69Y8."", 'Notes': 'Owners may also contact the National Highway Traffic Safety Administration Vehicle Safety Hotline at 1-888-327-4236 (TTY 1-800-424-9153), or go to www.safercar.gov.', 'ModelYear': '2020', 'Make': 'VOLKSWAGEN', 'Model': 'PASSAT'}, {'Manufacturer': 'Volkswagen Group of America, Inc.', 'NHTSACampaignNumber': '20V533000', 'parkIt': False, 'parkOutSide': False, 'overTheAirUpdate': False, 'ReportReceivedDate': '02/09/2020', 'Component': 'AIR BAGS:PASSENGER SIDE FRONTAL:CUSHION', 'Summary': 'Volkswagen Group of America, Inc. (Volkswagen) is recalling certain 2020 Passat vehicles.  The passenger frontal air bag may have been folded incorrectly affecting its deployment force.  As such, these vehicles fail to comply with the requirements of Federal Motor Vehicle Safety Standard number 208, ""Occupant Crash Protection.""', 'Consequence': 'An incorrectly folded air bag can deploy with too much force, increasing the risk of injury.', 'Remedy': ""Volkswagen will notify owners, and dealers will replace the passenger frontal air bag, free of charge.  The recall began October 14, 2020.  Owners may contact Volkswagen customer service at 1-888-241-2289.  Volkswagen's number for this recall is 69AY."", 'Notes': 'Owners may also contact the National Highway Traffic Safety Administration Vehicle Safety Hotline at 1-888-327-4236 (TTY 1-800-424-9153), or go to www.safercar.gov.', 'ModelYear': '2020', 'Make': 'VOLKSWAGEN', 'Model': 'PASSAT'}]",,,https://api.nhtsa.gov/recalls/recallsByVehicle?make=Volkswagen&model=Passat&modelYear=2020,,,,,,,2026-04-02T16:40:51.569317,json_api,,,,,,,,,,,,,,,,,,,,,,,,,,,,,,,,,,,,,
ocr_image,2026-04-02 16:40:52.790,1.0,raw_recalls,,,,,test_scan.png,image_ocr,/Users/elmedin.karisiksystemverification.com/Documents/private/Automotive-Industry-Tracker/data/raw/images/test_scan.png,2026-04-02T16:40:52.787342,pytesseract,,,,,,,"The 2022 Audi RS6 Avant is a high-performance wagon that combines supercar power with everyday practicality. Under the hood, it boasts a 4.0-liter twin-turbocharged V8 engine
producing 591 horsepower and 590 Ib-ft of torque, enabling a 0-60 mph time of just 3.5 seconds. Equipped with Audi's Quattro all-wheel-drive system, adaptive air suspension, and dynamic
Steering, the RS6 delivers exceptional handling and comfort. Its aggressive design features wide fenders, a black honeycomb grille, and large oval exhaust tips, giving it a commanding
Toad presence, With a luxurious, tech-filled interior and ample cargo space, the RSG Avant is the ultimate blend of performance, luxury, and practicality.

Engine: 4.01 V8 Top speed: 190mph
Power: 591bhp 0-60: 31sec
Torque: 799nm Year: 2022
Weight: 2,282kg Country: German
","Cnnr RS6

The 2022 Audi RSG Avant is a high-performance wagon that combines supercar power with everyday practicality. Under the hood, it boasts a 4.0-liter twin-turbocharged V8 engine
producing 591 horsepower and 590 Ib-ft of torque, enabling a 0-60 mph time of just 3.5 seconds. Equipped with Audi's Quattro all-wheel-drive system, adaptive air suspension, and dynamic
steering, the RSG delivers exceptional handling and comfort. Its aggressive design features wide fenders, a black honeycomb grille, and large oval exhaust tips, giving it a commanding
road presence, With a luxurious, tech-filled interior and ample cargo space, the RS6 Avant is the ultimate blend of performance, luxury, and practicality.

Engine: 4.01 V8 Top speed: 190mph
Power: 591bhp 0-60: 31sec
Torque: 799nm Year: 2022
Weight: 2,282kg Country: German

",,,,,,,,,,,,,,,,,,,,,,,,,,,,,,,,,,,
ocr_scanned_pdf,2026-04-02 16:40:57.304,1.0,raw_recalls,,,,,scanned_report.pdf,scanned_pdf_ocr,/Users/elmedin.karisiksystemverification.com/Documents/private/Automotive-Industry-Tracker/data/raw/scanned/scanned_report.pdf,2026-04-02T16:40:57.302794,pytesseract+pdf2image,"[{'page_number': 1, 'text': 'Automotive Industry Recall Report 2020\n\nIntroduction\n\nThis report provides an overview of vehicle recalls issued in 2020 for major automotive brands including\nAudi, Volkswagen, and Skoda. Data sourced from NHTSA.\n\nRecall Summary Table (with borders)\n\nMake Model | Year | Recalls\n\nRecall Summary Table (without borders)\nMake Model Year Recalls\nAudi A4 2020 3\nVolkswagen Golf 2020 2\nVolkswagen Passat 2020 3\n\n'}]",,,,,,,,,,,,,,,,,,,,,,,,,,,,,,,,,,,,,,,,,,
word_extraction,2026-04-02 16:43:12.679,1.0,raw_recalls,,,,,automotive_report.docx,word,/Users/elmedin.karisiksystemverification.com/Documents/private/Automotive-Industry-Tracker/data/raw/word/automotive_report.docx,2026-04-02T16:43:12.469335,python-docx,,"[{'style': 'Title', 'text': 'Automotive Industry Recall Report 2020'}, {'style': 'Normal', 'text': 'This report provides an overview of vehicle recalls issued in 2020. Data sourced from NHTSA database covering major VW Group vehicles.'}, {'style': 'Heading 1', 'text': 'Recall Overview'}, {'style': 'Normal', 'text': 'In 2020, several VW Group vehicles were subject to safety recalls. The recalls covered issues ranging from airbag defects to engine problems.'}, {'style': 'Heading 2', 'text': 'Table with Borders'}, {'style': 'Heading 2', 'text': 'Table without Borders'}, {'style': 'Heading 1', 'text': 'Two-Column Section'}, {'style': 'Normal', 'text': 'Left Column: Audi A4 had 3 recalls in 2020 including airbag and brake issues.'}, {'style': 'Normal', 'text': 'Right Column: Volkswagen Golf had 2 recalls related to electrical systems.'}]","[{'table_index': 0, 'data': [['Make', 'Model', 'Year', 'Recalls'], ['Audi', 'A4', '2020', '3'], ['Volkswagen', 'Golf', '2020', '2'], ['Volkswagen', 'Passat', '2020', '3']]}, {'table_index': 1, 'data': [['Make', 'Model', 'Year', 'Recalls'], ['Audi', 'A4', '2020', '3'], ['Volkswagen', 'Golf', '2020', '2'], ['Volkswagen', 'Passat', '2020', '3']]}]",,,,,,,,,,,,,,,,,,,,,,,,,,,,,,,,,,,,,,,,
excel_extraction,2026-04-02 16:43:12.812,1.0,raw_recalls,,,,,automotive_data.xlsx,excel,/Users/elmedin.karisiksystemverification.com/Documents/private/Automotive-Industry-Tracker/data/raw/excel/automotive_data.xlsx,2026-04-02T16:43:12.773649,openpyxl,,,,"[{'sheet_name': 'Recall Summary', 'rows': [['Make', 'Model', 'Year', 'Recall Count', 'Affected Units', 'Total Cost (USD)'], ['Audi', 'A4', '2020', '3', '15000', '2500000'], ['Volkswagen', 'Golf', '2020', '2', '8200', '1200000'], ['Volkswagen', 'Passat', '2020', '3', '5100', '980000'], ['TOTAL', '', '', '=SUM(D2:D4)', '=SUM(E2:E4)', '=SUM(F2:F4)']]}, {'sheet_name': 'Component Details', 'rows': [['Component', 'Issue', 'Make', 'Model', 'Affected Units'], ['Airbag', 'Inflator rupture', 'Audi', 'A4', '15000'], ['Brakes', 'Brake fluid leak', 'Volkswagen', 'Golf', '8200'], ['Engine', 'Oil pressure loss', 'Volkswagen', 'Passat', '5100']]}]",,,,,,,,,,,,,,,,,,,,,,,,,,,,,,,,,,,,,,,
nhtsa_api,2026-04-02 16:43:15.561,1.0,raw_recalls,Audi,A4,2020.0,"[{'Manufacturer': 'Volkswagen Group of America, Inc.', 'NHTSACampaignNumber': '22V034000', 'parkIt': False, 'parkOutSide': False, 'overTheAirUpdate': False, 'ReportReceivedDate': '26/01/2022', 'Component': 'TIRES', 'Summary': 'Volkswagen Group of America, Inc. (Audi) is recalling certain 2019-2021 Audi A5 Sportback, RS5 Coupe, RS5 Sportback, S5 Sportback, 2020-2021 A4 Allroad, A4 Sedan, A5 Cabriolet, A5 Coupe, A6 Allroad, A6 Sedan, A7, A8, Q5, S4 Sedan, S5 Coupe, S5 Cabriolet, S6 Sedan, S7, S8, SQ5, 2021 Q5 Sportback, Q7, Q8, RS6 Avant, RS7, RSQ8, SQ5 Sportback, SQ7, and SQ8 vehicles.  The rear axle alignment may not have been inspected after the repairs for Recall 21V-295 (42L1) were performed.', 'Consequence': 'Rear axle misalignment may cause premature or uneven tire wear, increasing the risk of a crash.', 'Remedy': ""Dealers will inspect the rear axle, adjust the alignment as necessary, and replace any prematurely or unevenly worn tires, free of charge.  Owner notification letters were mailed March 3, 2022.  Owners may contact Audi customer service at 1-800-253-2834.  Audi's number for this recall is 42L5."", 'Notes': 'Owners may also contact the National Highway Traffic Safety Administration Vehicle Safety Hotline at 1-888-327-4236 (TTY 1-800-424-9153), or go to www.nhtsa.gov.', 'ModelYear': '2020', 'Make': 'AUDI', 'Model': 'A4'}, {'Manufacturer': 'Volkswagen Group of America, Inc.', 'NHTSACampaignNumber': '21V295000', 'parkIt': False, 'parkOutSide': False, 'overTheAirUpdate': False, 'ReportReceivedDate': '26/04/2021', 'Component': 'SUSPENSION:REAR:AXLE:NON-POWERED AXLE ASSEMBLY', 'Summary': 'Volkswagen Group of America, Inc. (Audi) is recalling certain 2021 Q7, Q8, Q5 Sportback, SQ5 Sportback, RS6 Avant, RS7, RS Q8, 2020-2021 Audi S6 sedan, Q5, A8, S8, A7, A6 Allroad, A5 Cabriolet, A4 sedan, A4 Allroad, SQ5, S7, A6 sedan, S5 coupe, S4 sedan, S5 Cabriolet, A5 coupe, 2019-2021 RS5 coupe, A5 Sportback, S5 Sportback, RS5 Sportback vehicles.  The lock nut on the trailing arm of the rear axle may break due to stress corrosion.', 'Consequence': 'A broken lock nut may misalign the rear axle, causing a loss of control and increasing the risk of a crash.', 'Remedy': ""Dealers will replace the lock nuts and, if necessary, the associated bolts, free of charge.  Owner notification letters were mailed June 4, 2021.  Owners may contact Audi customer service at 1-800-253-2834.  Audi's number for this recall is 42L1."", 'Notes': 'Owners may also contact the National Highway Traffic Safety Administration Vehicle Safety Hotline at 1-888-327-4236 (TTY 1-800-424-9153), or go to www.safercar.gov.', 'ModelYear': '2020', 'Make': 'AUDI', 'Model': 'A4'}, {'Manufacturer': 'Volkswagen Group of America, Inc.', 'NHTSACampaignNumber': '21V874000', 'parkIt': False, 'parkOutSide': False, 'overTheAirUpdate': False, 'ReportReceivedDate': '10/11/2021', 'Component': 'SEATS', 'Summary': 'Volkswagen Group of America, Inc. (Audi) is recalling certain 2017-2020 A4 Allroad, A4 Sedan, 2018-2019 RS5 Coupe, 2019 RS5 Sportback, 2018-2020 A5 Cabriolet, A5 Coupe, A5 Sportback, S4 Sedan, S5 Cabriolet, S5 Coupe, and Audi S5 Sportback vehicles.  The cable connecting the seat heater to the Passenger Occupant Detection System (PODS) may have a contact fault, causing the software to misdiagnose a malfunction and disable the passenger air bag.', 'Consequence': 'A disabled passenger air bag increases the risk of injury in the event of a crash.', 'Remedy': ""Dealers will replace the connecting cable and either the heating mat or entire seat cover, free of charge.  Owner notification letters were mailed January 7, 2022.  Owners may contact Audi customer service at 1-800-253-2834.  Audi's number for this recall is 74E3.  This recall is an expansion of Recall 19V-547 (74D9).  Vehicles previously repaired under 19V-547 will need to return for the new remedy."", 'Notes': 'Owners may also contact the National Highway Traffic Safety Administration Vehicle Safety Hotline at 1-888-327-4236 (TTY 1-800-424-9153), or go to www.nhtsa.gov.', 'ModelYear': '2020', 'Make': 'AUDI', 'Model': 'A4'}]",,,,,,,,,,,,,,,,,,,,,,,,,,,,,,,,,,,,,,,,,,,,,,,,
nhtsa_api,2026-04-02 16:43:15.571,1.0,raw_recalls,Volkswagen,Golf,2020.0,"[{'Manufacturer': 'Volkswagen Group of America, Inc.', 'NHTSACampaignNumber': '22V815000', 'parkIt': False, 'parkOutSide': False, 'overTheAirUpdate': False, 'ReportReceivedDate': '31/10/2022', 'Component': 'TIRES:PRESSURE MONITORING AND REGULATING SYSTEMS', 'Summary': 'Volkswagen Group of America, Inc. (Volkswagen) is recalling certain 2019 Volkswagen Tiguan LWB, Golf Sportswagen A7, Golf Alltrack, Golf R GP, Audi Q3, Audi A3 Cabriolet, 2019-2020 Jetta NF, Jetta GLI, Golf GTI, Atlas, Golf A7, Audi A3, 2020-2021 Atlas Cross Sport, and 2021 Atlas FL vehicles.  The tire pressure monitoring system may not detect an air pressure loss in adequate time when deflating occurs among all four tires simultaneously.  As such, these vehicles fail to comply with the requirements of Federal Motor Vehicle Safety Standard number 138, ""Tire Pressure Monitoring Systems.""', 'Consequence': 'An undetected sudden loss of pressure in all four tires increases the risk of a crash.', 'Remedy': ""Dealers will update the TPMS software, free of charge.  Owner notification letters were mailed November 18, 2022.  Owners may contact Volkswagen's customer service at 1-800-893-5298 or Audi\x92s customer service at 1-800-253-2834.  Volkswagen's numbers for this recall are (Audi) 45J7, and (VW) 45J6 and 45J8."", 'Notes': 'Owners may also contact the National Highway Traffic Safety Administration Vehicle Safety Hotline at 1-888-327-4236 (TTY 1-800-424-9153), or go to www.safercar.gov.', 'ModelYear': '2020', 'Make': 'VOLKSWAGEN', 'Model': 'GOLF'}, {'Manufacturer': 'Volkswagen Group of America, Inc.', 'NHTSACampaignNumber': '24V110000', 'parkIt': False, 'parkOutSide': False, 'overTheAirUpdate': False, 'NHTSAActionNumber': 'RQ23007', 'ReportReceivedDate': '14/02/2024', 'Component': 'FUEL SYSTEM, GASOLINE', 'Summary': 'Volkswagen Group of America, Inc. (Volkswagen) is recalling certain front-wheel drive 2015-2020 Audi A3 Sedan, 2015-2019 Audi A3 Cabriolet, 2019-2020 Volkswagen Jetta GLI, 2018 Golf Sportwagen GP, 2018-2019 Golf Sportwagen A7, 2015-2017 Golf Sportwagen, 2015-2020 Golf GTI, and 2015-2020 Golf A7 vehicles.  Due to a problem with a suction jet pump seal inside the fuel tank, fuel may flow into the evaporative emissions (EVAP) system and possibly leak out of the charcoal canister.', 'Consequence': 'A fuel leak in the presence of an ignition source increases the risk of a fire.', 'Remedy': ""Dealers will replace the suction pump, free of charge.  Final owner notification letters for Audi owners were mailed on July 25, 2024.  Final owner letters for VW owners were mailed on August 13, 2024.  Owners may contact Volkswagen customer service at 1-800-893-5298 or Audi customer service at 1-800-253-2834.  Volkswagen's numbers for this recall are VW: 20UF/Audi: 20YF.  Vehicles that were previously recalled under 16V-647 will need to have the new remedy completed.  This recall expands and replaces previous recall number 16V-647."", 'Notes': 'Owners may also contact the National Highway Traffic Safety Administration Vehicle Safety Hotline at 1-888-327-4236 (TTY 1-800-424-9153), or go to www.nhtsa.gov.', 'ModelYear': '2020', 'Make': 'VOLKSWAGEN', 'Model': 'GOLF'}]",,,,,,,,,,,,,,,,,,,,,,,,,,,,,,,,,,,,,,,,,,,,,,,,
nhtsa_api,2026-04-02 16:43:15.578,1.0,raw_recalls,Volkswagen,Passat,2020.0,"[{'Manufacturer': 'Volkswagen Group of America, Inc.', 'NHTSACampaignNumber': '19V389000', 'parkIt': False, 'parkOutSide': False, 'overTheAirUpdate': False, 'ReportReceivedDate': '22/05/2019', 'Component': 'EXTERIOR LIGHTING:HEADLIGHTS', 'Summary': 'Volkswagen Group of America, Inc. (Volkswagen) is recalling certain 2012-2020 Volkswagen Passat and 2018-2019 Atlas vehicles.  The blocking cap disabling the adjustment of the headlight\'s horizontal aim may not have been installed.  As such, these vehicles fail to conform to Federal Motor Vehicle Safety Standard (FMVSS) number 108, ""Lamps, Reflective Devices, and Associated Equipment.""', 'Consequence': 'Without the blocking cap, the headlight aim can be adjusted out of specification, reducing visibility and increasing the risk of a crash.', 'Remedy': ""Volkswagen will notify owners, and dealers will inspect and, as necessary, block the headlight horizontal adjustment, free of charge.  The recall began July 16, 2019.  Owners may contact Volkswagen customer service at 1-800-253-2834.  Volkswagen's number for this recall is 94L9."", 'Notes': 'Owners may also contact the National Highway Traffic Safety Administration Vehicle Safety Hotline at 1-888-327-4236 (TTY 1-800-424-9153), or go to www.safercar.gov.', 'ModelYear': '2020', 'Make': 'VOLKSWAGEN', 'Model': 'PASSAT'}, {'Manufacturer': 'Volkswagen Group of America, Inc.', 'NHTSACampaignNumber': '19V218000', 'parkIt': False, 'parkOutSide': False, 'overTheAirUpdate': False, 'ReportReceivedDate': '20/03/2019', 'Component': 'AIR BAGS:SIDE/WINDOW', 'Summary': 'Volkswagen Group of America, Inc. (Volkswagen) is recalling certain 2019 Atlas and 2020 Passat vehicles.  An incorrect driver and/or front passenger side impact air bag may have been installed.', 'Consequence': 'In an event of a side impact crash, an incorrect side airbag may not deploy as intended, increasing the risk of injury.', 'Remedy': ""Volkswagen has inspected and replaced the side air bags, free of charge.  The recall was completed in April 2019.  Owners may contact Volkswagen customer service at 1-800-893-5298.  Volkswagen's number for this recall is 69Y8."", 'Notes': 'Owners may also contact the National Highway Traffic Safety Administration Vehicle Safety Hotline at 1-888-327-4236 (TTY 1-800-424-9153), or go to www.safercar.gov.', 'ModelYear': '2020', 'Make': 'VOLKSWAGEN', 'Model': 'PASSAT'}, {'Manufacturer': 'Volkswagen Group of America, Inc.', 'NHTSACampaignNumber': '20V533000', 'parkIt': False, 'parkOutSide': False, 'overTheAirUpdate': False, 'ReportReceivedDate': '02/09/2020', 'Component': 'AIR BAGS:PASSENGER SIDE FRONTAL:CUSHION', 'Summary': 'Volkswagen Group of America, Inc. (Volkswagen) is recalling certain 2020 Passat vehicles.  The passenger frontal air bag may have been folded incorrectly affecting its deployment force.  As such, these vehicles fail to comply with the requirements of Federal Motor Vehicle Safety Standard number 208, ""Occupant Crash Protection.""', 'Consequence': 'An incorrectly folded air bag can deploy with too much force, increasing the risk of injury.', 'Remedy': ""Volkswagen will notify owners, and dealers will replace the passenger frontal air bag, free of charge.  The recall began October 14, 2020.  Owners may contact Volkswagen customer service at 1-888-241-2289.  Volkswagen's number for this recall is 69AY."", 'Notes': 'Owners may also contact the National Highway Traffic Safety Administration Vehicle Safety Hotline at 1-888-327-4236 (TTY 1-800-424-9153), or go to www.safercar.gov.', 'ModelYear': '2020', 'Make': 'VOLKSWAGEN', 'Model': 'PASSAT'}]",,,,,,,,,,,,,,,,,,,,,,,,,,,,,,,,,,,,,,,,,,,,,,,,
pdf_extraction,2026-04-02 16:43:15.617,1.0,raw_recalls,,,,,automotive_report_twocolumn.pdf,pdf,/Users/elmedin.karisiksystemverification.com/Documents/private/Automotive-Industry-Tracker/data/raw/pdf/automotive_report_twocolumn.pdf,2026-04-02T16:43:15.585503,pdfplumber,"[{'page_number': 1, 'text': 'Automotive Two-Column Report\nAudi A4 Recalls Volkswagen Golf Recalls\nThe Audi A4 2020 had 3 recalls related to airbag, The Volkswagen Golf 2020 had 2 recalls related to\nbrake, and engine issues reported to NHTSA. electrical systems and fuel systems.\nComponent Recall Details (with borders)\nComponent Issue Affected Units\nAirbag Inflator rupture 15,000\nBrakes Brake fluid leak 8,200\nEngine Oil pressure loss 5,100\nComponent Recall Details (without borders)\nComponent Issue Affected Units\nAirbag Inflator rupture 15,000\nBrakes Brake fluid leak 8,200\nEngine Oil pressure loss 5,100', 'tables': [[['Component', 'Issue', 'Affected Units'], ['Airbag', 'Inflator rupture', '15,000'], ['Brakes', 'Brake fluid leak', '8,200'], ['Engine', 'Oil pressure loss', '5,100']]]}]",,,,,,,,,,,,,,,,,,,,,,,,,,,,,,,,,,,,,,,,,,
pdf_extraction,2026-04-02 16:43:15.641,1.0,raw_recalls,,,,,automotive_report_normal.pdf,pdf,/Users/elmedin.karisiksystemverification.com/Documents/private/Automotive-Industry-Tracker/data/raw/pdf/automotive_report_normal.pdf,2026-04-02T16:43:15.620943,pdfplumber,"[{'page_number': 1, 'text': 'Automotive Industry Recall Report 2020\nIntroduction\nThis report provides an overview of vehicle recalls issued in 2020 for major automotive brands including\nAudi, Volkswagen, and Skoda. Data sourced from NHTSA.\nRecall Summary Table (with borders)\nMake Model Year Recalls\nAudi A4 2020 3\nVolkswagen Golf 2020 2\nVolkswagen Passat 2020 3\nRecall Summary Table (without borders)\nMake Model Year Recalls\nAudi A4 2020 3\nVolkswagen Golf 2020 2\nVolkswagen Passat 2020 3', 'tables': [[['Make', 'Model', 'Year', 'Recalls'], ['Audi', 'A4', '2020', '3'], ['Volkswagen', 'Golf', '2020', '2'], ['Volkswagen', 'Passat', '2020', '3']]]}]",,,,,,,,,,,,,,,,,,,,,,,,,,,,,,,,,,,,,,,,,,
word_extraction,2026-04-02 16:43:15.842,1.0,raw_recalls,,,,,automotive_report.docx,word,/Users/elmedin.karisiksystemverification.com/Documents/private/Automotive-Industry-Tracker/data/raw/word/automotive_report.docx,2026-04-02T16:43:15.644403,python-docx,,"[{'style': 'Title', 'text': 'Automotive Industry Recall Report 2020'}, {'style': 'Normal', 'text': 'This report provides an overview of vehicle recalls issued in 2020. Data sourced from NHTSA database covering major VW Group vehicles.'}, {'style': 'Heading 1', 'text': 'Recall Overview'}, {'style': 'Normal', 'text': 'In 2020, several VW Group vehicles were subject to safety recalls. The recalls covered issues ranging from airbag defects to engine problems.'}, {'style': 'Heading 2', 'text': 'Table with Borders'}, {'style': 'Heading 2', 'text': 'Table without Borders'}, {'style': 'Heading 1', 'text': 'Two-Column Section'}, {'style': 'Normal', 'text': 'Left Column: Audi A4 had 3 recalls in 2020 including airbag and brake issues.'}, {'style': 'Normal', 'text': 'Right Column: Volkswagen Golf had 2 recalls related to electrical systems.'}]","[{'table_index': 0, 'data': [['Make', 'Model', 'Year', 'Recalls'], ['Audi', 'A4', '2020', '3'], ['Volkswagen', 'Golf', '2020', '2'], ['Volkswagen', 'Passat', '2020', '3']]}, {'table_index': 1, 'data': [['Make', 'Model', 'Year', 'Recalls'], ['Audi', 'A4', '2020', '3'], ['Volkswagen', 'Golf', '2020', '2'], ['Volkswagen', 'Passat', '2020', '3']]}]",,,,,,,,,,,,,,,,,,,,,,,,,,,,,,,,,,,,,,,,
excel_extraction,2026-04-02 16:43:15.885,1.0,raw_recalls,,,,,automotive_data.xlsx,excel,/Users/elmedin.karisiksystemverification.com/Documents/private/Automotive-Industry-Tracker/data/raw/excel/automotive_data.xlsx,2026-04-02T16:43:15.848017,openpyxl,,,,"[{'sheet_name': 'Recall Summary', 'rows': [['Make', 'Model', 'Year', 'Recall Count', 'Affected Units', 'Total Cost (USD)'], ['Audi', 'A4', '2020', '3', '15000', '2500000'], ['Volkswagen', 'Golf', '2020', '2', '8200', '1200000'], ['Volkswagen', 'Passat', '2020', '3', '5100', '980000'], ['TOTAL', '', '', '=SUM(D2:D4)', '=SUM(E2:E4)', '=SUM(F2:F4)']]}, {'sheet_name': 'Component Details', 'rows': [['Component', 'Issue', 'Make', 'Model', 'Affected Units'], ['Airbag', 'Inflator rupture', 'Audi', 'A4', '15000'], ['Brakes', 'Brake fluid leak', 'Volkswagen', 'Golf', '8200'], ['Engine', 'Oil pressure loss', 'Volkswagen', 'Passat', '5100']]}]",,,,,,,,,,,,,,,,,,,,,,,,,,,,,,,,,,,,,,,
web_scraping,2026-04-02 16:43:15.896,1.0,raw_recalls,,,,,,,local_html/page_1.html,,,,,,,2026-04-02T16:43:15.891124,,,,Audi A4 2020,"Luxury sedan with 2.0L TFSI engine, 190hp. Known for premium interior and advanced driver assistance.","$39,900",/cars/audi-a4-2020,1.0,,,,,,,,,,,,,,,,,,,,,,,,,,,,,,
web_scraping,2026-04-02 16:43:15.900,1.0,raw_recalls,,,,,,,local_html/page_1.html,,,,,,,2026-04-02T16:43:15.891281,,,,Audi A4 2019,Previous generation A4 with quattro all-wheel drive. Excellent safety ratings from NHTSA.,"$36,500",/cars/audi-a4-2019,1.0,,,,,,,,,,,,,,,,,,,,,,,,,,,,,,
web_scraping,2026-04-02 16:43:15.903,1.0,raw_recalls,,,,,,,local_html/page_1.html,,,,,,,2026-04-02T16:43:15.891402,,,,Audi A4 2018,Reliable executive sedan. NHTSA recall issued for airbag inflator replacement.,"$33,200",/cars/audi-a4-2018,1.0,,,,,,,,,,,,,,,,,,,,,,,,,,,,,,
web_scraping,2026-04-02 16:43:15.906,1.0,raw_recalls,,,,,,,local_html/page_2.html,,,,,,,2026-04-02T16:43:15.892244,,,,Volkswagen Golf 2020,Compact hatchback with 1.4L TSI engine. Popular choice in European markets.,"$23,195",/cars/volkswagen-golf-2020,2.0,,,,,,,,,,,,,,,,,,,,,,,,,,,,,,
web_scraping,2026-04-02 16:43:15.909,1.0,raw_recalls,,,,,,,local_html/page_2.html,,,,,,,2026-04-02T16:43:15.892385,,,,Volkswagen Golf 2019,"Award-winning hatchback. NHTSA recall for brake system defect affecting 8,200 units.","$21,500",/cars/volkswagen-golf-2019,2.0,,,,,,,,,,,,,,,,,,,,,,,,,,,,,,
web_scraping,2026-04-02 16:43:15.912,1.0,raw_recalls,,,,,,,local_html/page_2.html,,,,,,,2026-04-02T16:43:15.892510,,,,Volkswagen Golf GTI 2020,Performance variant with 228hp turbocharged engine and sport suspension.,"$29,995",/cars/volkswagen-golf-gti-2020,2.0,,,,,,,,,,,,,,,,,,,,,,,,,,,,,,
web_scraping,2026-04-02 16:43:15.915,1.0,raw_recalls,,,,,,,local_html/page_3.html,,,,,,,2026-04-02T16:43:15.893214,,,,Volkswagen Passat 2020,Midsize sedan with spacious interior. NHTSA recall for fuel pump defect.,"$24,990",/cars/volkswagen-passat-2020,3.0,,,,,,,,,,,,,,,,,,,,,,,,,,,,,,
web_scraping,2026-04-02 16:43:15.918,1.0,raw_recalls,,,,,,,local_html/page_3.html,,,,,,,2026-04-02T16:43:15.893341,,,,Volkswagen Passat 2019,Business-class sedan with advanced connectivity features and comfort.,"$22,800",/cars/volkswagen-passat-2019,3.0,,,,,,,,,,,,,,,,,,,,,,,,,,,,,,
web_scraping,2026-04-02 16:43:15.921,1.0,raw_recalls,,,,,,,local_html/page_3.html,,,,,,,2026-04-02T16:43:15.893460,,,,Skoda Octavia 2020,Czech-made sedan offering exceptional value. Part of VW Group platform.,"$19,990",/cars/skoda-octavia-2020,3.0,,,,,,,,,,,,,,,,,,,,,,,,,,,,,,
dynamic_scraping,2026-04-02 16:43:17.818,1.0,raw_recalls,Audi,A4,2020.0,"[{'Manufacturer': 'Volkswagen Group of America, Inc.', 'NHTSACampaignNumber': '22V034000', 'parkIt': False, 'parkOutSide': False, 'overTheAirUpdate': False, 'ReportReceivedDate': '26/01/2022', 'Component': 'TIRES', 'Summary': 'Volkswagen Group of America, Inc. (Audi) is recalling certain 2019-2021 Audi A5 Sportback, RS5 Coupe, RS5 Sportback, S5 Sportback, 2020-2021 A4 Allroad, A4 Sedan, A5 Cabriolet, A5 Coupe, A6 Allroad, A6 Sedan, A7, A8, Q5, S4 Sedan, S5 Coupe, S5 Cabriolet, S6 Sedan, S7, S8, SQ5, 2021 Q5 Sportback, Q7, Q8, RS6 Avant, RS7, RSQ8, SQ5 Sportback, SQ7, and SQ8 vehicles.  The rear axle alignment may not have been inspected after the repairs for Recall 21V-295 (42L1) were performed.', 'Consequence': 'Rear axle misalignment may cause premature or uneven tire wear, increasing the risk of a crash.', 'Remedy': ""Dealers will inspect the rear axle, adjust the alignment as necessary, and replace any prematurely or unevenly worn tires, free of charge.  Owner notification letters were mailed March 3, 2022.  Owners may contact Audi customer service at 1-800-253-2834.  Audi's number for this recall is 42L5."", 'Notes': 'Owners may also contact the National Highway Traffic Safety Administration Vehicle Safety Hotline at 1-888-327-4236 (TTY 1-800-424-9153), or go to www.nhtsa.gov.', 'ModelYear': '2020', 'Make': 'AUDI', 'Model': 'A4'}, {'Manufacturer': 'Volkswagen Group of America, Inc.', 'NHTSACampaignNumber': '21V295000', 'parkIt': False, 'parkOutSide': False, 'overTheAirUpdate': False, 'ReportReceivedDate': '26/04/2021', 'Component': 'SUSPENSION:REAR:AXLE:NON-POWERED AXLE ASSEMBLY', 'Summary': 'Volkswagen Group of America, Inc. (Audi) is recalling certain 2021 Q7, Q8, Q5 Sportback, SQ5 Sportback, RS6 Avant, RS7, RS Q8, 2020-2021 Audi S6 sedan, Q5, A8, S8, A7, A6 Allroad, A5 Cabriolet, A4 sedan, A4 Allroad, SQ5, S7, A6 sedan, S5 coupe, S4 sedan, S5 Cabriolet, A5 coupe, 2019-2021 RS5 coupe, A5 Sportback, S5 Sportback, RS5 Sportback vehicles.  The lock nut on the trailing arm of the rear axle may break due to stress corrosion.', 'Consequence': 'A broken lock nut may misalign the rear axle, causing a loss of control and increasing the risk of a crash.', 'Remedy': ""Dealers will replace the lock nuts and, if necessary, the associated bolts, free of charge.  Owner notification letters were mailed June 4, 2021.  Owners may contact Audi customer service at 1-800-253-2834.  Audi's number for this recall is 42L1."", 'Notes': 'Owners may also contact the National Highway Traffic Safety Administration Vehicle Safety Hotline at 1-888-327-4236 (TTY 1-800-424-9153), or go to www.safercar.gov.', 'ModelYear': '2020', 'Make': 'AUDI', 'Model': 'A4'}, {'Manufacturer': 'Volkswagen Group of America, Inc.', 'NHTSACampaignNumber': '21V874000', 'parkIt': False, 'parkOutSide': False, 'overTheAirUpdate': False, 'ReportReceivedDate': '10/11/2021', 'Component': 'SEATS', 'Summary': 'Volkswagen Group of America, Inc. (Audi) is recalling certain 2017-2020 A4 Allroad, A4 Sedan, 2018-2019 RS5 Coupe, 2019 RS5 Sportback, 2018-2020 A5 Cabriolet, A5 Coupe, A5 Sportback, S4 Sedan, S5 Cabriolet, S5 Coupe, and Audi S5 Sportback vehicles.  The cable connecting the seat heater to the Passenger Occupant Detection System (PODS) may have a contact fault, causing the software to misdiagnose a malfunction and disable the passenger air bag.', 'Consequence': 'A disabled passenger air bag increases the risk of injury in the event of a crash.', 'Remedy': ""Dealers will replace the connecting cable and either the heating mat or entire seat cover, free of charge.  Owner notification letters were mailed January 7, 2022.  Owners may contact Audi customer service at 1-800-253-2834.  Audi's number for this recall is 74E3.  This recall is an expansion of Recall 19V-547 (74D9).  Vehicles previously repaired under 19V-547 will need to return for the new remedy."", 'Notes': 'Owners may also contact the National Highway Traffic Safety Administration Vehicle Safety Hotline at 1-888-327-4236 (TTY 1-800-424-9153), or go to www.nhtsa.gov.', 'ModelYear': '2020', 'Make': 'AUDI', 'Model': 'A4'}]",,,https://api.nhtsa.gov/recalls/recallsByVehicle?make=Audi&model=A4&modelYear=2020,,,,,,,2026-04-02T16:43:17.809616,json_api,,,,,,,,,,,,,,,,,,,,,,,,,,,,,,,,,,,,,
dynamic_scraping,2026-04-02 16:43:19.693,1.0,raw_recalls,Volkswagen,Golf,2020.0,"[{'Manufacturer': 'Volkswagen Group of America, Inc.', 'NHTSACampaignNumber': '22V815000', 'parkIt': False, 'parkOutSide': False, 'overTheAirUpdate': False, 'ReportReceivedDate': '31/10/2022', 'Component': 'TIRES:PRESSURE MONITORING AND REGULATING SYSTEMS', 'Summary': 'Volkswagen Group of America, Inc. (Volkswagen) is recalling certain 2019 Volkswagen Tiguan LWB, Golf Sportswagen A7, Golf Alltrack, Golf R GP, Audi Q3, Audi A3 Cabriolet, 2019-2020 Jetta NF, Jetta GLI, Golf GTI, Atlas, Golf A7, Audi A3, 2020-2021 Atlas Cross Sport, and 2021 Atlas FL vehicles.  The tire pressure monitoring system may not detect an air pressure loss in adequate time when deflating occurs among all four tires simultaneously.  As such, these vehicles fail to comply with the requirements of Federal Motor Vehicle Safety Standard number 138, ""Tire Pressure Monitoring Systems.""', 'Consequence': 'An undetected sudden loss of pressure in all four tires increases the risk of a crash.', 'Remedy': ""Dealers will update the TPMS software, free of charge.  Owner notification letters were mailed November 18, 2022.  Owners may contact Volkswagen's customer service at 1-800-893-5298 or Audi\x92s customer service at 1-800-253-2834.  Volkswagen's numbers for this recall are (Audi) 45J7, and (VW) 45J6 and 45J8."", 'Notes': 'Owners may also contact the National Highway Traffic Safety Administration Vehicle Safety Hotline at 1-888-327-4236 (TTY 1-800-424-9153), or go to www.safercar.gov.', 'ModelYear': '2020', 'Make': 'VOLKSWAGEN', 'Model': 'GOLF'}, {'Manufacturer': 'Volkswagen Group of America, Inc.', 'NHTSACampaignNumber': '24V110000', 'parkIt': False, 'parkOutSide': False, 'overTheAirUpdate': False, 'NHTSAActionNumber': 'RQ23007', 'ReportReceivedDate': '14/02/2024', 'Component': 'FUEL SYSTEM, GASOLINE', 'Summary': 'Volkswagen Group of America, Inc. (Volkswagen) is recalling certain front-wheel drive 2015-2020 Audi A3 Sedan, 2015-2019 Audi A3 Cabriolet, 2019-2020 Volkswagen Jetta GLI, 2018 Golf Sportwagen GP, 2018-2019 Golf Sportwagen A7, 2015-2017 Golf Sportwagen, 2015-2020 Golf GTI, and 2015-2020 Golf A7 vehicles.  Due to a problem with a suction jet pump seal inside the fuel tank, fuel may flow into the evaporative emissions (EVAP) system and possibly leak out of the charcoal canister.', 'Consequence': 'A fuel leak in the presence of an ignition source increases the risk of a fire.', 'Remedy': ""Dealers will replace the suction pump, free of charge.  Final owner notification letters for Audi owners were mailed on July 25, 2024.  Final owner letters for VW owners were mailed on August 13, 2024.  Owners may contact Volkswagen customer service at 1-800-893-5298 or Audi customer service at 1-800-253-2834.  Volkswagen's numbers for this recall are VW: 20UF/Audi: 20YF.  Vehicles that were previously recalled under 16V-647 will need to have the new remedy completed.  This recall expands and replaces previous recall number 16V-647."", 'Notes': 'Owners may also contact the National Highway Traffic Safety Administration Vehicle Safety Hotline at 1-888-327-4236 (TTY 1-800-424-9153), or go to www.nhtsa.gov.', 'ModelYear': '2020', 'Make': 'VOLKSWAGEN', 'Model': 'GOLF'}]",,,https://api.nhtsa.gov/recalls/recallsByVehicle?make=Volkswagen&model=Golf&modelYear=2020,,,,,,,2026-04-02T16:43:19.690011,json_api,,,,,,,,,,,,,,,,,,,,,,,,,,,,,,,,,,,,,
dynamic_scraping,2026-04-02 16:43:21.532,1.0,raw_recalls,Volkswagen,Passat,2020.0,"[{'Manufacturer': 'Volkswagen Group of America, Inc.', 'NHTSACampaignNumber': '19V389000', 'parkIt': False, 'parkOutSide': False, 'overTheAirUpdate': False, 'ReportReceivedDate': '22/05/2019', 'Component': 'EXTERIOR LIGHTING:HEADLIGHTS', 'Summary': 'Volkswagen Group of America, Inc. (Volkswagen) is recalling certain 2012-2020 Volkswagen Passat and 2018-2019 Atlas vehicles.  The blocking cap disabling the adjustment of the headlight\'s horizontal aim may not have been installed.  As such, these vehicles fail to conform to Federal Motor Vehicle Safety Standard (FMVSS) number 108, ""Lamps, Reflective Devices, and Associated Equipment.""', 'Consequence': 'Without the blocking cap, the headlight aim can be adjusted out of specification, reducing visibility and increasing the risk of a crash.', 'Remedy': ""Volkswagen will notify owners, and dealers will inspect and, as necessary, block the headlight horizontal adjustment, free of charge.  The recall began July 16, 2019.  Owners may contact Volkswagen customer service at 1-800-253-2834.  Volkswagen's number for this recall is 94L9."", 'Notes': 'Owners may also contact the National Highway Traffic Safety Administration Vehicle Safety Hotline at 1-888-327-4236 (TTY 1-800-424-9153), or go to www.safercar.gov.', 'ModelYear': '2020', 'Make': 'VOLKSWAGEN', 'Model': 'PASSAT'}, {'Manufacturer': 'Volkswagen Group of America, Inc.', 'NHTSACampaignNumber': '19V218000', 'parkIt': False, 'parkOutSide': False, 'overTheAirUpdate': False, 'ReportReceivedDate': '20/03/2019', 'Component': 'AIR BAGS:SIDE/WINDOW', 'Summary': 'Volkswagen Group of America, Inc. (Volkswagen) is recalling certain 2019 Atlas and 2020 Passat vehicles.  An incorrect driver and/or front passenger side impact air bag may have been installed.', 'Consequence': 'In an event of a side impact crash, an incorrect side airbag may not deploy as intended, increasing the risk of injury.', 'Remedy': ""Volkswagen has inspected and replaced the side air bags, free of charge.  The recall was completed in April 2019.  Owners may contact Volkswagen customer service at 1-800-893-5298.  Volkswagen's number for this recall is 69Y8."", 'Notes': 'Owners may also contact the National Highway Traffic Safety Administration Vehicle Safety Hotline at 1-888-327-4236 (TTY 1-800-424-9153), or go to www.safercar.gov.', 'ModelYear': '2020', 'Make': 'VOLKSWAGEN', 'Model': 'PASSAT'}, {'Manufacturer': 'Volkswagen Group of America, Inc.', 'NHTSACampaignNumber': '20V533000', 'parkIt': False, 'parkOutSide': False, 'overTheAirUpdate': False, 'ReportReceivedDate': '02/09/2020', 'Component': 'AIR BAGS:PASSENGER SIDE FRONTAL:CUSHION', 'Summary': 'Volkswagen Group of America, Inc. (Volkswagen) is recalling certain 2020 Passat vehicles.  The passenger frontal air bag may have been folded incorrectly affecting its deployment force.  As such, these vehicles fail to comply with the requirements of Federal Motor Vehicle Safety Standard number 208, ""Occupant Crash Protection.""', 'Consequence': 'An incorrectly folded air bag can deploy with too much force, increasing the risk of injury.', 'Remedy': ""Volkswagen will notify owners, and dealers will replace the passenger frontal air bag, free of charge.  The recall began October 14, 2020.  Owners may contact Volkswagen customer service at 1-888-241-2289.  Volkswagen's number for this recall is 69AY."", 'Notes': 'Owners may also contact the National Highway Traffic Safety Administration Vehicle Safety Hotline at 1-888-327-4236 (TTY 1-800-424-9153), or go to www.safercar.gov.', 'ModelYear': '2020', 'Make': 'VOLKSWAGEN', 'Model': 'PASSAT'}]",,,https://api.nhtsa.gov/recalls/recallsByVehicle?make=Volkswagen&model=Passat&modelYear=2020,,,,,,,2026-04-02T16:43:21.528927,json_api,,,,,,,,,,,,,,,,,,,,,,,,,,,,,,,,,,,,,
ocr_image,2026-04-02 16:43:22.757,1.0,raw_recalls,,,,,test_scan.png,image_ocr,/Users/elmedin.karisiksystemverification.com/Documents/private/Automotive-Industry-Tracker/data/raw/images/test_scan.png,2026-04-02T16:43:22.753623,pytesseract,,,,,,,"The 2022 Audi RS6 Avant is a high-performance wagon that combines supercar power with everyday practicality. Under the hood, it boasts a 4.0-liter twin-turbocharged V8 engine
producing 591 horsepower and 590 Ib-ft of torque, enabling a 0-60 mph time of just 3.5 seconds. Equipped with Audi's Quattro all-wheel-drive system, adaptive air suspension, and dynamic
Steering, the RS6 delivers exceptional handling and comfort. Its aggressive design features wide fenders, a black honeycomb grille, and large oval exhaust tips, giving it a commanding
Toad presence, With a luxurious, tech-filled interior and ample cargo space, the RSG Avant is the ultimate blend of performance, luxury, and practicality.

Engine: 4.01 V8 Top speed: 190mph
Power: 591bhp 0-60: 31sec
Torque: 799nm Year: 2022
Weight: 2,282kg Country: German
","Cnnr RS6

The 2022 Audi RSG Avant is a high-performance wagon that combines supercar power with everyday practicality. Under the hood, it boasts a 4.0-liter twin-turbocharged V8 engine
producing 591 horsepower and 590 Ib-ft of torque, enabling a 0-60 mph time of just 3.5 seconds. Equipped with Audi's Quattro all-wheel-drive system, adaptive air suspension, and dynamic
steering, the RSG delivers exceptional handling and comfort. Its aggressive design features wide fenders, a black honeycomb grille, and large oval exhaust tips, giving it a commanding
road presence, With a luxurious, tech-filled interior and ample cargo space, the RS6 Avant is the ultimate blend of performance, luxury, and practicality.

Engine: 4.01 V8 Top speed: 190mph
Power: 591bhp 0-60: 31sec
Torque: 799nm Year: 2022
Weight: 2,282kg Country: German

",,,,,,,,,,,,,,,,,,,,,,,,,,,,,,,,,,,
ocr_scanned_pdf,2026-04-02 16:43:23.244,1.0,raw_recalls,,,,,scanned_report.pdf,scanned_pdf_ocr,/Users/elmedin.karisiksystemverification.com/Documents/private/Automotive-Industry-Tracker/data/raw/scanned/scanned_report.pdf,2026-04-02T16:43:23.242917,pytesseract+pdf2image,"[{'page_number': 1, 'text': 'Automotive Industry Recall Report 2020\n\nIntroduction\n\nThis report provides an overview of vehicle recalls issued in 2020 for major automotive brands including\nAudi, Volkswagen, and Skoda. Data sourced from NHTSA.\n\nRecall Summary Table (with borders)\n\nMake Model | Year | Recalls\n\nRecall Summary Table (without borders)\nMake Model Year Recalls\nAudi A4 2020 3\nVolkswagen Golf 2020 2\nVolkswagen Passat 2020 3\n\n'}]",,,,,,,,,,,,,,,,,,,,,,,,,,,,,,,,,,,,,,,,,,
word_extraction,2026-04-02 16:44:33.862,1.0,raw_recalls,,,,,automotive_report.docx,word,/Users/elmedin.karisiksystemverification.com/Documents/private/Automotive-Industry-Tracker/data/raw/word/automotive_report.docx,2026-04-02T16:44:33.646351,python-docx,,"[{'style': 'Title', 'text': 'Automotive Industry Recall Report 2020'}, {'style': 'Normal', 'text': 'This report provides an overview of vehicle recalls issued in 2020. Data sourced from NHTSA database covering major VW Group vehicles.'}, {'style': 'Heading 1', 'text': 'Recall Overview'}, {'style': 'Normal', 'text': 'In 2020, several VW Group vehicles were subject to safety recalls. The recalls covered issues ranging from airbag defects to engine problems.'}, {'style': 'Heading 2', 'text': 'Table with Borders'}, {'style': 'Heading 2', 'text': 'Table without Borders'}, {'style': 'Heading 1', 'text': 'Two-Column Section'}, {'style': 'Normal', 'text': 'Left Column: Audi A4 had 3 recalls in 2020 including airbag and brake issues.'}, {'style': 'Normal', 'text': 'Right Column: Volkswagen Golf had 2 recalls related to electrical systems.'}]","[{'table_index': 0, 'data': [['Make', 'Model', 'Year', 'Recalls'], ['Audi', 'A4', '2020', '3'], ['Volkswagen', 'Golf', '2020', '2'], ['Volkswagen', 'Passat', '2020', '3']]}, {'table_index': 1, 'data': [['Make', 'Model', 'Year', 'Recalls'], ['Audi', 'A4', '2020', '3'], ['Volkswagen', 'Golf', '2020', '2'], ['Volkswagen', 'Passat', '2020', '3']]}]",,,,,,,,,,,,,,,,,,,,,,,,,,,,,,,,,,,,,,,,
excel_extraction,2026-04-02 16:44:33.995,1.0,raw_recalls,,,,,automotive_data.xlsx,excel,/Users/elmedin.karisiksystemverification.com/Documents/private/Automotive-Industry-Tracker/data/raw/excel/automotive_data.xlsx,2026-04-02T16:44:33.954819,openpyxl,,,,"[{'sheet_name': 'Recall Summary', 'rows': [['Make', 'Model', 'Year', 'Recall Count', 'Affected Units', 'Total Cost (USD)'], ['Audi', 'A4', '2020', '3', '15000', '2500000'], ['Volkswagen', 'Golf', '2020', '2', '8200', '1200000'], ['Volkswagen', 'Passat', '2020', '3', '5100', '980000'], ['TOTAL', '', '', '=SUM(D2:D4)', '=SUM(E2:E4)', '=SUM(F2:F4)']]}, {'sheet_name': 'Component Details', 'rows': [['Component', 'Issue', 'Make', 'Model', 'Affected Units'], ['Airbag', 'Inflator rupture', 'Audi', 'A4', '15000'], ['Brakes', 'Brake fluid leak', 'Volkswagen', 'Golf', '8200'], ['Engine', 'Oil pressure loss', 'Volkswagen', 'Passat', '5100']]}]",,,,,,,,,,,,,,,,,,,,,,,,,,,,,,,,,,,,,,,
nhtsa_api,2026-04-02 16:44:36.679,1.0,raw_recalls,Audi,A4,2020.0,"[{'Manufacturer': 'Volkswagen Group of America, Inc.', 'NHTSACampaignNumber': '22V034000', 'parkIt': False, 'parkOutSide': False, 'overTheAirUpdate': False, 'ReportReceivedDate': '26/01/2022', 'Component': 'TIRES', 'Summary': 'Volkswagen Group of America, Inc. (Audi) is recalling certain 2019-2021 Audi A5 Sportback, RS5 Coupe, RS5 Sportback, S5 Sportback, 2020-2021 A4 Allroad, A4 Sedan, A5 Cabriolet, A5 Coupe, A6 Allroad, A6 Sedan, A7, A8, Q5, S4 Sedan, S5 Coupe, S5 Cabriolet, S6 Sedan, S7, S8, SQ5, 2021 Q5 Sportback, Q7, Q8, RS6 Avant, RS7, RSQ8, SQ5 Sportback, SQ7, and SQ8 vehicles.  The rear axle alignment may not have been inspected after the repairs for Recall 21V-295 (42L1) were performed.', 'Consequence': 'Rear axle misalignment may cause premature or uneven tire wear, increasing the risk of a crash.', 'Remedy': ""Dealers will inspect the rear axle, adjust the alignment as necessary, and replace any prematurely or unevenly worn tires, free of charge.  Owner notification letters were mailed March 3, 2022.  Owners may contact Audi customer service at 1-800-253-2834.  Audi's number for this recall is 42L5."", 'Notes': 'Owners may also contact the National Highway Traffic Safety Administration Vehicle Safety Hotline at 1-888-327-4236 (TTY 1-800-424-9153), or go to www.nhtsa.gov.', 'ModelYear': '2020', 'Make': 'AUDI', 'Model': 'A4'}, {'Manufacturer': 'Volkswagen Group of America, Inc.', 'NHTSACampaignNumber': '21V295000', 'parkIt': False, 'parkOutSide': False, 'overTheAirUpdate': False, 'ReportReceivedDate': '26/04/2021', 'Component': 'SUSPENSION:REAR:AXLE:NON-POWERED AXLE ASSEMBLY', 'Summary': 'Volkswagen Group of America, Inc. (Audi) is recalling certain 2021 Q7, Q8, Q5 Sportback, SQ5 Sportback, RS6 Avant, RS7, RS Q8, 2020-2021 Audi S6 sedan, Q5, A8, S8, A7, A6 Allroad, A5 Cabriolet, A4 sedan, A4 Allroad, SQ5, S7, A6 sedan, S5 coupe, S4 sedan, S5 Cabriolet, A5 coupe, 2019-2021 RS5 coupe, A5 Sportback, S5 Sportback, RS5 Sportback vehicles.  The lock nut on the trailing arm of the rear axle may break due to stress corrosion.', 'Consequence': 'A broken lock nut may misalign the rear axle, causing a loss of control and increasing the risk of a crash.', 'Remedy': ""Dealers will replace the lock nuts and, if necessary, the associated bolts, free of charge.  Owner notification letters were mailed June 4, 2021.  Owners may contact Audi customer service at 1-800-253-2834.  Audi's number for this recall is 42L1."", 'Notes': 'Owners may also contact the National Highway Traffic Safety Administration Vehicle Safety Hotline at 1-888-327-4236 (TTY 1-800-424-9153), or go to www.safercar.gov.', 'ModelYear': '2020', 'Make': 'AUDI', 'Model': 'A4'}, {'Manufacturer': 'Volkswagen Group of America, Inc.', 'NHTSACampaignNumber': '21V874000', 'parkIt': False, 'parkOutSide': False, 'overTheAirUpdate': False, 'ReportReceivedDate': '10/11/2021', 'Component': 'SEATS', 'Summary': 'Volkswagen Group of America, Inc. (Audi) is recalling certain 2017-2020 A4 Allroad, A4 Sedan, 2018-2019 RS5 Coupe, 2019 RS5 Sportback, 2018-2020 A5 Cabriolet, A5 Coupe, A5 Sportback, S4 Sedan, S5 Cabriolet, S5 Coupe, and Audi S5 Sportback vehicles.  The cable connecting the seat heater to the Passenger Occupant Detection System (PODS) may have a contact fault, causing the software to misdiagnose a malfunction and disable the passenger air bag.', 'Consequence': 'A disabled passenger air bag increases the risk of injury in the event of a crash.', 'Remedy': ""Dealers will replace the connecting cable and either the heating mat or entire seat cover, free of charge.  Owner notification letters were mailed January 7, 2022.  Owners may contact Audi customer service at 1-800-253-2834.  Audi's number for this recall is 74E3.  This recall is an expansion of Recall 19V-547 (74D9).  Vehicles previously repaired under 19V-547 will need to return for the new remedy."", 'Notes': 'Owners may also contact the National Highway Traffic Safety Administration Vehicle Safety Hotline at 1-888-327-4236 (TTY 1-800-424-9153), or go to www.nhtsa.gov.', 'ModelYear': '2020', 'Make': 'AUDI', 'Model': 'A4'}]",,,,,,,,,,,,,,,,,,,,,,,,,,,,,,,,,,,,,,,,,,,,,,,,
nhtsa_api,2026-04-02 16:44:36.689,1.0,raw_recalls,Volkswagen,Golf,2020.0,"[{'Manufacturer': 'Volkswagen Group of America, Inc.', 'NHTSACampaignNumber': '22V815000', 'parkIt': False, 'parkOutSide': False, 'overTheAirUpdate': False, 'ReportReceivedDate': '31/10/2022', 'Component': 'TIRES:PRESSURE MONITORING AND REGULATING SYSTEMS', 'Summary': 'Volkswagen Group of America, Inc. (Volkswagen) is recalling certain 2019 Volkswagen Tiguan LWB, Golf Sportswagen A7, Golf Alltrack, Golf R GP, Audi Q3, Audi A3 Cabriolet, 2019-2020 Jetta NF, Jetta GLI, Golf GTI, Atlas, Golf A7, Audi A3, 2020-2021 Atlas Cross Sport, and 2021 Atlas FL vehicles.  The tire pressure monitoring system may not detect an air pressure loss in adequate time when deflating occurs among all four tires simultaneously.  As such, these vehicles fail to comply with the requirements of Federal Motor Vehicle Safety Standard number 138, ""Tire Pressure Monitoring Systems.""', 'Consequence': 'An undetected sudden loss of pressure in all four tires increases the risk of a crash.', 'Remedy': ""Dealers will update the TPMS software, free of charge.  Owner notification letters were mailed November 18, 2022.  Owners may contact Volkswagen's customer service at 1-800-893-5298 or Audi\x92s customer service at 1-800-253-2834.  Volkswagen's numbers for this recall are (Audi) 45J7, and (VW) 45J6 and 45J8."", 'Notes': 'Owners may also contact the National Highway Traffic Safety Administration Vehicle Safety Hotline at 1-888-327-4236 (TTY 1-800-424-9153), or go to www.safercar.gov.', 'ModelYear': '2020', 'Make': 'VOLKSWAGEN', 'Model': 'GOLF'}, {'Manufacturer': 'Volkswagen Group of America, Inc.', 'NHTSACampaignNumber': '24V110000', 'parkIt': False, 'parkOutSide': False, 'overTheAirUpdate': False, 'NHTSAActionNumber': 'RQ23007', 'ReportReceivedDate': '14/02/2024', 'Component': 'FUEL SYSTEM, GASOLINE', 'Summary': 'Volkswagen Group of America, Inc. (Volkswagen) is recalling certain front-wheel drive 2015-2020 Audi A3 Sedan, 2015-2019 Audi A3 Cabriolet, 2019-2020 Volkswagen Jetta GLI, 2018 Golf Sportwagen GP, 2018-2019 Golf Sportwagen A7, 2015-2017 Golf Sportwagen, 2015-2020 Golf GTI, and 2015-2020 Golf A7 vehicles.  Due to a problem with a suction jet pump seal inside the fuel tank, fuel may flow into the evaporative emissions (EVAP) system and possibly leak out of the charcoal canister.', 'Consequence': 'A fuel leak in the presence of an ignition source increases the risk of a fire.', 'Remedy': ""Dealers will replace the suction pump, free of charge.  Final owner notification letters for Audi owners were mailed on July 25, 2024.  Final owner letters for VW owners were mailed on August 13, 2024.  Owners may contact Volkswagen customer service at 1-800-893-5298 or Audi customer service at 1-800-253-2834.  Volkswagen's numbers for this recall are VW: 20UF/Audi: 20YF.  Vehicles that were previously recalled under 16V-647 will need to have the new remedy completed.  This recall expands and replaces previous recall number 16V-647."", 'Notes': 'Owners may also contact the National Highway Traffic Safety Administration Vehicle Safety Hotline at 1-888-327-4236 (TTY 1-800-424-9153), or go to www.nhtsa.gov.', 'ModelYear': '2020', 'Make': 'VOLKSWAGEN', 'Model': 'GOLF'}]",,,,,,,,,,,,,,,,,,,,,,,,,,,,,,,,,,,,,,,,,,,,,,,,
nhtsa_api,2026-04-02 16:44:36.698,1.0,raw_recalls,Volkswagen,Passat,2020.0,"[{'Manufacturer': 'Volkswagen Group of America, Inc.', 'NHTSACampaignNumber': '19V389000', 'parkIt': False, 'parkOutSide': False, 'overTheAirUpdate': False, 'ReportReceivedDate': '22/05/2019', 'Component': 'EXTERIOR LIGHTING:HEADLIGHTS', 'Summary': 'Volkswagen Group of America, Inc. (Volkswagen) is recalling certain 2012-2020 Volkswagen Passat and 2018-2019 Atlas vehicles.  The blocking cap disabling the adjustment of the headlight\'s horizontal aim may not have been installed.  As such, these vehicles fail to conform to Federal Motor Vehicle Safety Standard (FMVSS) number 108, ""Lamps, Reflective Devices, and Associated Equipment.""', 'Consequence': 'Without the blocking cap, the headlight aim can be adjusted out of specification, reducing visibility and increasing the risk of a crash.', 'Remedy': ""Volkswagen will notify owners, and dealers will inspect and, as necessary, block the headlight horizontal adjustment, free of charge.  The recall began July 16, 2019.  Owners may contact Volkswagen customer service at 1-800-253-2834.  Volkswagen's number for this recall is 94L9."", 'Notes': 'Owners may also contact the National Highway Traffic Safety Administration Vehicle Safety Hotline at 1-888-327-4236 (TTY 1-800-424-9153), or go to www.safercar.gov.', 'ModelYear': '2020', 'Make': 'VOLKSWAGEN', 'Model': 'PASSAT'}, {'Manufacturer': 'Volkswagen Group of America, Inc.', 'NHTSACampaignNumber': '19V218000', 'parkIt': False, 'parkOutSide': False, 'overTheAirUpdate': False, 'ReportReceivedDate': '20/03/2019', 'Component': 'AIR BAGS:SIDE/WINDOW', 'Summary': 'Volkswagen Group of America, Inc. (Volkswagen) is recalling certain 2019 Atlas and 2020 Passat vehicles.  An incorrect driver and/or front passenger side impact air bag may have been installed.', 'Consequence': 'In an event of a side impact crash, an incorrect side airbag may not deploy as intended, increasing the risk of injury.', 'Remedy': ""Volkswagen has inspected and replaced the side air bags, free of charge.  The recall was completed in April 2019.  Owners may contact Volkswagen customer service at 1-800-893-5298.  Volkswagen's number for this recall is 69Y8."", 'Notes': 'Owners may also contact the National Highway Traffic Safety Administration Vehicle Safety Hotline at 1-888-327-4236 (TTY 1-800-424-9153), or go to www.safercar.gov.', 'ModelYear': '2020', 'Make': 'VOLKSWAGEN', 'Model': 'PASSAT'}, {'Manufacturer': 'Volkswagen Group of America, Inc.', 'NHTSACampaignNumber': '20V533000', 'parkIt': False, 'parkOutSide': False, 'overTheAirUpdate': False, 'ReportReceivedDate': '02/09/2020', 'Component': 'AIR BAGS:PASSENGER SIDE FRONTAL:CUSHION', 'Summary': 'Volkswagen Group of America, Inc. (Volkswagen) is recalling certain 2020 Passat vehicles.  The passenger frontal air bag may have been folded incorrectly affecting its deployment force.  As such, these vehicles fail to comply with the requirements of Federal Motor Vehicle Safety Standard number 208, ""Occupant Crash Protection.""', 'Consequence': 'An incorrectly folded air bag can deploy with too much force, increasing the risk of injury.', 'Remedy': ""Volkswagen will notify owners, and dealers will replace the passenger frontal air bag, free of charge.  The recall began October 14, 2020.  Owners may contact Volkswagen customer service at 1-888-241-2289.  Volkswagen's number for this recall is 69AY."", 'Notes': 'Owners may also contact the National Highway Traffic Safety Administration Vehicle Safety Hotline at 1-888-327-4236 (TTY 1-800-424-9153), or go to www.safercar.gov.', 'ModelYear': '2020', 'Make': 'VOLKSWAGEN', 'Model': 'PASSAT'}]",,,,,,,,,,,,,,,,,,,,,,,,,,,,,,,,,,,,,,,,,,,,,,,,
pdf_extraction,2026-04-02 16:44:36.733,1.0,raw_recalls,,,,,automotive_report_twocolumn.pdf,pdf,/Users/elmedin.karisiksystemverification.com/Documents/private/Automotive-Industry-Tracker/data/raw/pdf/automotive_report_twocolumn.pdf,2026-04-02T16:44:36.703806,pdfplumber,"[{'page_number': 1, 'text': 'Automotive Two-Column Report\nAudi A4 Recalls Volkswagen Golf Recalls\nThe Audi A4 2020 had 3 recalls related to airbag, The Volkswagen Golf 2020 had 2 recalls related to\nbrake, and engine issues reported to NHTSA. electrical systems and fuel systems.\nComponent Recall Details (with borders)\nComponent Issue Affected Units\nAirbag Inflator rupture 15,000\nBrakes Brake fluid leak 8,200\nEngine Oil pressure loss 5,100\nComponent Recall Details (without borders)\nComponent Issue Affected Units\nAirbag Inflator rupture 15,000\nBrakes Brake fluid leak 8,200\nEngine Oil pressure loss 5,100', 'tables': [[['Component', 'Issue', 'Affected Units'], ['Airbag', 'Inflator rupture', '15,000'], ['Brakes', 'Brake fluid leak', '8,200'], ['Engine', 'Oil pressure loss', '5,100']]]}]",,,,,,,,,,,,,,,,,,,,,,,,,,,,,,,,,,,,,,,,,,
pdf_extraction,2026-04-02 16:44:36.758,1.0,raw_recalls,,,,,automotive_report_normal.pdf,pdf,/Users/elmedin.karisiksystemverification.com/Documents/private/Automotive-Industry-Tracker/data/raw/pdf/automotive_report_normal.pdf,2026-04-02T16:44:36.737148,pdfplumber,"[{'page_number': 1, 'text': 'Automotive Industry Recall Report 2020\nIntroduction\nThis report provides an overview of vehicle recalls issued in 2020 for major automotive brands including\nAudi, Volkswagen, and Skoda. Data sourced from NHTSA.\nRecall Summary Table (with borders)\nMake Model Year Recalls\nAudi A4 2020 3\nVolkswagen Golf 2020 2\nVolkswagen Passat 2020 3\nRecall Summary Table (without borders)\nMake Model Year Recalls\nAudi A4 2020 3\nVolkswagen Golf 2020 2\nVolkswagen Passat 2020 3', 'tables': [[['Make', 'Model', 'Year', 'Recalls'], ['Audi', 'A4', '2020', '3'], ['Volkswagen', 'Golf', '2020', '2'], ['Volkswagen', 'Passat', '2020', '3']]]}]",,,,,,,,,,,,,,,,,,,,,,,,,,,,,,,,,,,,,,,,,,
word_extraction,2026-04-02 16:44:36.965,1.0,raw_recalls,,,,,automotive_report.docx,word,/Users/elmedin.karisiksystemverification.com/Documents/private/Automotive-Industry-Tracker/data/raw/word/automotive_report.docx,2026-04-02T16:44:36.762286,python-docx,,"[{'style': 'Title', 'text': 'Automotive Industry Recall Report 2020'}, {'style': 'Normal', 'text': 'This report provides an overview of vehicle recalls issued in 2020. Data sourced from NHTSA database covering major VW Group vehicles.'}, {'style': 'Heading 1', 'text': 'Recall Overview'}, {'style': 'Normal', 'text': 'In 2020, several VW Group vehicles were subject to safety recalls. The recalls covered issues ranging from airbag defects to engine problems.'}, {'style': 'Heading 2', 'text': 'Table with Borders'}, {'style': 'Heading 2', 'text': 'Table without Borders'}, {'style': 'Heading 1', 'text': 'Two-Column Section'}, {'style': 'Normal', 'text': 'Left Column: Audi A4 had 3 recalls in 2020 including airbag and brake issues.'}, {'style': 'Normal', 'text': 'Right Column: Volkswagen Golf had 2 recalls related to electrical systems.'}]","[{'table_index': 0, 'data': [['Make', 'Model', 'Year', 'Recalls'], ['Audi', 'A4', '2020', '3'], ['Volkswagen', 'Golf', '2020', '2'], ['Volkswagen', 'Passat', '2020', '3']]}, {'table_index': 1, 'data': [['Make', 'Model', 'Year', 'Recalls'], ['Audi', 'A4', '2020', '3'], ['Volkswagen', 'Golf', '2020', '2'], ['Volkswagen', 'Passat', '2020', '3']]}]",,,,,,,,,,,,,,,,,,,,,,,,,,,,,,,,,,,,,,,,
excel_extraction,2026-04-02 16:44:37.004,1.0,raw_recalls,,,,,automotive_data.xlsx,excel,/Users/elmedin.karisiksystemverification.com/Documents/private/Automotive-Industry-Tracker/data/raw/excel/automotive_data.xlsx,2026-04-02T16:44:36.969957,openpyxl,,,,"[{'sheet_name': 'Recall Summary', 'rows': [['Make', 'Model', 'Year', 'Recall Count', 'Affected Units', 'Total Cost (USD)'], ['Audi', 'A4', '2020', '3', '15000', '2500000'], ['Volkswagen', 'Golf', '2020', '2', '8200', '1200000'], ['Volkswagen', 'Passat', '2020', '3', '5100', '980000'], ['TOTAL', '', '', '=SUM(D2:D4)', '=SUM(E2:E4)', '=SUM(F2:F4)']]}, {'sheet_name': 'Component Details', 'rows': [['Component', 'Issue', 'Make', 'Model', 'Affected Units'], ['Airbag', 'Inflator rupture', 'Audi', 'A4', '15000'], ['Brakes', 'Brake fluid leak', 'Volkswagen', 'Golf', '8200'], ['Engine', 'Oil pressure loss', 'Volkswagen', 'Passat', '5100']]}]",,,,,,,,,,,,,,,,,,,,,,,,,,,,,,,,,,,,,,,
web_scraping,2026-04-02 16:44:37.017,1.0,raw_recalls,,,,,,,local_html/page_1.html,,,,,,,2026-04-02T16:44:37.011858,,,,Audi A4 2020,"Luxury sedan with 2.0L TFSI engine, 190hp. Known for premium interior and advanced driver assistance.","$39,900",/cars/audi-a4-2020,1.0,,,,,,,,,,,,,,,,,,,,,,,,,,,,,,
web_scraping,2026-04-02 16:44:37.020,1.0,raw_recalls,,,,,,,local_html/page_1.html,,,,,,,2026-04-02T16:44:37.012072,,,,Audi A4 2019,Previous generation A4 with quattro all-wheel drive. Excellent safety ratings from NHTSA.,"$36,500",/cars/audi-a4-2019,1.0,,,,,,,,,,,,,,,,,,,,,,,,,,,,,,
web_scraping,2026-04-02 16:44:37.023,1.0,raw_recalls,,,,,,,local_html/page_1.html,,,,,,,2026-04-02T16:44:37.012223,,,,Audi A4 2018,Reliable executive sedan. NHTSA recall issued for airbag inflator replacement.,"$33,200",/cars/audi-a4-2018,1.0,,,,,,,,,,,,,,,,,,,,,,,,,,,,,,
web_scraping,2026-04-02 16:44:37.027,1.0,raw_recalls,,,,,,,local_html/page_2.html,,,,,,,2026-04-02T16:44:37.013352,,,,Volkswagen Golf 2020,Compact hatchback with 1.4L TSI engine. Popular choice in European markets.,"$23,195",/cars/volkswagen-golf-2020,2.0,,,,,,,,,,,,,,,,,,,,,,,,,,,,,,
web_scraping,2026-04-02 16:44:37.030,1.0,raw_recalls,,,,,,,local_html/page_2.html,,,,,,,2026-04-02T16:44:37.013501,,,,Volkswagen Golf 2019,"Award-winning hatchback. NHTSA recall for brake system defect affecting 8,200 units.","$21,500",/cars/volkswagen-golf-2019,2.0,,,,,,,,,,,,,,,,,,,,,,,,,,,,,,
web_scraping,2026-04-02 16:44:37.034,1.0,raw_recalls,,,,,,,local_html/page_2.html,,,,,,,2026-04-02T16:44:37.013714,,,,Volkswagen Golf GTI 2020,Performance variant with 228hp turbocharged engine and sport suspension.,"$29,995",/cars/volkswagen-golf-gti-2020,2.0,,,,,,,,,,,,,,,,,,,,,,,,,,,,,,
web_scraping,2026-04-02 16:44:37.037,1.0,raw_recalls,,,,,,,local_html/page_3.html,,,,,,,2026-04-02T16:44:37.014464,,,,Volkswagen Passat 2020,Midsize sedan with spacious interior. NHTSA recall for fuel pump defect.,"$24,990",/cars/volkswagen-passat-2020,3.0,,,,,,,,,,,,,,,,,,,,,,,,,,,,,,
web_scraping,2026-04-02 16:44:37.041,1.0,raw_recalls,,,,,,,local_html/page_3.html,,,,,,,2026-04-02T16:44:37.014589,,,,Volkswagen Passat 2019,Business-class sedan with advanced connectivity features and comfort.,"$22,800",/cars/volkswagen-passat-2019,3.0,,,,,,,,,,,,,,,,,,,,,,,,,,,,,,
web_scraping,2026-04-02 16:44:37.044,1.0,raw_recalls,,,,,,,local_html/page_3.html,,,,,,,2026-04-02T16:44:37.014704,,,,Skoda Octavia 2020,Czech-made sedan offering exceptional value. Part of VW Group platform.,"$19,990",/cars/skoda-octavia-2020,3.0,,,,,,,,,,,,,,,,,,,,,,,,,,,,,,
dynamic_scraping,2026-04-02 16:44:38.899,1.0,raw_recalls,Audi,A4,2020.0,"[{'Manufacturer': 'Volkswagen Group of America, Inc.', 'NHTSACampaignNumber': '22V034000', 'parkIt': False, 'parkOutSide': False, 'overTheAirUpdate': False, 'ReportReceivedDate': '26/01/2022', 'Component': 'TIRES', 'Summary': 'Volkswagen Group of America, Inc. (Audi) is recalling certain 2019-2021 Audi A5 Sportback, RS5 Coupe, RS5 Sportback, S5 Sportback, 2020-2021 A4 Allroad, A4 Sedan, A5 Cabriolet, A5 Coupe, A6 Allroad, A6 Sedan, A7, A8, Q5, S4 Sedan, S5 Coupe, S5 Cabriolet, S6 Sedan, S7, S8, SQ5, 2021 Q5 Sportback, Q7, Q8, RS6 Avant, RS7, RSQ8, SQ5 Sportback, SQ7, and SQ8 vehicles.  The rear axle alignment may not have been inspected after the repairs for Recall 21V-295 (42L1) were performed.', 'Consequence': 'Rear axle misalignment may cause premature or uneven tire wear, increasing the risk of a crash.', 'Remedy': ""Dealers will inspect the rear axle, adjust the alignment as necessary, and replace any prematurely or unevenly worn tires, free of charge.  Owner notification letters were mailed March 3, 2022.  Owners may contact Audi customer service at 1-800-253-2834.  Audi's number for this recall is 42L5."", 'Notes': 'Owners may also contact the National Highway Traffic Safety Administration Vehicle Safety Hotline at 1-888-327-4236 (TTY 1-800-424-9153), or go to www.nhtsa.gov.', 'ModelYear': '2020', 'Make': 'AUDI', 'Model': 'A4'}, {'Manufacturer': 'Volkswagen Group of America, Inc.', 'NHTSACampaignNumber': '21V295000', 'parkIt': False, 'parkOutSide': False, 'overTheAirUpdate': False, 'ReportReceivedDate': '26/04/2021', 'Component': 'SUSPENSION:REAR:AXLE:NON-POWERED AXLE ASSEMBLY', 'Summary': 'Volkswagen Group of America, Inc. (Audi) is recalling certain 2021 Q7, Q8, Q5 Sportback, SQ5 Sportback, RS6 Avant, RS7, RS Q8, 2020-2021 Audi S6 sedan, Q5, A8, S8, A7, A6 Allroad, A5 Cabriolet, A4 sedan, A4 Allroad, SQ5, S7, A6 sedan, S5 coupe, S4 sedan, S5 Cabriolet, A5 coupe, 2019-2021 RS5 coupe, A5 Sportback, S5 Sportback, RS5 Sportback vehicles.  The lock nut on the trailing arm of the rear axle may break due to stress corrosion.', 'Consequence': 'A broken lock nut may misalign the rear axle, causing a loss of control and increasing the risk of a crash.', 'Remedy': ""Dealers will replace the lock nuts and, if necessary, the associated bolts, free of charge.  Owner notification letters were mailed June 4, 2021.  Owners may contact Audi customer service at 1-800-253-2834.  Audi's number for this recall is 42L1."", 'Notes': 'Owners may also contact the National Highway Traffic Safety Administration Vehicle Safety Hotline at 1-888-327-4236 (TTY 1-800-424-9153), or go to www.safercar.gov.', 'ModelYear': '2020', 'Make': 'AUDI', 'Model': 'A4'}, {'Manufacturer': 'Volkswagen Group of America, Inc.', 'NHTSACampaignNumber': '21V874000', 'parkIt': False, 'parkOutSide': False, 'overTheAirUpdate': False, 'ReportReceivedDate': '10/11/2021', 'Component': 'SEATS', 'Summary': 'Volkswagen Group of America, Inc. (Audi) is recalling certain 2017-2020 A4 Allroad, A4 Sedan, 2018-2019 RS5 Coupe, 2019 RS5 Sportback, 2018-2020 A5 Cabriolet, A5 Coupe, A5 Sportback, S4 Sedan, S5 Cabriolet, S5 Coupe, and Audi S5 Sportback vehicles.  The cable connecting the seat heater to the Passenger Occupant Detection System (PODS) may have a contact fault, causing the software to misdiagnose a malfunction and disable the passenger air bag.', 'Consequence': 'A disabled passenger air bag increases the risk of injury in the event of a crash.', 'Remedy': ""Dealers will replace the connecting cable and either the heating mat or entire seat cover, free of charge.  Owner notification letters were mailed January 7, 2022.  Owners may contact Audi customer service at 1-800-253-2834.  Audi's number for this recall is 74E3.  This recall is an expansion of Recall 19V-547 (74D9).  Vehicles previously repaired under 19V-547 will need to return for the new remedy."", 'Notes': 'Owners may also contact the National Highway Traffic Safety Administration Vehicle Safety Hotline at 1-888-327-4236 (TTY 1-800-424-9153), or go to www.nhtsa.gov.', 'ModelYear': '2020', 'Make': 'AUDI', 'Model': 'A4'}]",,,https://api.nhtsa.gov/recalls/recallsByVehicle?make=Audi&model=A4&modelYear=2020,,,,,,,2026-04-02T16:44:38.887915,json_api,,,,,,,,,,,,,,,,,,,,,,,,,,,,,,,,,,,,,
dynamic_scraping,2026-04-02 16:44:40.729,1.0,raw_recalls,Volkswagen,Golf,2020.0,"[{'Manufacturer': 'Volkswagen Group of America, Inc.', 'NHTSACampaignNumber': '22V815000', 'parkIt': False, 'parkOutSide': False, 'overTheAirUpdate': False, 'ReportReceivedDate': '31/10/2022', 'Component': 'TIRES:PRESSURE MONITORING AND REGULATING SYSTEMS', 'Summary': 'Volkswagen Group of America, Inc. (Volkswagen) is recalling certain 2019 Volkswagen Tiguan LWB, Golf Sportswagen A7, Golf Alltrack, Golf R GP, Audi Q3, Audi A3 Cabriolet, 2019-2020 Jetta NF, Jetta GLI, Golf GTI, Atlas, Golf A7, Audi A3, 2020-2021 Atlas Cross Sport, and 2021 Atlas FL vehicles.  The tire pressure monitoring system may not detect an air pressure loss in adequate time when deflating occurs among all four tires simultaneously.  As such, these vehicles fail to comply with the requirements of Federal Motor Vehicle Safety Standard number 138, ""Tire Pressure Monitoring Systems.""', 'Consequence': 'An undetected sudden loss of pressure in all four tires increases the risk of a crash.', 'Remedy': ""Dealers will update the TPMS software, free of charge.  Owner notification letters were mailed November 18, 2022.  Owners may contact Volkswagen's customer service at 1-800-893-5298 or Audi\x92s customer service at 1-800-253-2834.  Volkswagen's numbers for this recall are (Audi) 45J7, and (VW) 45J6 and 45J8."", 'Notes': 'Owners may also contact the National Highway Traffic Safety Administration Vehicle Safety Hotline at 1-888-327-4236 (TTY 1-800-424-9153), or go to www.safercar.gov.', 'ModelYear': '2020', 'Make': 'VOLKSWAGEN', 'Model': 'GOLF'}, {'Manufacturer': 'Volkswagen Group of America, Inc.', 'NHTSACampaignNumber': '24V110000', 'parkIt': False, 'parkOutSide': False, 'overTheAirUpdate': False, 'NHTSAActionNumber': 'RQ23007', 'ReportReceivedDate': '14/02/2024', 'Component': 'FUEL SYSTEM, GASOLINE', 'Summary': 'Volkswagen Group of America, Inc. (Volkswagen) is recalling certain front-wheel drive 2015-2020 Audi A3 Sedan, 2015-2019 Audi A3 Cabriolet, 2019-2020 Volkswagen Jetta GLI, 2018 Golf Sportwagen GP, 2018-2019 Golf Sportwagen A7, 2015-2017 Golf Sportwagen, 2015-2020 Golf GTI, and 2015-2020 Golf A7 vehicles.  Due to a problem with a suction jet pump seal inside the fuel tank, fuel may flow into the evaporative emissions (EVAP) system and possibly leak out of the charcoal canister.', 'Consequence': 'A fuel leak in the presence of an ignition source increases the risk of a fire.', 'Remedy': ""Dealers will replace the suction pump, free of charge.  Final owner notification letters for Audi owners were mailed on July 25, 2024.  Final owner letters for VW owners were mailed on August 13, 2024.  Owners may contact Volkswagen customer service at 1-800-893-5298 or Audi customer service at 1-800-253-2834.  Volkswagen's numbers for this recall are VW: 20UF/Audi: 20YF.  Vehicles that were previously recalled under 16V-647 will need to have the new remedy completed.  This recall expands and replaces previous recall number 16V-647."", 'Notes': 'Owners may also contact the National Highway Traffic Safety Administration Vehicle Safety Hotline at 1-888-327-4236 (TTY 1-800-424-9153), or go to www.nhtsa.gov.', 'ModelYear': '2020', 'Make': 'VOLKSWAGEN', 'Model': 'GOLF'}]",,,https://api.nhtsa.gov/recalls/recallsByVehicle?make=Volkswagen&model=Golf&modelYear=2020,,,,,,,2026-04-02T16:44:40.727864,json_api,,,,,,,,,,,,,,,,,,,,,,,,,,,,,,,,,,,,,
dynamic_scraping,2026-04-02 16:44:42.530,1.0,raw_recalls,Volkswagen,Passat,2020.0,"[{'Manufacturer': 'Volkswagen Group of America, Inc.', 'NHTSACampaignNumber': '19V389000', 'parkIt': False, 'parkOutSide': False, 'overTheAirUpdate': False, 'ReportReceivedDate': '22/05/2019', 'Component': 'EXTERIOR LIGHTING:HEADLIGHTS', 'Summary': 'Volkswagen Group of America, Inc. (Volkswagen) is recalling certain 2012-2020 Volkswagen Passat and 2018-2019 Atlas vehicles.  The blocking cap disabling the adjustment of the headlight\'s horizontal aim may not have been installed.  As such, these vehicles fail to conform to Federal Motor Vehicle Safety Standard (FMVSS) number 108, ""Lamps, Reflective Devices, and Associated Equipment.""', 'Consequence': 'Without the blocking cap, the headlight aim can be adjusted out of specification, reducing visibility and increasing the risk of a crash.', 'Remedy': ""Volkswagen will notify owners, and dealers will inspect and, as necessary, block the headlight horizontal adjustment, free of charge.  The recall began July 16, 2019.  Owners may contact Volkswagen customer service at 1-800-253-2834.  Volkswagen's number for this recall is 94L9."", 'Notes': 'Owners may also contact the National Highway Traffic Safety Administration Vehicle Safety Hotline at 1-888-327-4236 (TTY 1-800-424-9153), or go to www.safercar.gov.', 'ModelYear': '2020', 'Make': 'VOLKSWAGEN', 'Model': 'PASSAT'}, {'Manufacturer': 'Volkswagen Group of America, Inc.', 'NHTSACampaignNumber': '19V218000', 'parkIt': False, 'parkOutSide': False, 'overTheAirUpdate': False, 'ReportReceivedDate': '20/03/2019', 'Component': 'AIR BAGS:SIDE/WINDOW', 'Summary': 'Volkswagen Group of America, Inc. (Volkswagen) is recalling certain 2019 Atlas and 2020 Passat vehicles.  An incorrect driver and/or front passenger side impact air bag may have been installed.', 'Consequence': 'In an event of a side impact crash, an incorrect side airbag may not deploy as intended, increasing the risk of injury.', 'Remedy': ""Volkswagen has inspected and replaced the side air bags, free of charge.  The recall was completed in April 2019.  Owners may contact Volkswagen customer service at 1-800-893-5298.  Volkswagen's number for this recall is 69Y8."", 'Notes': 'Owners may also contact the National Highway Traffic Safety Administration Vehicle Safety Hotline at 1-888-327-4236 (TTY 1-800-424-9153), or go to www.safercar.gov.', 'ModelYear': '2020', 'Make': 'VOLKSWAGEN', 'Model': 'PASSAT'}, {'Manufacturer': 'Volkswagen Group of America, Inc.', 'NHTSACampaignNumber': '20V533000', 'parkIt': False, 'parkOutSide': False, 'overTheAirUpdate': False, 'ReportReceivedDate': '02/09/2020', 'Component': 'AIR BAGS:PASSENGER SIDE FRONTAL:CUSHION', 'Summary': 'Volkswagen Group of America, Inc. (Volkswagen) is recalling certain 2020 Passat vehicles.  The passenger frontal air bag may have been folded incorrectly affecting its deployment force.  As such, these vehicles fail to comply with the requirements of Federal Motor Vehicle Safety Standard number 208, ""Occupant Crash Protection.""', 'Consequence': 'An incorrectly folded air bag can deploy with too much force, increasing the risk of injury.', 'Remedy': ""Volkswagen will notify owners, and dealers will replace the passenger frontal air bag, free of charge.  The recall began October 14, 2020.  Owners may contact Volkswagen customer service at 1-888-241-2289.  Volkswagen's number for this recall is 69AY."", 'Notes': 'Owners may also contact the National Highway Traffic Safety Administration Vehicle Safety Hotline at 1-888-327-4236 (TTY 1-800-424-9153), or go to www.safercar.gov.', 'ModelYear': '2020', 'Make': 'VOLKSWAGEN', 'Model': 'PASSAT'}]",,,https://api.nhtsa.gov/recalls/recallsByVehicle?make=Volkswagen&model=Passat&modelYear=2020,,,,,,,2026-04-02T16:44:42.527529,json_api,,,,,,,,,,,,,,,,,,,,,,,,,,,,,,,,,,,,,
selenium_scraping,2026-04-02 16:45:05.257,1.0,raw_recalls,,,,,,,https://www.wikipedia.org/wiki/Audi,,,,,,,2026-04-02T16:45:05.172994,selenium,,,Audi - Wikipedia,,,,,"Audi AG[a] is a German automotive manufacturer of luxury vehicles headquartered in Ingolstadt, Bavaria, Germany. A wholly owned subsidiary of the Volkswagen Group, Audi produces vehicles in nine production facilities worldwide. The origins of the company are complex, dating back to the early 20th century and the initial enterprises (Horch and the Audiwerke) founded by engineer August Horch. Two other manufacturers (DKW and Wanderer) also contributed to the foundation of Auto Union in 1932. The modern Audi era began in the 1960s, when Auto Union was acquired by Volkswagen from Daimler-Benz.[7] Volkswagen relaunched the Audi brand with the 1965 introduction of the Audi F103 series, and merged Auto Union with NSU Motorenwerke in 1969, thus creating the present-day form of the company.",,,,,,,,,,,,,,,,,,,,,,,,,,,,,
ocr_image,2026-04-02 16:45:06.478,1.0,raw_recalls,,,,,test_scan.png,image_ocr,/Users/elmedin.karisiksystemverification.com/Documents/private/Automotive-Industry-Tracker/data/raw/images/test_scan.png,2026-04-02T16:45:06.475308,pytesseract,,,,,,,"The 2022 Audi RS6 Avant is a high-performance wagon that combines supercar power with everyday practicality. Under the hood, it boasts a 4.0-liter twin-turbocharged V8 engine
producing 591 horsepower and 590 Ib-ft of torque, enabling a 0-60 mph time of just 3.5 seconds. Equipped with Audi's Quattro all-wheel-drive system, adaptive air suspension, and dynamic
Steering, the RS6 delivers exceptional handling and comfort. Its aggressive design features wide fenders, a black honeycomb grille, and large oval exhaust tips, giving it a commanding
Toad presence, With a luxurious, tech-filled interior and ample cargo space, the RSG Avant is the ultimate blend of performance, luxury, and practicality.

Engine: 4.01 V8 Top speed: 190mph
Power: 591bhp 0-60: 31sec
Torque: 799nm Year: 2022
Weight: 2,282kg Country: German
","Cnnr RS6

The 2022 Audi RSG Avant is a high-performance wagon that combines supercar power with everyday practicality. Under the hood, it boasts a 4.0-liter twin-turbocharged V8 engine
producing 591 horsepower and 590 Ib-ft of torque, enabling a 0-60 mph time of just 3.5 seconds. Equipped with Audi's Quattro all-wheel-drive system, adaptive air suspension, and dynamic
steering, the RSG delivers exceptional handling and comfort. Its aggressive design features wide fenders, a black honeycomb grille, and large oval exhaust tips, giving it a commanding
road presence, With a luxurious, tech-filled interior and ample cargo space, the RS6 Avant is the ultimate blend of performance, luxury, and practicality.

Engine: 4.01 V8 Top speed: 190mph
Power: 591bhp 0-60: 31sec
Torque: 799nm Year: 2022
Weight: 2,282kg Country: German

",,,,,,,,,,,,,,,,,,,,,,,,,,,,,,,,,,,
ocr_scanned_pdf,2026-04-02 16:45:06.963,1.0,raw_recalls,,,,,scanned_report.pdf,scanned_pdf_ocr,/Users/elmedin.karisiksystemverification.com/Documents/private/Automotive-Industry-Tracker/data/raw/scanned/scanned_report.pdf,2026-04-02T16:45:06.962263,pytesseract+pdf2image,"[{'page_number': 1, 'text': 'Automotive Industry Recall Report 2020\n\nIntroduction\n\nThis report provides an overview of vehicle recalls issued in 2020 for major automotive brands including\nAudi, Volkswagen, and Skoda. Data sourced from NHTSA.\n\nRecall Summary Table (with borders)\n\nMake Model | Year | Recalls\n\nRecall Summary Table (without borders)\nMake Model Year Recalls\nAudi A4 2020 3\nVolkswagen Golf 2020 2\nVolkswagen Passat 2020 3\n\n'}]",,,,,,,,,,,,,,,,,,,,,,,,,,,,,,,,,,,,,,,,,,
word_extraction,2026-04-10 10:53:28.797,1.0,raw_recalls,,,,,automotive_report.docx,word,/Users/elmedin.karisiksystemverification.com/Documents/private/Automotive-Industry-Tracker/data/raw/word/automotive_report.docx,2026-04-10T10:53:28.585706,python-docx,,"[{'style': 'Title', 'text': 'Automotive Industry Recall Report 2020'}, {'style': 'Normal', 'text': 'This report provides an overview of vehicle recalls issued in 2020. Data sourced from NHTSA database covering major VW Group vehicles.'}, {'style': 'Heading 1', 'text': 'Recall Overview'}, {'style': 'Normal', 'text': 'In 2020, several VW Group vehicles were subject to safety recalls. The recalls covered issues ranging from airbag defects to engine problems.'}, {'style': 'Heading 2', 'text': 'Table with Borders'}, {'style': 'Heading 2', 'text': 'Table without Borders'}, {'style': 'Heading 1', 'text': 'Two-Column Section'}, {'style': 'Normal', 'text': 'Left Column: Audi A4 had 3 recalls in 2020 including airbag and brake issues.'}, {'style': 'Normal', 'text': 'Right Column: Volkswagen Golf had 2 recalls related to electrical systems.'}]","[{'table_index': 0, 'data': [['Make', 'Model', 'Year', 'Recalls'], ['Audi', 'A4', '2020', '3'], ['Volkswagen', 'Golf', '2020', '2'], ['Volkswagen', 'Passat', '2020', '3']]}, {'table_index': 1, 'data': [['Make', 'Model', 'Year', 'Recalls'], ['Audi', 'A4', '2020', '3'], ['Volkswagen', 'Golf', '2020', '2'], ['Volkswagen', 'Passat', '2020', '3']]}]",,,,,,,,,,,,,,,,,,,,,,,,,,,,,,,,,,,,,,,,
excel_extraction,2026-04-10 10:53:29.149,1.0,raw_recalls,,,,,automotive_data.xlsx,excel,/Users/elmedin.karisiksystemverification.com/Documents/private/Automotive-Industry-Tracker/data/raw/excel/automotive_data.xlsx,2026-04-10T10:53:29.104163,openpyxl,,,,"[{'sheet_name': 'Recall Summary', 'rows': [['Make', 'Model', 'Year', 'Recall Count', 'Affected Units', 'Total Cost (USD)'], ['Audi', 'A4', '2020', '3', '15000', '2500000'], ['Volkswagen', 'Golf', '2020', '2', '8200', '1200000'], ['Volkswagen', 'Passat', '2020', '3', '5100', '980000'], ['TOTAL', '', '', '=SUM(D2:D4)', '=SUM(E2:E4)', '=SUM(F2:F4)']]}, {'sheet_name': 'Component Details', 'rows': [['Component', 'Issue', 'Make', 'Model', 'Affected Units'], ['Airbag', 'Inflator rupture', 'Audi', 'A4', '15000'], ['Brakes', 'Brake fluid leak', 'Volkswagen', 'Golf', '8200'], ['Engine', 'Oil pressure loss', 'Volkswagen', 'Passat', '5100']]}]",,,,,,,,,,,,,,,,,,,,,,,,,,,,,,,,,,,,,,,
word_extraction,2026-04-10 10:54:31.107,1.0,raw_recalls,,,,,automotive_report.docx,word,/Users/elmedin.karisiksystemverification.com/Documents/private/Automotive-Industry-Tracker/data/raw/word/automotive_report.docx,2026-04-10T10:54:30.895346,python-docx,,"[{'style': 'Title', 'text': 'Automotive Industry Recall Report 2020'}, {'style': 'Normal', 'text': 'This report provides an overview of vehicle recalls issued in 2020. Data sourced from NHTSA database covering major VW Group vehicles.'}, {'style': 'Heading 1', 'text': 'Recall Overview'}, {'style': 'Normal', 'text': 'In 2020, several VW Group vehicles were subject to safety recalls. The recalls covered issues ranging from airbag defects to engine problems.'}, {'style': 'Heading 2', 'text': 'Table with Borders'}, {'style': 'Heading 2', 'text': 'Table without Borders'}, {'style': 'Heading 1', 'text': 'Two-Column Section'}, {'style': 'Normal', 'text': 'Left Column: Audi A4 had 3 recalls in 2020 including airbag and brake issues.'}, {'style': 'Normal', 'text': 'Right Column: Volkswagen Golf had 2 recalls related to electrical systems.'}]","[{'table_index': 0, 'data': [['Make', 'Model', 'Year', 'Recalls'], ['Audi', 'A4', '2020', '3'], ['Volkswagen', 'Golf', '2020', '2'], ['Volkswagen', 'Passat', '2020', '3']]}, {'table_index': 1, 'data': [['Make', 'Model', 'Year', 'Recalls'], ['Audi', 'A4', '2020', '3'], ['Volkswagen', 'Golf', '2020', '2'], ['Volkswagen', 'Passat', '2020', '3']]}]",,,,,,,,,,,,,,,,,,,,,,,,,,,,,,,,,,,,,,,,
excel_extraction,2026-04-10 10:54:31.234,1.0,raw_recalls,,,,,automotive_data.xlsx,excel,/Users/elmedin.karisiksystemverification.com/Documents/private/Automotive-Industry-Tracker/data/raw/excel/automotive_data.xlsx,2026-04-10T10:54:31.194177,openpyxl,,,,"[{'sheet_name': 'Recall Summary', 'rows': [['Make', 'Model', 'Year', 'Recall Count', 'Affected Units', 'Total Cost (USD)'], ['Audi', 'A4', '2020', '3', '15000', '2500000'], ['Volkswagen', 'Golf', '2020', '2', '8200', '1200000'], ['Volkswagen', 'Passat', '2020', '3', '5100', '980000'], ['TOTAL', '', '', '=SUM(D2:D4)', '=SUM(E2:E4)', '=SUM(F2:F4)']]}, {'sheet_name': 'Component Details', 'rows': [['Component', 'Issue', 'Make', 'Model', 'Affected Units'], ['Airbag', 'Inflator rupture', 'Audi', 'A4', '15000'], ['Brakes', 'Brake fluid leak', 'Volkswagen', 'Golf', '8200'], ['Engine', 'Oil pressure loss', 'Volkswagen', 'Passat', '5100']]}]",,,,,,,,,,,,,,,,,,,,,,,,,,,,,,,,,,,,,,,
nhtsa_api,2026-04-10 10:54:34.889,1.0,raw_recalls,Audi,A4,2020.0,"[{'Manufacturer': 'Volkswagen Group of America, Inc.', 'NHTSACampaignNumber': '22V034000', 'parkIt': False, 'parkOutSide': False, 'overTheAirUpdate': False, 'ReportReceivedDate': '26/01/2022', 'Component': 'TIRES', 'Summary': 'Volkswagen Group of America, Inc. (Audi) is recalling certain 2019-2021 Audi A5 Sportback, RS5 Coupe, RS5 Sportback, S5 Sportback, 2020-2021 A4 Allroad, A4 Sedan, A5 Cabriolet, A5 Coupe, A6 Allroad, A6 Sedan, A7, A8, Q5, S4 Sedan, S5 Coupe, S5 Cabriolet, S6 Sedan, S7, S8, SQ5, 2021 Q5 Sportback, Q7, Q8, RS6 Avant, RS7, RSQ8, SQ5 Sportback, SQ7, and SQ8 vehicles.  The rear axle alignment may not have been inspected after the repairs for Recall 21V-295 (42L1) were performed.', 'Consequence': 'Rear axle misalignment may cause premature or uneven tire wear, increasing the risk of a crash.', 'Remedy': ""Dealers will inspect the rear axle, adjust the alignment as necessary, and replace any prematurely or unevenly worn tires, free of charge.  Owner notification letters were mailed March 3, 2022.  Owners may contact Audi customer service at 1-800-253-2834.  Audi's number for this recall is 42L5."", 'Notes': 'Owners may also contact the National Highway Traffic Safety Administration Vehicle Safety Hotline at 1-888-327-4236 (TTY 1-800-424-9153), or go to www.nhtsa.gov.', 'ModelYear': '2020', 'Make': 'AUDI', 'Model': 'A4'}, {'Manufacturer': 'Volkswagen Group of America, Inc.', 'NHTSACampaignNumber': '21V295000', 'parkIt': False, 'parkOutSide': False, 'overTheAirUpdate': False, 'ReportReceivedDate': '26/04/2021', 'Component': 'SUSPENSION:REAR:AXLE:NON-POWERED AXLE ASSEMBLY', 'Summary': 'Volkswagen Group of America, Inc. (Audi) is recalling certain 2021 Q7, Q8, Q5 Sportback, SQ5 Sportback, RS6 Avant, RS7, RS Q8, 2020-2021 Audi S6 sedan, Q5, A8, S8, A7, A6 Allroad, A5 Cabriolet, A4 sedan, A4 Allroad, SQ5, S7, A6 sedan, S5 coupe, S4 sedan, S5 Cabriolet, A5 coupe, 2019-2021 RS5 coupe, A5 Sportback, S5 Sportback, RS5 Sportback vehicles.  The lock nut on the trailing arm of the rear axle may break due to stress corrosion.', 'Consequence': 'A broken lock nut may misalign the rear axle, causing a loss of control and increasing the risk of a crash.', 'Remedy': ""Dealers will replace the lock nuts and, if necessary, the associated bolts, free of charge.  Owner notification letters were mailed June 4, 2021.  Owners may contact Audi customer service at 1-800-253-2834.  Audi's number for this recall is 42L1."", 'Notes': 'Owners may also contact the National Highway Traffic Safety Administration Vehicle Safety Hotline at 1-888-327-4236 (TTY 1-800-424-9153), or go to www.safercar.gov.', 'ModelYear': '2020', 'Make': 'AUDI', 'Model': 'A4'}, {'Manufacturer': 'Volkswagen Group of America, Inc.', 'NHTSACampaignNumber': '21V874000', 'parkIt': False, 'parkOutSide': False, 'overTheAirUpdate': False, 'ReportReceivedDate': '10/11/2021', 'Component': 'SEATS', 'Summary': 'Volkswagen Group of America, Inc. (Audi) is recalling certain 2017-2020 A4 Allroad, A4 Sedan, 2018-2019 RS5 Coupe, 2019 RS5 Sportback, 2018-2020 A5 Cabriolet, A5 Coupe, A5 Sportback, S4 Sedan, S5 Cabriolet, S5 Coupe, and Audi S5 Sportback vehicles.  The cable connecting the seat heater to the Passenger Occupant Detection System (PODS) may have a contact fault, causing the software to misdiagnose a malfunction and disable the passenger air bag.', 'Consequence': 'A disabled passenger air bag increases the risk of injury in the event of a crash.', 'Remedy': ""Dealers will replace the connecting cable and either the heating mat or entire seat cover, free of charge.  Owner notification letters were mailed January 7, 2022.  Owners may contact Audi customer service at 1-800-253-2834.  Audi's number for this recall is 74E3.  This recall is an expansion of Recall 19V-547 (74D9).  Vehicles previously repaired under 19V-547 will need to return for the new remedy."", 'Notes': 'Owners may also contact the National Highway Traffic Safety Administration Vehicle Safety Hotline at 1-888-327-4236 (TTY 1-800-424-9153), or go to www.nhtsa.gov.', 'ModelYear': '2020', 'Make': 'AUDI', 'Model': 'A4'}]",,,,,,,,,,,,,,,,,,,,,,,,,,,,,,,,,,,,,,,,,,,,,,,,
nhtsa_api,2026-04-10 10:54:34.902,1.0,raw_recalls,Volkswagen,Golf,2020.0,"[{'Manufacturer': 'Volkswagen Group of America, Inc.', 'NHTSACampaignNumber': '22V815000', 'parkIt': False, 'parkOutSide': False, 'overTheAirUpdate': False, 'ReportReceivedDate': '31/10/2022', 'Component': 'TIRES:PRESSURE MONITORING AND REGULATING SYSTEMS', 'Summary': 'Volkswagen Group of America, Inc. (Volkswagen) is recalling certain 2019 Volkswagen Tiguan LWB, Golf Sportswagen A7, Golf Alltrack, Golf R GP, Audi Q3, Audi A3 Cabriolet, 2019-2020 Jetta NF, Jetta GLI, Golf GTI, Atlas, Golf A7, Audi A3, 2020-2021 Atlas Cross Sport, and 2021 Atlas FL vehicles.  The tire pressure monitoring system may not detect an air pressure loss in adequate time when deflating occurs among all four tires simultaneously.  As such, these vehicles fail to comply with the requirements of Federal Motor Vehicle Safety Standard number 138, ""Tire Pressure Monitoring Systems.""', 'Consequence': 'An undetected sudden loss of pressure in all four tires increases the risk of a crash.', 'Remedy': ""Dealers will update the TPMS software, free of charge.  Owner notification letters were mailed November 18, 2022.  Owners may contact Volkswagen's customer service at 1-800-893-5298 or Audi\x92s customer service at 1-800-253-2834.  Volkswagen's numbers for this recall are (Audi) 45J7, and (VW) 45J6 and 45J8."", 'Notes': 'Owners may also contact the National Highway Traffic Safety Administration Vehicle Safety Hotline at 1-888-327-4236 (TTY 1-800-424-9153), or go to www.safercar.gov.', 'ModelYear': '2020', 'Make': 'VOLKSWAGEN', 'Model': 'GOLF'}, {'Manufacturer': 'Volkswagen Group of America, Inc.', 'NHTSACampaignNumber': '24V110000', 'parkIt': False, 'parkOutSide': False, 'overTheAirUpdate': False, 'NHTSAActionNumber': 'RQ23007', 'ReportReceivedDate': '14/02/2024', 'Component': 'FUEL SYSTEM, GASOLINE', 'Summary': 'Volkswagen Group of America, Inc. (Volkswagen) is recalling certain front-wheel drive 2015-2020 Audi A3 Sedan, 2015-2019 Audi A3 Cabriolet, 2019-2020 Volkswagen Jetta GLI, 2018 Golf Sportwagen GP, 2018-2019 Golf Sportwagen A7, 2015-2017 Golf Sportwagen, 2015-2020 Golf GTI, and 2015-2020 Golf A7 vehicles.  Due to a problem with a suction jet pump seal inside the fuel tank, fuel may flow into the evaporative emissions (EVAP) system and possibly leak out of the charcoal canister.', 'Consequence': 'A fuel leak in the presence of an ignition source increases the risk of a fire.', 'Remedy': ""Dealers will replace the suction pump, free of charge.  Final owner notification letters for Audi owners were mailed on July 25, 2024.  Final owner letters for VW owners were mailed on August 13, 2024.  Owners may contact Volkswagen customer service at 1-800-893-5298 or Audi customer service at 1-800-253-2834.  Volkswagen's numbers for this recall are VW: 20UF/Audi: 20YF.  Vehicles that were previously recalled under 16V-647 will need to have the new remedy completed.  This recall expands and replaces previous recall number 16V-647."", 'Notes': 'Owners may also contact the National Highway Traffic Safety Administration Vehicle Safety Hotline at 1-888-327-4236 (TTY 1-800-424-9153), or go to www.nhtsa.gov.', 'ModelYear': '2020', 'Make': 'VOLKSWAGEN', 'Model': 'GOLF'}]",,,,,,,,,,,,,,,,,,,,,,,,,,,,,,,,,,,,,,,,,,,,,,,,
nhtsa_api,2026-04-10 10:54:34.910,1.0,raw_recalls,Volkswagen,Passat,2020.0,"[{'Manufacturer': 'Volkswagen Group of America, Inc.', 'NHTSACampaignNumber': '19V389000', 'parkIt': False, 'parkOutSide': False, 'overTheAirUpdate': False, 'ReportReceivedDate': '22/05/2019', 'Component': 'EXTERIOR LIGHTING:HEADLIGHTS', 'Summary': 'Volkswagen Group of America, Inc. (Volkswagen) is recalling certain 2012-2020 Volkswagen Passat and 2018-2019 Atlas vehicles.  The blocking cap disabling the adjustment of the headlight\'s horizontal aim may not have been installed.  As such, these vehicles fail to conform to Federal Motor Vehicle Safety Standard (FMVSS) number 108, ""Lamps, Reflective Devices, and Associated Equipment.""', 'Consequence': 'Without the blocking cap, the headlight aim can be adjusted out of specification, reducing visibility and increasing the risk of a crash.', 'Remedy': ""Volkswagen will notify owners, and dealers will inspect and, as necessary, block the headlight horizontal adjustment, free of charge.  The recall began July 16, 2019.  Owners may contact Volkswagen customer service at 1-800-253-2834.  Volkswagen's number for this recall is 94L9."", 'Notes': 'Owners may also contact the National Highway Traffic Safety Administration Vehicle Safety Hotline at 1-888-327-4236 (TTY 1-800-424-9153), or go to www.safercar.gov.', 'ModelYear': '2020', 'Make': 'VOLKSWAGEN', 'Model': 'PASSAT'}, {'Manufacturer': 'Volkswagen Group of America, Inc.', 'NHTSACampaignNumber': '19V218000', 'parkIt': False, 'parkOutSide': False, 'overTheAirUpdate': False, 'ReportReceivedDate': '20/03/2019', 'Component': 'AIR BAGS:SIDE/WINDOW', 'Summary': 'Volkswagen Group of America, Inc. (Volkswagen) is recalling certain 2019 Atlas and 2020 Passat vehicles.  An incorrect driver and/or front passenger side impact air bag may have been installed.', 'Consequence': 'In an event of a side impact crash, an incorrect side airbag may not deploy as intended, increasing the risk of injury.', 'Remedy': ""Volkswagen has inspected and replaced the side air bags, free of charge.  The recall was completed in April 2019.  Owners may contact Volkswagen customer service at 1-800-893-5298.  Volkswagen's number for this recall is 69Y8."", 'Notes': 'Owners may also contact the National Highway Traffic Safety Administration Vehicle Safety Hotline at 1-888-327-4236 (TTY 1-800-424-9153), or go to www.safercar.gov.', 'ModelYear': '2020', 'Make': 'VOLKSWAGEN', 'Model': 'PASSAT'}, {'Manufacturer': 'Volkswagen Group of America, Inc.', 'NHTSACampaignNumber': '20V533000', 'parkIt': False, 'parkOutSide': False, 'overTheAirUpdate': False, 'ReportReceivedDate': '02/09/2020', 'Component': 'AIR BAGS:PASSENGER SIDE FRONTAL:CUSHION', 'Summary': 'Volkswagen Group of America, Inc. (Volkswagen) is recalling certain 2020 Passat vehicles.  The passenger frontal air bag may have been folded incorrectly affecting its deployment force.  As such, these vehicles fail to comply with the requirements of Federal Motor Vehicle Safety Standard number 208, ""Occupant Crash Protection.""', 'Consequence': 'An incorrectly folded air bag can deploy with too much force, increasing the risk of injury.', 'Remedy': ""Volkswagen will notify owners, and dealers will replace the passenger frontal air bag, free of charge.  The recall began October 14, 2020.  Owners may contact Volkswagen customer service at 1-888-241-2289.  Volkswagen's number for this recall is 69AY."", 'Notes': 'Owners may also contact the National Highway Traffic Safety Administration Vehicle Safety Hotline at 1-888-327-4236 (TTY 1-800-424-9153), or go to www.safercar.gov.', 'ModelYear': '2020', 'Make': 'VOLKSWAGEN', 'Model': 'PASSAT'}]",,,,,,,,,,,,,,,,,,,,,,,,,,,,,,,,,,,,,,,,,,,,,,,,
pdf_extraction,2026-04-10 10:54:34.950,1.0,raw_recalls,,,,,automotive_report_twocolumn.pdf,pdf,/Users/elmedin.karisiksystemverification.com/Documents/private/Automotive-Industry-Tracker/data/raw/pdf/automotive_report_twocolumn.pdf,2026-04-10T10:54:34.915814,pdfplumber,"[{'page_number': 1, 'text': 'Automotive Two-Column Report\nAudi A4 Recalls Volkswagen Golf Recalls\nThe Audi A4 2020 had 3 recalls related to airbag, The Volkswagen Golf 2020 had 2 recalls related to\nbrake, and engine issues reported to NHTSA. electrical systems and fuel systems.\nComponent Recall Details (with borders)\nComponent Issue Affected Units\nAirbag Inflator rupture 15,000\nBrakes Brake fluid leak 8,200\nEngine Oil pressure loss 5,100\nComponent Recall Details (without borders)\nComponent Issue Affected Units\nAirbag Inflator rupture 15,000\nBrakes Brake fluid leak 8,200\nEngine Oil pressure loss 5,100', 'tables': [[['Component', 'Issue', 'Affected Units'], ['Airbag', 'Inflator rupture', '15,000'], ['Brakes', 'Brake fluid leak', '8,200'], ['Engine', 'Oil pressure loss', '5,100']]]}]",,,,,,,,,,,,,,,,,,,,,,,,,,,,,,,,,,,,,,,,,,
pdf_extraction,2026-04-10 10:54:34.975,1.0,raw_recalls,,,,,automotive_report_normal.pdf,pdf,/Users/elmedin.karisiksystemverification.com/Documents/private/Automotive-Industry-Tracker/data/raw/pdf/automotive_report_normal.pdf,2026-04-10T10:54:34.953722,pdfplumber,"[{'page_number': 1, 'text': 'Automotive Industry Recall Report 2020\nIntroduction\nThis report provides an overview of vehicle recalls issued in 2020 for major automotive brands including\nAudi, Volkswagen, and Skoda. Data sourced from NHTSA.\nRecall Summary Table (with borders)\nMake Model Year Recalls\nAudi A4 2020 3\nVolkswagen Golf 2020 2\nVolkswagen Passat 2020 3\nRecall Summary Table (without borders)\nMake Model Year Recalls\nAudi A4 2020 3\nVolkswagen Golf 2020 2\nVolkswagen Passat 2020 3', 'tables': [[['Make', 'Model', 'Year', 'Recalls'], ['Audi', 'A4', '2020', '3'], ['Volkswagen', 'Golf', '2020', '2'], ['Volkswagen', 'Passat', '2020', '3']]]}]",,,,,,,,,,,,,,,,,,,,,,,,,,,,,,,,,,,,,,,,,,
word_extraction,2026-04-10 10:54:35.178,1.0,raw_recalls,,,,,automotive_report.docx,word,/Users/elmedin.karisiksystemverification.com/Documents/private/Automotive-Industry-Tracker/data/raw/word/automotive_report.docx,2026-04-10T10:54:34.978442,python-docx,,"[{'style': 'Title', 'text': 'Automotive Industry Recall Report 2020'}, {'style': 'Normal', 'text': 'This report provides an overview of vehicle recalls issued in 2020. Data sourced from NHTSA database covering major VW Group vehicles.'}, {'style': 'Heading 1', 'text': 'Recall Overview'}, {'style': 'Normal', 'text': 'In 2020, several VW Group vehicles were subject to safety recalls. The recalls covered issues ranging from airbag defects to engine problems.'}, {'style': 'Heading 2', 'text': 'Table with Borders'}, {'style': 'Heading 2', 'text': 'Table without Borders'}, {'style': 'Heading 1', 'text': 'Two-Column Section'}, {'style': 'Normal', 'text': 'Left Column: Audi A4 had 3 recalls in 2020 including airbag and brake issues.'}, {'style': 'Normal', 'text': 'Right Column: Volkswagen Golf had 2 recalls related to electrical systems.'}]","[{'table_index': 0, 'data': [['Make', 'Model', 'Year', 'Recalls'], ['Audi', 'A4', '2020', '3'], ['Volkswagen', 'Golf', '2020', '2'], ['Volkswagen', 'Passat', '2020', '3']]}, {'table_index': 1, 'data': [['Make', 'Model', 'Year', 'Recalls'], ['Audi', 'A4', '2020', '3'], ['Volkswagen', 'Golf', '2020', '2'], ['Volkswagen', 'Passat', '2020', '3']]}]",,,,,,,,,,,,,,,,,,,,,,,,,,,,,,,,,,,,,,,,
excel_extraction,2026-04-10 10:54:35.215,1.0,raw_recalls,,,,,automotive_data.xlsx,excel,/Users/elmedin.karisiksystemverification.com/Documents/private/Automotive-Industry-Tracker/data/raw/excel/automotive_data.xlsx,2026-04-10T10:54:35.182091,openpyxl,,,,"[{'sheet_name': 'Recall Summary', 'rows': [['Make', 'Model', 'Year', 'Recall Count', 'Affected Units', 'Total Cost (USD)'], ['Audi', 'A4', '2020', '3', '15000', '2500000'], ['Volkswagen', 'Golf', '2020', '2', '8200', '1200000'], ['Volkswagen', 'Passat', '2020', '3', '5100', '980000'], ['TOTAL', '', '', '=SUM(D2:D4)', '=SUM(E2:E4)', '=SUM(F2:F4)']]}, {'sheet_name': 'Component Details', 'rows': [['Component', 'Issue', 'Make', 'Model', 'Affected Units'], ['Airbag', 'Inflator rupture', 'Audi', 'A4', '15000'], ['Brakes', 'Brake fluid leak', 'Volkswagen', 'Golf', '8200'], ['Engine', 'Oil pressure loss', 'Volkswagen', 'Passat', '5100']]}]",,,,,,,,,,,,,,,,,,,,,,,,,,,,,,,,,,,,,,,
web_scraping,2026-04-10 10:54:35.229,1.0,raw_recalls,,,,,,,local_html/page_1.html,,,,,,,2026-04-10T10:54:35.223860,,,,Audi A4 2020,"Luxury sedan with 2.0L TFSI engine, 190hp. Known for premium interior and advanced driver assistance.","$39,900",/cars/audi-a4-2020,1.0,,,,,,,,,,,,,,,,,,,,,,,,,,,,,,
web_scraping,2026-04-10 10:54:35.233,1.0,raw_recalls,,,,,,,local_html/page_1.html,,,,,,,2026-04-10T10:54:35.224078,,,,Audi A4 2019,Previous generation A4 with quattro all-wheel drive. Excellent safety ratings from NHTSA.,"$36,500",/cars/audi-a4-2019,1.0,,,,,,,,,,,,,,,,,,,,,,,,,,,,,,
web_scraping,2026-04-10 10:54:35.241,1.0,raw_recalls,,,,,,,local_html/page_1.html,,,,,,,2026-04-10T10:54:35.224214,,,,Audi A4 2018,Reliable executive sedan. NHTSA recall issued for airbag inflator replacement.,"$33,200",/cars/audi-a4-2018,1.0,,,,,,,,,,,,,,,,,,,,,,,,,,,,,,
web_scraping,2026-04-10 10:54:35.243,1.0,raw_recalls,,,,,,,local_html/page_2.html,,,,,,,2026-04-10T10:54:35.225193,,,,Volkswagen Golf 2020,Compact hatchback with 1.4L TSI engine. Popular choice in European markets.,"$23,195",/cars/volkswagen-golf-2020,2.0,,,,,,,,,,,,,,,,,,,,,,,,,,,,,,
web_scraping,2026-04-10 10:54:35.246,1.0,raw_recalls,,,,,,,local_html/page_2.html,,,,,,,2026-04-10T10:54:35.225356,,,,Volkswagen Golf 2019,"Award-winning hatchback. NHTSA recall for brake system defect affecting 8,200 units.","$21,500",/cars/volkswagen-golf-2019,2.0,,,,,,,,,,,,,,,,,,,,,,,,,,,,,,
web_scraping,2026-04-10 10:54:35.250,1.0,raw_recalls,,,,,,,local_html/page_2.html,,,,,,,2026-04-10T10:54:35.225482,,,,Volkswagen Golf GTI 2020,Performance variant with 228hp turbocharged engine and sport suspension.,"$29,995",/cars/volkswagen-golf-gti-2020,2.0,,,,,,,,,,,,,,,,,,,,,,,,,,,,,,
web_scraping,2026-04-10 10:54:35.253,1.0,raw_recalls,,,,,,,local_html/page_3.html,,,,,,,2026-04-10T10:54:35.226201,,,,Volkswagen Passat 2020,Midsize sedan with spacious interior. NHTSA recall for fuel pump defect.,"$24,990",/cars/volkswagen-passat-2020,3.0,,,,,,,,,,,,,,,,,,,,,,,,,,,,,,
web_scraping,2026-04-10 10:54:35.256,1.0,raw_recalls,,,,,,,local_html/page_3.html,,,,,,,2026-04-10T10:54:35.226325,,,,Volkswagen Passat 2019,Business-class sedan with advanced connectivity features and comfort.,"$22,800",/cars/volkswagen-passat-2019,3.0,,,,,,,,,,,,,,,,,,,,,,,,,,,,,,
web_scraping,2026-04-10 10:54:35.260,1.0,raw_recalls,,,,,,,local_html/page_3.html,,,,,,,2026-04-10T10:54:35.226445,,,,Skoda Octavia 2020,Czech-made sedan offering exceptional value. Part of VW Group platform.,"$19,990",/cars/skoda-octavia-2020,3.0,,,,,,,,,,,,,,,,,,,,,,,,,,,,,,
dynamic_scraping,2026-04-10 10:54:37.044,1.0,raw_recalls,Audi,A4,2020.0,"[{'Manufacturer': 'Volkswagen Group of America, Inc.', 'NHTSACampaignNumber': '22V034000', 'parkIt': False, 'parkOutSide': False, 'overTheAirUpdate': False, 'ReportReceivedDate': '26/01/2022', 'Component': 'TIRES', 'Summary': 'Volkswagen Group of America, Inc. (Audi) is recalling certain 2019-2021 Audi A5 Sportback, RS5 Coupe, RS5 Sportback, S5 Sportback, 2020-2021 A4 Allroad, A4 Sedan, A5 Cabriolet, A5 Coupe, A6 Allroad, A6 Sedan, A7, A8, Q5, S4 Sedan, S5 Coupe, S5 Cabriolet, S6 Sedan, S7, S8, SQ5, 2021 Q5 Sportback, Q7, Q8, RS6 Avant, RS7, RSQ8, SQ5 Sportback, SQ7, and SQ8 vehicles.  The rear axle alignment may not have been inspected after the repairs for Recall 21V-295 (42L1) were performed.', 'Consequence': 'Rear axle misalignment may cause premature or uneven tire wear, increasing the risk of a crash.', 'Remedy': ""Dealers will inspect the rear axle, adjust the alignment as necessary, and replace any prematurely or unevenly worn tires, free of charge.  Owner notification letters were mailed March 3, 2022.  Owners may contact Audi customer service at 1-800-253-2834.  Audi's number for this recall is 42L5."", 'Notes': 'Owners may also contact the National Highway Traffic Safety Administration Vehicle Safety Hotline at 1-888-327-4236 (TTY 1-800-424-9153), or go to www.nhtsa.gov.', 'ModelYear': '2020', 'Make': 'AUDI', 'Model': 'A4'}, {'Manufacturer': 'Volkswagen Group of America, Inc.', 'NHTSACampaignNumber': '21V295000', 'parkIt': False, 'parkOutSide': False, 'overTheAirUpdate': False, 'ReportReceivedDate': '26/04/2021', 'Component': 'SUSPENSION:REAR:AXLE:NON-POWERED AXLE ASSEMBLY', 'Summary': 'Volkswagen Group of America, Inc. (Audi) is recalling certain 2021 Q7, Q8, Q5 Sportback, SQ5 Sportback, RS6 Avant, RS7, RS Q8, 2020-2021 Audi S6 sedan, Q5, A8, S8, A7, A6 Allroad, A5 Cabriolet, A4 sedan, A4 Allroad, SQ5, S7, A6 sedan, S5 coupe, S4 sedan, S5 Cabriolet, A5 coupe, 2019-2021 RS5 coupe, A5 Sportback, S5 Sportback, RS5 Sportback vehicles.  The lock nut on the trailing arm of the rear axle may break due to stress corrosion.', 'Consequence': 'A broken lock nut may misalign the rear axle, causing a loss of control and increasing the risk of a crash.', 'Remedy': ""Dealers will replace the lock nuts and, if necessary, the associated bolts, free of charge.  Owner notification letters were mailed June 4, 2021.  Owners may contact Audi customer service at 1-800-253-2834.  Audi's number for this recall is 42L1."", 'Notes': 'Owners may also contact the National Highway Traffic Safety Administration Vehicle Safety Hotline at 1-888-327-4236 (TTY 1-800-424-9153), or go to www.safercar.gov.', 'ModelYear': '2020', 'Make': 'AUDI', 'Model': 'A4'}, {'Manufacturer': 'Volkswagen Group of America, Inc.', 'NHTSACampaignNumber': '21V874000', 'parkIt': False, 'parkOutSide': False, 'overTheAirUpdate': False, 'ReportReceivedDate': '10/11/2021', 'Component': 'SEATS', 'Summary': 'Volkswagen Group of America, Inc. (Audi) is recalling certain 2017-2020 A4 Allroad, A4 Sedan, 2018-2019 RS5 Coupe, 2019 RS5 Sportback, 2018-2020 A5 Cabriolet, A5 Coupe, A5 Sportback, S4 Sedan, S5 Cabriolet, S5 Coupe, and Audi S5 Sportback vehicles.  The cable connecting the seat heater to the Passenger Occupant Detection System (PODS) may have a contact fault, causing the software to misdiagnose a malfunction and disable the passenger air bag.', 'Consequence': 'A disabled passenger air bag increases the risk of injury in the event of a crash.', 'Remedy': ""Dealers will replace the connecting cable and either the heating mat or entire seat cover, free of charge.  Owner notification letters were mailed January 7, 2022.  Owners may contact Audi customer service at 1-800-253-2834.  Audi's number for this recall is 74E3.  This recall is an expansion of Recall 19V-547 (74D9).  Vehicles previously repaired under 19V-547 will need to return for the new remedy."", 'Notes': 'Owners may also contact the National Highway Traffic Safety Administration Vehicle Safety Hotline at 1-888-327-4236 (TTY 1-800-424-9153), or go to www.nhtsa.gov.', 'ModelYear': '2020', 'Make': 'AUDI', 'Model': 'A4'}]",,,https://api.nhtsa.gov/recalls/recallsByVehicle?make=Audi&model=A4&modelYear=2020,,,,,,,2026-04-10T10:54:37.035022,json_api,,,,,,,,,,,,,,,,,,,,,,,,,,,,,,,,,,,,,
dynamic_scraping,2026-04-10 10:54:38.784,1.0,raw_recalls,Volkswagen,Golf,2020.0,"[{'Manufacturer': 'Volkswagen Group of America, Inc.', 'NHTSACampaignNumber': '22V815000', 'parkIt': False, 'parkOutSide': False, 'overTheAirUpdate': False, 'ReportReceivedDate': '31/10/2022', 'Component': 'TIRES:PRESSURE MONITORING AND REGULATING SYSTEMS', 'Summary': 'Volkswagen Group of America, Inc. (Volkswagen) is recalling certain 2019 Volkswagen Tiguan LWB, Golf Sportswagen A7, Golf Alltrack, Golf R GP, Audi Q3, Audi A3 Cabriolet, 2019-2020 Jetta NF, Jetta GLI, Golf GTI, Atlas, Golf A7, Audi A3, 2020-2021 Atlas Cross Sport, and 2021 Atlas FL vehicles.  The tire pressure monitoring system may not detect an air pressure loss in adequate time when deflating occurs among all four tires simultaneously.  As such, these vehicles fail to comply with the requirements of Federal Motor Vehicle Safety Standard number 138, ""Tire Pressure Monitoring Systems.""', 'Consequence': 'An undetected sudden loss of pressure in all four tires increases the risk of a crash.', 'Remedy': ""Dealers will update the TPMS software, free of charge.  Owner notification letters were mailed November 18, 2022.  Owners may contact Volkswagen's customer service at 1-800-893-5298 or Audi\x92s customer service at 1-800-253-2834.  Volkswagen's numbers for this recall are (Audi) 45J7, and (VW) 45J6 and 45J8."", 'Notes': 'Owners may also contact the National Highway Traffic Safety Administration Vehicle Safety Hotline at 1-888-327-4236 (TTY 1-800-424-9153), or go to www.safercar.gov.', 'ModelYear': '2020', 'Make': 'VOLKSWAGEN', 'Model': 'GOLF'}, {'Manufacturer': 'Volkswagen Group of America, Inc.', 'NHTSACampaignNumber': '24V110000', 'parkIt': False, 'parkOutSide': False, 'overTheAirUpdate': False, 'NHTSAActionNumber': 'RQ23007', 'ReportReceivedDate': '14/02/2024', 'Component': 'FUEL SYSTEM, GASOLINE', 'Summary': 'Volkswagen Group of America, Inc. (Volkswagen) is recalling certain front-wheel drive 2015-2020 Audi A3 Sedan, 2015-2019 Audi A3 Cabriolet, 2019-2020 Volkswagen Jetta GLI, 2018 Golf Sportwagen GP, 2018-2019 Golf Sportwagen A7, 2015-2017 Golf Sportwagen, 2015-2020 Golf GTI, and 2015-2020 Golf A7 vehicles.  Due to a problem with a suction jet pump seal inside the fuel tank, fuel may flow into the evaporative emissions (EVAP) system and possibly leak out of the charcoal canister.', 'Consequence': 'A fuel leak in the presence of an ignition source increases the risk of a fire.', 'Remedy': ""Dealers will replace the suction pump, free of charge.  Final owner notification letters for Audi owners were mailed on July 25, 2024.  Final owner letters for VW owners were mailed on August 13, 2024.  Owners may contact Volkswagen customer service at 1-800-893-5298 or Audi customer service at 1-800-253-2834.  Volkswagen's numbers for this recall are VW: 20UF/Audi: 20YF.  Vehicles that were previously recalled under 16V-647 will need to have the new remedy completed.  This recall expands and replaces previous recall number 16V-647."", 'Notes': 'Owners may also contact the National Highway Traffic Safety Administration Vehicle Safety Hotline at 1-888-327-4236 (TTY 1-800-424-9153), or go to www.nhtsa.gov.', 'ModelYear': '2020', 'Make': 'VOLKSWAGEN', 'Model': 'GOLF'}]",,,https://api.nhtsa.gov/recalls/recallsByVehicle?make=Volkswagen&model=Golf&modelYear=2020,,,,,,,2026-04-10T10:54:38.780634,json_api,,,,,,,,,,,,,,,,,,,,,,,,,,,,,,,,,,,,,
dynamic_scraping,2026-04-10 10:54:40.458,1.0,raw_recalls,Volkswagen,Passat,2020.0,"[{'Manufacturer': 'Volkswagen Group of America, Inc.', 'NHTSACampaignNumber': '19V389000', 'parkIt': False, 'parkOutSide': False, 'overTheAirUpdate': False, 'ReportReceivedDate': '22/05/2019', 'Component': 'EXTERIOR LIGHTING:HEADLIGHTS', 'Summary': 'Volkswagen Group of America, Inc. (Volkswagen) is recalling certain 2012-2020 Volkswagen Passat and 2018-2019 Atlas vehicles.  The blocking cap disabling the adjustment of the headlight\'s horizontal aim may not have been installed.  As such, these vehicles fail to conform to Federal Motor Vehicle Safety Standard (FMVSS) number 108, ""Lamps, Reflective Devices, and Associated Equipment.""', 'Consequence': 'Without the blocking cap, the headlight aim can be adjusted out of specification, reducing visibility and increasing the risk of a crash.', 'Remedy': ""Volkswagen will notify owners, and dealers will inspect and, as necessary, block the headlight horizontal adjustment, free of charge.  The recall began July 16, 2019.  Owners may contact Volkswagen customer service at 1-800-253-2834.  Volkswagen's number for this recall is 94L9."", 'Notes': 'Owners may also contact the National Highway Traffic Safety Administration Vehicle Safety Hotline at 1-888-327-4236 (TTY 1-800-424-9153), or go to www.safercar.gov.', 'ModelYear': '2020', 'Make': 'VOLKSWAGEN', 'Model': 'PASSAT'}, {'Manufacturer': 'Volkswagen Group of America, Inc.', 'NHTSACampaignNumber': '19V218000', 'parkIt': False, 'parkOutSide': False, 'overTheAirUpdate': False, 'ReportReceivedDate': '20/03/2019', 'Component': 'AIR BAGS:SIDE/WINDOW', 'Summary': 'Volkswagen Group of America, Inc. (Volkswagen) is recalling certain 2019 Atlas and 2020 Passat vehicles.  An incorrect driver and/or front passenger side impact air bag may have been installed.', 'Consequence': 'In an event of a side impact crash, an incorrect side airbag may not deploy as intended, increasing the risk of injury.', 'Remedy': ""Volkswagen has inspected and replaced the side air bags, free of charge.  The recall was completed in April 2019.  Owners may contact Volkswagen customer service at 1-800-893-5298.  Volkswagen's number for this recall is 69Y8."", 'Notes': 'Owners may also contact the National Highway Traffic Safety Administration Vehicle Safety Hotline at 1-888-327-4236 (TTY 1-800-424-9153), or go to www.safercar.gov.', 'ModelYear': '2020', 'Make': 'VOLKSWAGEN', 'Model': 'PASSAT'}, {'Manufacturer': 'Volkswagen Group of America, Inc.', 'NHTSACampaignNumber': '20V533000', 'parkIt': False, 'parkOutSide': False, 'overTheAirUpdate': False, 'ReportReceivedDate': '02/09/2020', 'Component': 'AIR BAGS:PASSENGER SIDE FRONTAL:CUSHION', 'Summary': 'Volkswagen Group of America, Inc. (Volkswagen) is recalling certain 2020 Passat vehicles.  The passenger frontal air bag may have been folded incorrectly affecting its deployment force.  As such, these vehicles fail to comply with the requirements of Federal Motor Vehicle Safety Standard number 208, ""Occupant Crash Protection.""', 'Consequence': 'An incorrectly folded air bag can deploy with too much force, increasing the risk of injury.', 'Remedy': ""Volkswagen will notify owners, and dealers will replace the passenger frontal air bag, free of charge.  The recall began October 14, 2020.  Owners may contact Volkswagen customer service at 1-888-241-2289.  Volkswagen's number for this recall is 69AY."", 'Notes': 'Owners may also contact the National Highway Traffic Safety Administration Vehicle Safety Hotline at 1-888-327-4236 (TTY 1-800-424-9153), or go to www.safercar.gov.', 'ModelYear': '2020', 'Make': 'VOLKSWAGEN', 'Model': 'PASSAT'}]",,,https://api.nhtsa.gov/recalls/recallsByVehicle?make=Volkswagen&model=Passat&modelYear=2020,,,,,,,2026-04-10T10:54:40.456595,json_api,,,,,,,,,,,,,,,,,,,,,,,,,,,,,,,,,,,,,
selenium_scraping,2026-04-10 10:54:46.309,1.0,raw_recalls,,,,,,,https://www.wikipedia.org/wiki/Audi,,,,,,,2026-04-10T10:54:46.220526,selenium,,,Audi - Wikipedia,,,,,"Audi AG[a] is a German automotive manufacturer of luxury vehicles headquartered in Ingolstadt, Bavaria, Germany. A wholly owned subsidiary of the Volkswagen Group, Audi produces vehicles in nine production facilities worldwide. The origins of the company are complex, dating back to the early 20th century and the initial enterprises (Horch and the Audiwerke) founded by engineer August Horch. Two other manufacturers (DKW and Wanderer) also contributed to the foundation of Auto Union in 1932. The modern Audi era began in the 1960s, when Auto Union was acquired by Volkswagen from Daimler-Benz.[7] Volkswagen relaunched the Audi brand with the 1965 introduction of the Audi F103 series, and merged Auto Union with NSU Motorenwerke in 1969, thus creating the present-day form of the company.",,,,,,,,,,,,,,,,,,,,,,,,,,,,,
ocr_image,2026-04-10 10:54:48.132,1.0,raw_recalls,,,,,test_scan.png,image_ocr,/Users/elmedin.karisiksystemverification.com/Documents/private/Automotive-Industry-Tracker/data/raw/images/test_scan.png,2026-04-10T10:54:48.128059,pytesseract,,,,,,,"The 2022 Audi RS6 Avant is a high-performance wagon that combines supercar power with everyday practicality. Under the hood, it boasts a 4.0-liter twin-turbocharged V8 engine
producing 591 horsepower and 590 Ib-ft of torque, enabling a 0-60 mph time of just 3.5 seconds. Equipped with Audi's Quattro all-wheel-drive system, adaptive air suspension, and dynamic
Steering, the RS6 delivers exceptional handling and comfort. Its aggressive design features wide fenders, a black honeycomb grille, and large oval exhaust tips, giving it a commanding
Toad presence, With a luxurious, tech-filled interior and ample cargo space, the RSG Avant is the ultimate blend of performance, luxury, and practicality.

Engine: 4.01 V8 Top speed: 190mph
Power: 591bhp 0-60: 31sec
Torque: 799nm Year: 2022
Weight: 2,282kg Country: German
","Cnnr RS6

The 2022 Audi RSG Avant is a high-performance wagon that combines supercar power with everyday practicality. Under the hood, it boasts a 4.0-liter twin-turbocharged V8 engine
producing 591 horsepower and 590 Ib-ft of torque, enabling a 0-60 mph time of just 3.5 seconds. Equipped with Audi's Quattro all-wheel-drive system, adaptive air suspension, and dynamic
steering, the RSG delivers exceptional handling and comfort. Its aggressive design features wide fenders, a black honeycomb grille, and large oval exhaust tips, giving it a commanding
road presence, With a luxurious, tech-filled interior and ample cargo space, the RS6 Avant is the ultimate blend of performance, luxury, and practicality.

Engine: 4.01 V8 Top speed: 190mph
Power: 591bhp 0-60: 31sec
Torque: 799nm Year: 2022
Weight: 2,282kg Country: German

",,,,,,,,,,,,,,,,,,,,,,,,,,,,,,,,,,,
ocr_scanned_pdf,2026-04-10 10:54:49.640,1.0,raw_recalls,,,,,scanned_report.pdf,scanned_pdf_ocr,/Users/elmedin.karisiksystemverification.com/Documents/private/Automotive-Industry-Tracker/data/raw/scanned/scanned_report.pdf,2026-04-10T10:54:49.639755,pytesseract+pdf2image,"[{'page_number': 1, 'text': 'Automotive Industry Recall Report 2020\n\nIntroduction\n\nThis report provides an overview of vehicle recalls issued in 2020 for major automotive brands including\nAudi, Volkswagen, and Skoda. Data sourced from NHTSA.\n\nRecall Summary Table (with borders)\n\nMake Model | Year | Recalls\n\nRecall Summary Table (without borders)\nMake Model Year Recalls\nAudi A4 2020 3\nVolkswagen Golf 2020 2\nVolkswagen Passat 2020 3\n\n'}]",,,,,,,,,,,,,,,,,,,,,,,,,,,,,,,,,,,,,,,,,,
image_processing,2026-04-10 10:54:53.562,1.0,raw_recalls,,,,,audi_a4.jpg,,vehicle_image,,,,,,,,automotive,,,,,,,,,/Users/elmedin.karisiksystemverification.com/Documents/private/Automotive-Industry-Tracker/data/raw/images/audi_a4.jpg,/Users/elmedin.karisiksystemverification.com/Documents/private/Automotive-Industry-Tracker/data/processed/resized/audi_a4_resized.jpg,/Users/elmedin.karisiksystemverification.com/Documents/private/Automotive-Industry-Tracker/data/processed/thumbnails/audi_a4_thumb.jpg,/Users/elmedin.karisiksystemverification.com/Documents/private/Automotive-Industry-Tracker/data/processed/webp/audi_a4.webp,JPEG,RGB,960.0,500.0,157.31,audi_a4.jpg,Unknown,Unknown,Unknown,Unknown,Unknown,Unknown,Unknown,Unknown,No GPS data,2026-04-10T10:54:53.558966,2026-04-10T10:54:53.559017,,,,,,,,
image_processing,2026-04-10 10:54:53.693,1.0,raw_recalls,,,,,volkswagen_golf.jpg,,vehicle_image,,,,,,,,automotive,,,,,,,,,/Users/elmedin.karisiksystemverification.com/Documents/private/Automotive-Industry-Tracker/data/raw/images/volkswagen_golf.jpg,/Users/elmedin.karisiksystemverification.com/Documents/private/Automotive-Industry-Tracker/data/processed/resized/volkswagen_golf_resized.jpg,/Users/elmedin.karisiksystemverification.com/Documents/private/Automotive-Industry-Tracker/data/processed/thumbnails/volkswagen_golf_thumb.jpg,/Users/elmedin.karisiksystemverification.com/Documents/private/Automotive-Industry-Tracker/data/processed/webp/volkswagen_golf.webp,JPEG,RGB,960.0,490.0,121.7,volkswagen_golf.jpg,Unknown,Unknown,Unknown,Unknown,Unknown,Unknown,Unknown,Unknown,No GPS data,2026-04-10T10:54:53.692657,2026-04-10T10:54:53.692700,,,,,,,,
image_processing,2026-04-10 10:54:53.874,1.0,raw_recalls,,,,,volkswagen_id4.jpg,,vehicle_image,,,,,,,,automotive,,,,,,,,,/Users/elmedin.karisiksystemverification.com/Documents/private/Automotive-Industry-Tracker/data/raw/images/volkswagen_id4.jpg,/Users/elmedin.karisiksystemverification.com/Documents/private/Automotive-Industry-Tracker/data/processed/resized/volkswagen_id4_resized.jpg,/Users/elmedin.karisiksystemverification.com/Documents/private/Automotive-Industry-Tracker/data/processed/thumbnails/volkswagen_id4_thumb.jpg,/Users/elmedin.karisiksystemverification.com/Documents/private/Automotive-Industry-Tracker/data/processed/webp/volkswagen_id4.webp,JPEG,RGB,960.0,533.0,131.99,volkswagen_id4.jpg,Unknown,Unknown,Unknown,Unknown,Unknown,Unknown,Unknown,Unknown,No GPS data,2026-04-10T10:54:53.873529,2026-04-10T10:54:53.873573,,,,,,,,
image_processing,2026-04-10 10:54:55.315,1.0,raw_recalls,,,,,test_scan.png,,vehicle_image,,,,,,,,automotive,,,,,,,,,/Users/elmedin.karisiksystemverification.com/Documents/private/Automotive-Industry-Tracker/data/raw/images/test_scan.png,/Users/elmedin.karisiksystemverification.com/Documents/private/Automotive-Industry-Tracker/data/processed/resized/test_scan_resized.png,/Users/elmedin.karisiksystemverification.com/Documents/private/Automotive-Industry-Tracker/data/processed/thumbnails/test_scan_thumb.png,/Users/elmedin.karisiksystemverification.com/Documents/private/Automotive-Industry-Tracker/data/processed/webp/test_scan.webp,WEBP,RGBA,1946.0,1946.0,117.6,test_scan.png,Unknown,Unknown,Unknown,Unknown,Unknown,Unknown,Unknown,1,No GPS data,2026-04-10T10:54:55.314850,2026-04-10T10:54:55.314894,,,,,,,,
image_processing,2026-04-10 10:54:55.456,1.0,raw_recalls,,,,,volkswagen_passat.jpg,,vehicle_image,,,,,,,,automotive,,,,,,,,,/Users/elmedin.karisiksystemverification.com/Documents/private/Automotive-Industry-Tracker/data/raw/images/volkswagen_passat.jpg,/Users/elmedin.karisiksystemverification.com/Documents/private/Automotive-Industry-Tracker/data/processed/resized/volkswagen_passat_resized.jpg,/Users/elmedin.karisiksystemverification.com/Documents/private/Automotive-Industry-Tracker/data/processed/thumbnails/volkswagen_passat_thumb.jpg,/Users/elmedin.karisiksystemverification.com/Documents/private/Automotive-Industry-Tracker/data/processed/webp/volkswagen_passat.webp,JPEG,RGB,960.0,484.0,146.75,volkswagen_passat.jpg,Unknown,Unknown,Unknown,Unknown,Unknown,Unknown,Unknown,Unknown,No GPS data,2026-04-10T10:54:55.456183,2026-04-10T10:54:55.456232,,,,,,,,
word_extraction,2026-04-10 11:10:45.243,1.0,raw_recalls,,,,,automotive_report.docx,word,/Users/elmedin.karisiksystemverification.com/Documents/private/Automotive-Industry-Tracker/data/raw/word/automotive_report.docx,2026-04-10T11:10:45.032475,python-docx,,"[{'style': 'Title', 'text': 'Automotive Industry Recall Report 2020'}, {'style': 'Normal', 'text': 'This report provides an overview of vehicle recalls issued in 2020. Data sourced from NHTSA database covering major VW Group vehicles.'}, {'style': 'Heading 1', 'text': 'Recall Overview'}, {'style': 'Normal', 'text': 'In 2020, several VW Group vehicles were subject to safety recalls. The recalls covered issues ranging from airbag defects to engine problems.'}, {'style': 'Heading 2', 'text': 'Table with Borders'}, {'style': 'Heading 2', 'text': 'Table without Borders'}, {'style': 'Heading 1', 'text': 'Two-Column Section'}, {'style': 'Normal', 'text': 'Left Column: Audi A4 had 3 recalls in 2020 including airbag and brake issues.'}, {'style': 'Normal', 'text': 'Right Column: Volkswagen Golf had 2 recalls related to electrical systems.'}]","[{'table_index': 0, 'data': [['Make', 'Model', 'Year', 'Recalls'], ['Audi', 'A4', '2020', '3'], ['Volkswagen', 'Golf', '2020', '2'], ['Volkswagen', 'Passat', '2020', '3']]}, {'table_index': 1, 'data': [['Make', 'Model', 'Year', 'Recalls'], ['Audi', 'A4', '2020', '3'], ['Volkswagen', 'Golf', '2020', '2'], ['Volkswagen', 'Passat', '2020', '3']]}]",,,,,,,,,,,,,,,,,,,,,,,,,,,,,,,,,,,,,,,,
excel_extraction,2026-04-10 11:10:45.394,1.0,raw_recalls,,,,,automotive_data.xlsx,excel,/Users/elmedin.karisiksystemverification.com/Documents/private/Automotive-Industry-Tracker/data/raw/excel/automotive_data.xlsx,2026-04-10T11:10:45.355244,openpyxl,,,,"[{'sheet_name': 'Recall Summary', 'rows': [['Make', 'Model', 'Year', 'Recall Count', 'Affected Units', 'Total Cost (USD)'], ['Audi', 'A4', '2020', '3', '15000', '2500000'], ['Volkswagen', 'Golf', '2020', '2', '8200', '1200000'], ['Volkswagen', 'Passat', '2020', '3', '5100', '980000'], ['TOTAL', '', '', '=SUM(D2:D4)', '=SUM(E2:E4)', '=SUM(F2:F4)']]}, {'sheet_name': 'Component Details', 'rows': [['Component', 'Issue', 'Make', 'Model', 'Affected Units'], ['Airbag', 'Inflator rupture', 'Audi', 'A4', '15000'], ['Brakes', 'Brake fluid leak', 'Volkswagen', 'Golf', '8200'], ['Engine', 'Oil pressure loss', 'Volkswagen', 'Passat', '5100']]}]",,,,,,,,,,,,,,,,,,,,,,,,,,,,,,,,,,,,,,,
nhtsa_api,2026-04-10 11:10:48.460,1.0,raw_recalls,Audi,A4,2020.0,"[{'Manufacturer': 'Volkswagen Group of America, Inc.', 'NHTSACampaignNumber': '22V034000', 'parkIt': False, 'parkOutSide': False, 'overTheAirUpdate': False, 'ReportReceivedDate': '26/01/2022', 'Component': 'TIRES', 'Summary': 'Volkswagen Group of America, Inc. (Audi) is recalling certain 2019-2021 Audi A5 Sportback, RS5 Coupe, RS5 Sportback, S5 Sportback, 2020-2021 A4 Allroad, A4 Sedan, A5 Cabriolet, A5 Coupe, A6 Allroad, A6 Sedan, A7, A8, Q5, S4 Sedan, S5 Coupe, S5 Cabriolet, S6 Sedan, S7, S8, SQ5, 2021 Q5 Sportback, Q7, Q8, RS6 Avant, RS7, RSQ8, SQ5 Sportback, SQ7, and SQ8 vehicles.  The rear axle alignment may not have been inspected after the repairs for Recall 21V-295 (42L1) were performed.', 'Consequence': 'Rear axle misalignment may cause premature or uneven tire wear, increasing the risk of a crash.', 'Remedy': ""Dealers will inspect the rear axle, adjust the alignment as necessary, and replace any prematurely or unevenly worn tires, free of charge.  Owner notification letters were mailed March 3, 2022.  Owners may contact Audi customer service at 1-800-253-2834.  Audi's number for this recall is 42L5."", 'Notes': 'Owners may also contact the National Highway Traffic Safety Administration Vehicle Safety Hotline at 1-888-327-4236 (TTY 1-800-424-9153), or go to www.nhtsa.gov.', 'ModelYear': '2020', 'Make': 'AUDI', 'Model': 'A4'}, {'Manufacturer': 'Volkswagen Group of America, Inc.', 'NHTSACampaignNumber': '21V295000', 'parkIt': False, 'parkOutSide': False, 'overTheAirUpdate': False, 'ReportReceivedDate': '26/04/2021', 'Component': 'SUSPENSION:REAR:AXLE:NON-POWERED AXLE ASSEMBLY', 'Summary': 'Volkswagen Group of America, Inc. (Audi) is recalling certain 2021 Q7, Q8, Q5 Sportback, SQ5 Sportback, RS6 Avant, RS7, RS Q8, 2020-2021 Audi S6 sedan, Q5, A8, S8, A7, A6 Allroad, A5 Cabriolet, A4 sedan, A4 Allroad, SQ5, S7, A6 sedan, S5 coupe, S4 sedan, S5 Cabriolet, A5 coupe, 2019-2021 RS5 coupe, A5 Sportback, S5 Sportback, RS5 Sportback vehicles.  The lock nut on the trailing arm of the rear axle may break due to stress corrosion.', 'Consequence': 'A broken lock nut may misalign the rear axle, causing a loss of control and increasing the risk of a crash.', 'Remedy': ""Dealers will replace the lock nuts and, if necessary, the associated bolts, free of charge.  Owner notification letters were mailed June 4, 2021.  Owners may contact Audi customer service at 1-800-253-2834.  Audi's number for this recall is 42L1."", 'Notes': 'Owners may also contact the National Highway Traffic Safety Administration Vehicle Safety Hotline at 1-888-327-4236 (TTY 1-800-424-9153), or go to www.safercar.gov.', 'ModelYear': '2020', 'Make': 'AUDI', 'Model': 'A4'}, {'Manufacturer': 'Volkswagen Group of America, Inc.', 'NHTSACampaignNumber': '21V874000', 'parkIt': False, 'parkOutSide': False, 'overTheAirUpdate': False, 'ReportReceivedDate': '10/11/2021', 'Component': 'SEATS', 'Summary': 'Volkswagen Group of America, Inc. (Audi) is recalling certain 2017-2020 A4 Allroad, A4 Sedan, 2018-2019 RS5 Coupe, 2019 RS5 Sportback, 2018-2020 A5 Cabriolet, A5 Coupe, A5 Sportback, S4 Sedan, S5 Cabriolet, S5 Coupe, and Audi S5 Sportback vehicles.  The cable connecting the seat heater to the Passenger Occupant Detection System (PODS) may have a contact fault, causing the software to misdiagnose a malfunction and disable the passenger air bag.', 'Consequence': 'A disabled passenger air bag increases the risk of injury in the event of a crash.', 'Remedy': ""Dealers will replace the connecting cable and either the heating mat or entire seat cover, free of charge.  Owner notification letters were mailed January 7, 2022.  Owners may contact Audi customer service at 1-800-253-2834.  Audi's number for this recall is 74E3.  This recall is an expansion of Recall 19V-547 (74D9).  Vehicles previously repaired under 19V-547 will need to return for the new remedy."", 'Notes': 'Owners may also contact the National Highway Traffic Safety Administration Vehicle Safety Hotline at 1-888-327-4236 (TTY 1-800-424-9153), or go to www.nhtsa.gov.', 'ModelYear': '2020', 'Make': 'AUDI', 'Model': 'A4'}]",,,,,,,,,,,,,,,,,,,,,,,,,,,,,,,,,,,,,,,,,,,,,,,,
nhtsa_api,2026-04-10 11:10:48.472,1.0,raw_recalls,Volkswagen,Golf,2020.0,"[{'Manufacturer': 'Volkswagen Group of America, Inc.', 'NHTSACampaignNumber': '22V815000', 'parkIt': False, 'parkOutSide': False, 'overTheAirUpdate': False, 'ReportReceivedDate': '31/10/2022', 'Component': 'TIRES:PRESSURE MONITORING AND REGULATING SYSTEMS', 'Summary': 'Volkswagen Group of America, Inc. (Volkswagen) is recalling certain 2019 Volkswagen Tiguan LWB, Golf Sportswagen A7, Golf Alltrack, Golf R GP, Audi Q3, Audi A3 Cabriolet, 2019-2020 Jetta NF, Jetta GLI, Golf GTI, Atlas, Golf A7, Audi A3, 2020-2021 Atlas Cross Sport, and 2021 Atlas FL vehicles.  The tire pressure monitoring system may not detect an air pressure loss in adequate time when deflating occurs among all four tires simultaneously.  As such, these vehicles fail to comply with the requirements of Federal Motor Vehicle Safety Standard number 138, ""Tire Pressure Monitoring Systems.""', 'Consequence': 'An undetected sudden loss of pressure in all four tires increases the risk of a crash.', 'Remedy': ""Dealers will update the TPMS software, free of charge.  Owner notification letters were mailed November 18, 2022.  Owners may contact Volkswagen's customer service at 1-800-893-5298 or Audi\x92s customer service at 1-800-253-2834.  Volkswagen's numbers for this recall are (Audi) 45J7, and (VW) 45J6 and 45J8."", 'Notes': 'Owners may also contact the National Highway Traffic Safety Administration Vehicle Safety Hotline at 1-888-327-4236 (TTY 1-800-424-9153), or go to www.safercar.gov.', 'ModelYear': '2020', 'Make': 'VOLKSWAGEN', 'Model': 'GOLF'}, {'Manufacturer': 'Volkswagen Group of America, Inc.', 'NHTSACampaignNumber': '24V110000', 'parkIt': False, 'parkOutSide': False, 'overTheAirUpdate': False, 'NHTSAActionNumber': 'RQ23007', 'ReportReceivedDate': '14/02/2024', 'Component': 'FUEL SYSTEM, GASOLINE', 'Summary': 'Volkswagen Group of America, Inc. (Volkswagen) is recalling certain front-wheel drive 2015-2020 Audi A3 Sedan, 2015-2019 Audi A3 Cabriolet, 2019-2020 Volkswagen Jetta GLI, 2018 Golf Sportwagen GP, 2018-2019 Golf Sportwagen A7, 2015-2017 Golf Sportwagen, 2015-2020 Golf GTI, and 2015-2020 Golf A7 vehicles.  Due to a problem with a suction jet pump seal inside the fuel tank, fuel may flow into the evaporative emissions (EVAP) system and possibly leak out of the charcoal canister.', 'Consequence': 'A fuel leak in the presence of an ignition source increases the risk of a fire.', 'Remedy': ""Dealers will replace the suction pump, free of charge.  Final owner notification letters for Audi owners were mailed on July 25, 2024.  Final owner letters for VW owners were mailed on August 13, 2024.  Owners may contact Volkswagen customer service at 1-800-893-5298 or Audi customer service at 1-800-253-2834.  Volkswagen's numbers for this recall are VW: 20UF/Audi: 20YF.  Vehicles that were previously recalled under 16V-647 will need to have the new remedy completed.  This recall expands and replaces previous recall number 16V-647."", 'Notes': 'Owners may also contact the National Highway Traffic Safety Administration Vehicle Safety Hotline at 1-888-327-4236 (TTY 1-800-424-9153), or go to www.nhtsa.gov.', 'ModelYear': '2020', 'Make': 'VOLKSWAGEN', 'Model': 'GOLF'}]",,,,,,,,,,,,,,,,,,,,,,,,,,,,,,,,,,,,,,,,,,,,,,,,
nhtsa_api,2026-04-10 11:10:48.483,1.0,raw_recalls,Volkswagen,Passat,2020.0,"[{'Manufacturer': 'Volkswagen Group of America, Inc.', 'NHTSACampaignNumber': '19V389000', 'parkIt': False, 'parkOutSide': False, 'overTheAirUpdate': False, 'ReportReceivedDate': '22/05/2019', 'Component': 'EXTERIOR LIGHTING:HEADLIGHTS', 'Summary': 'Volkswagen Group of America, Inc. (Volkswagen) is recalling certain 2012-2020 Volkswagen Passat and 2018-2019 Atlas vehicles.  The blocking cap disabling the adjustment of the headlight\'s horizontal aim may not have been installed.  As such, these vehicles fail to conform to Federal Motor Vehicle Safety Standard (FMVSS) number 108, ""Lamps, Reflective Devices, and Associated Equipment.""', 'Consequence': 'Without the blocking cap, the headlight aim can be adjusted out of specification, reducing visibility and increasing the risk of a crash.', 'Remedy': ""Volkswagen will notify owners, and dealers will inspect and, as necessary, block the headlight horizontal adjustment, free of charge.  The recall began July 16, 2019.  Owners may contact Volkswagen customer service at 1-800-253-2834.  Volkswagen's number for this recall is 94L9."", 'Notes': 'Owners may also contact the National Highway Traffic Safety Administration Vehicle Safety Hotline at 1-888-327-4236 (TTY 1-800-424-9153), or go to www.safercar.gov.', 'ModelYear': '2020', 'Make': 'VOLKSWAGEN', 'Model': 'PASSAT'}, {'Manufacturer': 'Volkswagen Group of America, Inc.', 'NHTSACampaignNumber': '19V218000', 'parkIt': False, 'parkOutSide': False, 'overTheAirUpdate': False, 'ReportReceivedDate': '20/03/2019', 'Component': 'AIR BAGS:SIDE/WINDOW', 'Summary': 'Volkswagen Group of America, Inc. (Volkswagen) is recalling certain 2019 Atlas and 2020 Passat vehicles.  An incorrect driver and/or front passenger side impact air bag may have been installed.', 'Consequence': 'In an event of a side impact crash, an incorrect side airbag may not deploy as intended, increasing the risk of injury.', 'Remedy': ""Volkswagen has inspected and replaced the side air bags, free of charge.  The recall was completed in April 2019.  Owners may contact Volkswagen customer service at 1-800-893-5298.  Volkswagen's number for this recall is 69Y8."", 'Notes': 'Owners may also contact the National Highway Traffic Safety Administration Vehicle Safety Hotline at 1-888-327-4236 (TTY 1-800-424-9153), or go to www.safercar.gov.', 'ModelYear': '2020', 'Make': 'VOLKSWAGEN', 'Model': 'PASSAT'}, {'Manufacturer': 'Volkswagen Group of America, Inc.', 'NHTSACampaignNumber': '20V533000', 'parkIt': False, 'parkOutSide': False, 'overTheAirUpdate': False, 'ReportReceivedDate': '02/09/2020', 'Component': 'AIR BAGS:PASSENGER SIDE FRONTAL:CUSHION', 'Summary': 'Volkswagen Group of America, Inc. (Volkswagen) is recalling certain 2020 Passat vehicles.  The passenger frontal air bag may have been folded incorrectly affecting its deployment force.  As such, these vehicles fail to comply with the requirements of Federal Motor Vehicle Safety Standard number 208, ""Occupant Crash Protection.""', 'Consequence': 'An incorrectly folded air bag can deploy with too much force, increasing the risk of injury.', 'Remedy': ""Volkswagen will notify owners, and dealers will replace the passenger frontal air bag, free of charge.  The recall began October 14, 2020.  Owners may contact Volkswagen customer service at 1-888-241-2289.  Volkswagen's number for this recall is 69AY."", 'Notes': 'Owners may also contact the National Highway Traffic Safety Administration Vehicle Safety Hotline at 1-888-327-4236 (TTY 1-800-424-9153), or go to www.safercar.gov.', 'ModelYear': '2020', 'Make': 'VOLKSWAGEN', 'Model': 'PASSAT'}]",,,,,,,,,,,,,,,,,,,,,,,,,,,,,,,,,,,,,,,,,,,,,,,,
pdf_extraction,2026-04-10 11:10:48.529,1.0,raw_recalls,,,,,automotive_report_twocolumn.pdf,pdf,/Users/elmedin.karisiksystemverification.com/Documents/private/Automotive-Industry-Tracker/data/raw/pdf/automotive_report_twocolumn.pdf,2026-04-10T11:10:48.496389,pdfplumber,"[{'page_number': 1, 'text': 'Automotive Two-Column Report\nAudi A4 Recalls Volkswagen Golf Recalls\nThe Audi A4 2020 had 3 recalls related to airbag, The Volkswagen Golf 2020 had 2 recalls related to\nbrake, and engine issues reported to NHTSA. electrical systems and fuel systems.\nComponent Recall Details (with borders)\nComponent Issue Affected Units\nAirbag Inflator rupture 15,000\nBrakes Brake fluid leak 8,200\nEngine Oil pressure loss 5,100\nComponent Recall Details (without borders)\nComponent Issue Affected Units\nAirbag Inflator rupture 15,000\nBrakes Brake fluid leak 8,200\nEngine Oil pressure loss 5,100', 'tables': [[['Component', 'Issue', 'Affected Units'], ['Airbag', 'Inflator rupture', '15,000'], ['Brakes', 'Brake fluid leak', '8,200'], ['Engine', 'Oil pressure loss', '5,100']]]}]",,,,,,,,,,,,,,,,,,,,,,,,,,,,,,,,,,,,,,,,,,
pdf_extraction,2026-04-10 11:10:48.554,1.0,raw_recalls,,,,,automotive_report_normal.pdf,pdf,/Users/elmedin.karisiksystemverification.com/Documents/private/Automotive-Industry-Tracker/data/raw/pdf/automotive_report_normal.pdf,2026-04-10T11:10:48.532362,pdfplumber,"[{'page_number': 1, 'text': 'Automotive Industry Recall Report 2020\nIntroduction\nThis report provides an overview of vehicle recalls issued in 2020 for major automotive brands including\nAudi, Volkswagen, and Skoda. Data sourced from NHTSA.\nRecall Summary Table (with borders)\nMake Model Year Recalls\nAudi A4 2020 3\nVolkswagen Golf 2020 2\nVolkswagen Passat 2020 3\nRecall Summary Table (without borders)\nMake Model Year Recalls\nAudi A4 2020 3\nVolkswagen Golf 2020 2\nVolkswagen Passat 2020 3', 'tables': [[['Make', 'Model', 'Year', 'Recalls'], ['Audi', 'A4', '2020', '3'], ['Volkswagen', 'Golf', '2020', '2'], ['Volkswagen', 'Passat', '2020', '3']]]}]",,,,,,,,,,,,,,,,,,,,,,,,,,,,,,,,,,,,,,,,,,
word_extraction,2026-04-10 11:10:48.758,1.0,raw_recalls,,,,,automotive_report.docx,word,/Users/elmedin.karisiksystemverification.com/Documents/private/Automotive-Industry-Tracker/data/raw/word/automotive_report.docx,2026-04-10T11:10:48.557931,python-docx,,"[{'style': 'Title', 'text': 'Automotive Industry Recall Report 2020'}, {'style': 'Normal', 'text': 'This report provides an overview of vehicle recalls issued in 2020. Data sourced from NHTSA database covering major VW Group vehicles.'}, {'style': 'Heading 1', 'text': 'Recall Overview'}, {'style': 'Normal', 'text': 'In 2020, several VW Group vehicles were subject to safety recalls. The recalls covered issues ranging from airbag defects to engine problems.'}, {'style': 'Heading 2', 'text': 'Table with Borders'}, {'style': 'Heading 2', 'text': 'Table without Borders'}, {'style': 'Heading 1', 'text': 'Two-Column Section'}, {'style': 'Normal', 'text': 'Left Column: Audi A4 had 3 recalls in 2020 including airbag and brake issues.'}, {'style': 'Normal', 'text': 'Right Column: Volkswagen Golf had 2 recalls related to electrical systems.'}]","[{'table_index': 0, 'data': [['Make', 'Model', 'Year', 'Recalls'], ['Audi', 'A4', '2020', '3'], ['Volkswagen', 'Golf', '2020', '2'], ['Volkswagen', 'Passat', '2020', '3']]}, {'table_index': 1, 'data': [['Make', 'Model', 'Year', 'Recalls'], ['Audi', 'A4', '2020', '3'], ['Volkswagen', 'Golf', '2020', '2'], ['Volkswagen', 'Passat', '2020', '3']]}]",,,,,,,,,,,,,,,,,,,,,,,,,,,,,,,,,,,,,,,,
excel_extraction,2026-04-10 11:10:48.799,1.0,raw_recalls,,,,,automotive_data.xlsx,excel,/Users/elmedin.karisiksystemverification.com/Documents/private/Automotive-Industry-Tracker/data/raw/excel/automotive_data.xlsx,2026-04-10T11:10:48.765059,openpyxl,,,,"[{'sheet_name': 'Recall Summary', 'rows': [['Make', 'Model', 'Year', 'Recall Count', 'Affected Units', 'Total Cost (USD)'], ['Audi', 'A4', '2020', '3', '15000', '2500000'], ['Volkswagen', 'Golf', '2020', '2', '8200', '1200000'], ['Volkswagen', 'Passat', '2020', '3', '5100', '980000'], ['TOTAL', '', '', '=SUM(D2:D4)', '=SUM(E2:E4)', '=SUM(F2:F4)']]}, {'sheet_name': 'Component Details', 'rows': [['Component', 'Issue', 'Make', 'Model', 'Affected Units'], ['Airbag', 'Inflator rupture', 'Audi', 'A4', '15000'], ['Brakes', 'Brake fluid leak', 'Volkswagen', 'Golf', '8200'], ['Engine', 'Oil pressure loss', 'Volkswagen', 'Passat', '5100']]}]",,,,,,,,,,,,,,,,,,,,,,,,,,,,,,,,,,,,,,,
web_scraping,2026-04-10 11:10:48.809,1.0,raw_recalls,,,,,,,local_html/page_1.html,,,,,,,2026-04-10T11:10:48.804248,,,,Audi A4 2020,"Luxury sedan with 2.0L TFSI engine, 190hp. Known for premium interior and advanced driver assistance.","$39,900",/cars/audi-a4-2020,1.0,,,,,,,,,,,,,,,,,,,,,,,,,,,,,,
web_scraping,2026-04-10 11:10:48.812,1.0,raw_recalls,,,,,,,local_html/page_1.html,,,,,,,2026-04-10T11:10:48.804398,,,,Audi A4 2019,Previous generation A4 with quattro all-wheel drive. Excellent safety ratings from NHTSA.,"$36,500",/cars/audi-a4-2019,1.0,,,,,,,,,,,,,,,,,,,,,,,,,,,,,,
web_scraping,2026-04-10 11:10:48.818,1.0,raw_recalls,,,,,,,local_html/page_1.html,,,,,,,2026-04-10T11:10:48.804522,,,,Audi A4 2018,Reliable executive sedan. NHTSA recall issued for airbag inflator replacement.,"$33,200",/cars/audi-a4-2018,1.0,,,,,,,,,,,,,,,,,,,,,,,,,,,,,,
web_scraping,2026-04-10 11:10:48.863,1.0,raw_recalls,,,,,,,local_html/page_2.html,,,,,,,2026-04-10T11:10:48.805551,,,,Volkswagen Golf 2020,Compact hatchback with 1.4L TSI engine. Popular choice in European markets.,"$23,195",/cars/volkswagen-golf-2020,2.0,,,,,,,,,,,,,,,,,,,,,,,,,,,,,,
web_scraping,2026-04-10 11:10:48.893,1.0,raw_recalls,,,,,,,local_html/page_2.html,,,,,,,2026-04-10T11:10:48.805715,,,,Volkswagen Golf 2019,"Award-winning hatchback. NHTSA recall for brake system defect affecting 8,200 units.","$21,500",/cars/volkswagen-golf-2019,2.0,,,,,,,,,,,,,,,,,,,,,,,,,,,,,,
web_scraping,2026-04-10 11:10:48.896,1.0,raw_recalls,,,,,,,local_html/page_2.html,,,,,,,2026-04-10T11:10:48.805840,,,,Volkswagen Golf GTI 2020,Performance variant with 228hp turbocharged engine and sport suspension.,"$29,995",/cars/volkswagen-golf-gti-2020,2.0,,,,,,,,,,,,,,,,,,,,,,,,,,,,,,
web_scraping,2026-04-10 11:10:48.899,1.0,raw_recalls,,,,,,,local_html/page_3.html,,,,,,,2026-04-10T11:10:48.806608,,,,Volkswagen Passat 2020,Midsize sedan with spacious interior. NHTSA recall for fuel pump defect.,"$24,990",/cars/volkswagen-passat-2020,3.0,,,,,,,,,,,,,,,,,,,,,,,,,,,,,,
web_scraping,2026-04-10 11:10:48.918,1.0,raw_recalls,,,,,,,local_html/page_3.html,,,,,,,2026-04-10T11:10:48.806737,,,,Volkswagen Passat 2019,Business-class sedan with advanced connectivity features and comfort.,"$22,800",/cars/volkswagen-passat-2019,3.0,,,,,,,,,,,,,,,,,,,,,,,,,,,,,,
web_scraping,2026-04-10 11:10:48.925,1.0,raw_recalls,,,,,,,local_html/page_3.html,,,,,,,2026-04-10T11:10:48.806853,,,,Skoda Octavia 2020,Czech-made sedan offering exceptional value. Part of VW Group platform.,"$19,990",/cars/skoda-octavia-2020,3.0,,,,,,,,,,,,,,,,,,,,,,,,,,,,,,
dynamic_scraping,2026-04-10 11:10:50.699,1.0,raw_recalls,Audi,A4,2020.0,"[{'Manufacturer': 'Volkswagen Group of America, Inc.', 'NHTSACampaignNumber': '22V034000', 'parkIt': False, 'parkOutSide': False, 'overTheAirUpdate': False, 'ReportReceivedDate': '26/01/2022', 'Component': 'TIRES', 'Summary': 'Volkswagen Group of America, Inc. (Audi) is recalling certain 2019-2021 Audi A5 Sportback, RS5 Coupe, RS5 Sportback, S5 Sportback, 2020-2021 A4 Allroad, A4 Sedan, A5 Cabriolet, A5 Coupe, A6 Allroad, A6 Sedan, A7, A8, Q5, S4 Sedan, S5 Coupe, S5 Cabriolet, S6 Sedan, S7, S8, SQ5, 2021 Q5 Sportback, Q7, Q8, RS6 Avant, RS7, RSQ8, SQ5 Sportback, SQ7, and SQ8 vehicles.  The rear axle alignment may not have been inspected after the repairs for Recall 21V-295 (42L1) were performed.', 'Consequence': 'Rear axle misalignment may cause premature or uneven tire wear, increasing the risk of a crash.', 'Remedy': ""Dealers will inspect the rear axle, adjust the alignment as necessary, and replace any prematurely or unevenly worn tires, free of charge.  Owner notification letters were mailed March 3, 2022.  Owners may contact Audi customer service at 1-800-253-2834.  Audi's number for this recall is 42L5."", 'Notes': 'Owners may also contact the National Highway Traffic Safety Administration Vehicle Safety Hotline at 1-888-327-4236 (TTY 1-800-424-9153), or go to www.nhtsa.gov.', 'ModelYear': '2020', 'Make': 'AUDI', 'Model': 'A4'}, {'Manufacturer': 'Volkswagen Group of America, Inc.', 'NHTSACampaignNumber': '21V295000', 'parkIt': False, 'parkOutSide': False, 'overTheAirUpdate': False, 'ReportReceivedDate': '26/04/2021', 'Component': 'SUSPENSION:REAR:AXLE:NON-POWERED AXLE ASSEMBLY', 'Summary': 'Volkswagen Group of America, Inc. (Audi) is recalling certain 2021 Q7, Q8, Q5 Sportback, SQ5 Sportback, RS6 Avant, RS7, RS Q8, 2020-2021 Audi S6 sedan, Q5, A8, S8, A7, A6 Allroad, A5 Cabriolet, A4 sedan, A4 Allroad, SQ5, S7, A6 sedan, S5 coupe, S4 sedan, S5 Cabriolet, A5 coupe, 2019-2021 RS5 coupe, A5 Sportback, S5 Sportback, RS5 Sportback vehicles.  The lock nut on the trailing arm of the rear axle may break due to stress corrosion.', 'Consequence': 'A broken lock nut may misalign the rear axle, causing a loss of control and increasing the risk of a crash.', 'Remedy': ""Dealers will replace the lock nuts and, if necessary, the associated bolts, free of charge.  Owner notification letters were mailed June 4, 2021.  Owners may contact Audi customer service at 1-800-253-2834.  Audi's number for this recall is 42L1."", 'Notes': 'Owners may also contact the National Highway Traffic Safety Administration Vehicle Safety Hotline at 1-888-327-4236 (TTY 1-800-424-9153), or go to www.safercar.gov.', 'ModelYear': '2020', 'Make': 'AUDI', 'Model': 'A4'}, {'Manufacturer': 'Volkswagen Group of America, Inc.', 'NHTSACampaignNumber': '21V874000', 'parkIt': False, 'parkOutSide': False, 'overTheAirUpdate': False, 'ReportReceivedDate': '10/11/2021', 'Component': 'SEATS', 'Summary': 'Volkswagen Group of America, Inc. (Audi) is recalling certain 2017-2020 A4 Allroad, A4 Sedan, 2018-2019 RS5 Coupe, 2019 RS5 Sportback, 2018-2020 A5 Cabriolet, A5 Coupe, A5 Sportback, S4 Sedan, S5 Cabriolet, S5 Coupe, and Audi S5 Sportback vehicles.  The cable connecting the seat heater to the Passenger Occupant Detection System (PODS) may have a contact fault, causing the software to misdiagnose a malfunction and disable the passenger air bag.', 'Consequence': 'A disabled passenger air bag increases the risk of injury in the event of a crash.', 'Remedy': ""Dealers will replace the connecting cable and either the heating mat or entire seat cover, free of charge.  Owner notification letters were mailed January 7, 2022.  Owners may contact Audi customer service at 1-800-253-2834.  Audi's number for this recall is 74E3.  This recall is an expansion of Recall 19V-547 (74D9).  Vehicles previously repaired under 19V-547 will need to return for the new remedy."", 'Notes': 'Owners may also contact the National Highway Traffic Safety Administration Vehicle Safety Hotline at 1-888-327-4236 (TTY 1-800-424-9153), or go to www.nhtsa.gov.', 'ModelYear': '2020', 'Make': 'AUDI', 'Model': 'A4'}]",,,https://api.nhtsa.gov/recalls/recallsByVehicle?make=Audi&model=A4&modelYear=2020,,,,,,,2026-04-10T11:10:50.690274,json_api,,,,,,,,,,,,,,,,,,,,,,,,,,,,,,,,,,,,,
dynamic_scraping,2026-04-10 11:10:52.381,1.0,raw_recalls,Volkswagen,Golf,2020.0,"[{'Manufacturer': 'Volkswagen Group of America, Inc.', 'NHTSACampaignNumber': '22V815000', 'parkIt': False, 'parkOutSide': False, 'overTheAirUpdate': False, 'ReportReceivedDate': '31/10/2022', 'Component': 'TIRES:PRESSURE MONITORING AND REGULATING SYSTEMS', 'Summary': 'Volkswagen Group of America, Inc. (Volkswagen) is recalling certain 2019 Volkswagen Tiguan LWB, Golf Sportswagen A7, Golf Alltrack, Golf R GP, Audi Q3, Audi A3 Cabriolet, 2019-2020 Jetta NF, Jetta GLI, Golf GTI, Atlas, Golf A7, Audi A3, 2020-2021 Atlas Cross Sport, and 2021 Atlas FL vehicles.  The tire pressure monitoring system may not detect an air pressure loss in adequate time when deflating occurs among all four tires simultaneously.  As such, these vehicles fail to comply with the requirements of Federal Motor Vehicle Safety Standard number 138, ""Tire Pressure Monitoring Systems.""', 'Consequence': 'An undetected sudden loss of pressure in all four tires increases the risk of a crash.', 'Remedy': ""Dealers will update the TPMS software, free of charge.  Owner notification letters were mailed November 18, 2022.  Owners may contact Volkswagen's customer service at 1-800-893-5298 or Audi\x92s customer service at 1-800-253-2834.  Volkswagen's numbers for this recall are (Audi) 45J7, and (VW) 45J6 and 45J8."", 'Notes': 'Owners may also contact the National Highway Traffic Safety Administration Vehicle Safety Hotline at 1-888-327-4236 (TTY 1-800-424-9153), or go to www.safercar.gov.', 'ModelYear': '2020', 'Make': 'VOLKSWAGEN', 'Model': 'GOLF'}, {'Manufacturer': 'Volkswagen Group of America, Inc.', 'NHTSACampaignNumber': '24V110000', 'parkIt': False, 'parkOutSide': False, 'overTheAirUpdate': False, 'NHTSAActionNumber': 'RQ23007', 'ReportReceivedDate': '14/02/2024', 'Component': 'FUEL SYSTEM, GASOLINE', 'Summary': 'Volkswagen Group of America, Inc. (Volkswagen) is recalling certain front-wheel drive 2015-2020 Audi A3 Sedan, 2015-2019 Audi A3 Cabriolet, 2019-2020 Volkswagen Jetta GLI, 2018 Golf Sportwagen GP, 2018-2019 Golf Sportwagen A7, 2015-2017 Golf Sportwagen, 2015-2020 Golf GTI, and 2015-2020 Golf A7 vehicles.  Due to a problem with a suction jet pump seal inside the fuel tank, fuel may flow into the evaporative emissions (EVAP) system and possibly leak out of the charcoal canister.', 'Consequence': 'A fuel leak in the presence of an ignition source increases the risk of a fire.', 'Remedy': ""Dealers will replace the suction pump, free of charge.  Final owner notification letters for Audi owners were mailed on July 25, 2024.  Final owner letters for VW owners were mailed on August 13, 2024.  Owners may contact Volkswagen customer service at 1-800-893-5298 or Audi customer service at 1-800-253-2834.  Volkswagen's numbers for this recall are VW: 20UF/Audi: 20YF.  Vehicles that were previously recalled under 16V-647 will need to have the new remedy completed.  This recall expands and replaces previous recall number 16V-647."", 'Notes': 'Owners may also contact the National Highway Traffic Safety Administration Vehicle Safety Hotline at 1-888-327-4236 (TTY 1-800-424-9153), or go to www.nhtsa.gov.', 'ModelYear': '2020', 'Make': 'VOLKSWAGEN', 'Model': 'GOLF'}]",,,https://api.nhtsa.gov/recalls/recallsByVehicle?make=Volkswagen&model=Golf&modelYear=2020,,,,,,,2026-04-10T11:10:52.379197,json_api,,,,,,,,,,,,,,,,,,,,,,,,,,,,,,,,,,,,,
dynamic_scraping,2026-04-10 11:10:54.058,1.0,raw_recalls,Volkswagen,Passat,2020.0,"[{'Manufacturer': 'Volkswagen Group of America, Inc.', 'NHTSACampaignNumber': '19V389000', 'parkIt': False, 'parkOutSide': False, 'overTheAirUpdate': False, 'ReportReceivedDate': '22/05/2019', 'Component': 'EXTERIOR LIGHTING:HEADLIGHTS', 'Summary': 'Volkswagen Group of America, Inc. (Volkswagen) is recalling certain 2012-2020 Volkswagen Passat and 2018-2019 Atlas vehicles.  The blocking cap disabling the adjustment of the headlight\'s horizontal aim may not have been installed.  As such, these vehicles fail to conform to Federal Motor Vehicle Safety Standard (FMVSS) number 108, ""Lamps, Reflective Devices, and Associated Equipment.""', 'Consequence': 'Without the blocking cap, the headlight aim can be adjusted out of specification, reducing visibility and increasing the risk of a crash.', 'Remedy': ""Volkswagen will notify owners, and dealers will inspect and, as necessary, block the headlight horizontal adjustment, free of charge.  The recall began July 16, 2019.  Owners may contact Volkswagen customer service at 1-800-253-2834.  Volkswagen's number for this recall is 94L9."", 'Notes': 'Owners may also contact the National Highway Traffic Safety Administration Vehicle Safety Hotline at 1-888-327-4236 (TTY 1-800-424-9153), or go to www.safercar.gov.', 'ModelYear': '2020', 'Make': 'VOLKSWAGEN', 'Model': 'PASSAT'}, {'Manufacturer': 'Volkswagen Group of America, Inc.', 'NHTSACampaignNumber': '19V218000', 'parkIt': False, 'parkOutSide': False, 'overTheAirUpdate': False, 'ReportReceivedDate': '20/03/2019', 'Component': 'AIR BAGS:SIDE/WINDOW', 'Summary': 'Volkswagen Group of America, Inc. (Volkswagen) is recalling certain 2019 Atlas and 2020 Passat vehicles.  An incorrect driver and/or front passenger side impact air bag may have been installed.', 'Consequence': 'In an event of a side impact crash, an incorrect side airbag may not deploy as intended, increasing the risk of injury.', 'Remedy': ""Volkswagen has inspected and replaced the side air bags, free of charge.  The recall was completed in April 2019.  Owners may contact Volkswagen customer service at 1-800-893-5298.  Volkswagen's number for this recall is 69Y8."", 'Notes': 'Owners may also contact the National Highway Traffic Safety Administration Vehicle Safety Hotline at 1-888-327-4236 (TTY 1-800-424-9153), or go to www.safercar.gov.', 'ModelYear': '2020', 'Make': 'VOLKSWAGEN', 'Model': 'PASSAT'}, {'Manufacturer': 'Volkswagen Group of America, Inc.', 'NHTSACampaignNumber': '20V533000', 'parkIt': False, 'parkOutSide': False, 'overTheAirUpdate': False, 'ReportReceivedDate': '02/09/2020', 'Component': 'AIR BAGS:PASSENGER SIDE FRONTAL:CUSHION', 'Summary': 'Volkswagen Group of America, Inc. (Volkswagen) is recalling certain 2020 Passat vehicles.  The passenger frontal air bag may have been folded incorrectly affecting its deployment force.  As such, these vehicles fail to comply with the requirements of Federal Motor Vehicle Safety Standard number 208, ""Occupant Crash Protection.""', 'Consequence': 'An incorrectly folded air bag can deploy with too much force, increasing the risk of injury.', 'Remedy': ""Volkswagen will notify owners, and dealers will replace the passenger frontal air bag, free of charge.  The recall began October 14, 2020.  Owners may contact Volkswagen customer service at 1-888-241-2289.  Volkswagen's number for this recall is 69AY."", 'Notes': 'Owners may also contact the National Highway Traffic Safety Administration Vehicle Safety Hotline at 1-888-327-4236 (TTY 1-800-424-9153), or go to www.safercar.gov.', 'ModelYear': '2020', 'Make': 'VOLKSWAGEN', 'Model': 'PASSAT'}]",,,https://api.nhtsa.gov/recalls/recallsByVehicle?make=Volkswagen&model=Passat&modelYear=2020,,,,,,,2026-04-10T11:10:54.056571,json_api,,,,,,,,,,,,,,,,,,,,,,,,,,,,,,,,,,,,,
selenium_scraping,2026-04-10 11:10:58.866,1.0,raw_recalls,,,,,,,https://www.wikipedia.org/wiki/Audi,,,,,,,2026-04-10T11:10:58.782582,selenium,,,Audi - Wikipedia,,,,,"Audi AG[a] is a German automotive manufacturer of luxury vehicles headquartered in Ingolstadt, Bavaria, Germany. A wholly owned subsidiary of the Volkswagen Group, Audi produces vehicles in nine production facilities worldwide. The origins of the company are complex, dating back to the early 20th century and the initial enterprises (Horch and the Audiwerke) founded by engineer August Horch. Two other manufacturers (DKW and Wanderer) also contributed to the foundation of Auto Union in 1932. The modern Audi era began in the 1960s, when Auto Union was acquired by Volkswagen from Daimler-Benz.[7] Volkswagen relaunched the Audi brand with the 1965 introduction of the Audi F103 series, and merged Auto Union with NSU Motorenwerke in 1969, thus creating the present-day form of the company.",,,,,,,,,,,,,,,,,,,,,,,,,,,,,
ocr_image,2026-04-10 11:10:59.131,1.0,raw_recalls,,,,,audi_a4.jpg,image_ocr,/Users/elmedin.karisiksystemverification.com/Documents/private/Automotive-Industry-Tracker/data/raw/images/audi_a4.jpg,2026-04-10T11:10:59.127368,pytesseract,,,,,,,,"i mH I ui Le

",,,,,,,,,,,,,,,,,,,,,,,,,,,,,,,,,,,
ocr_image,2026-04-10 11:10:59.343,1.0,raw_recalls,,,,,volkswagen_golf.jpg,image_ocr,/Users/elmedin.karisiksystemverification.com/Documents/private/Automotive-Industry-Tracker/data/raw/images/volkswagen_golf.jpg,2026-04-10T11:10:59.342363,pytesseract,,,,,,,,,,,,,,,,,,,,,,,,,,,,,,,,,,,,,,,,,,,
ocr_image,2026-04-10 11:10:59.556,1.0,raw_recalls,,,,,volkswagen_id4.jpg,image_ocr,/Users/elmedin.karisiksystemverification.com/Documents/private/Automotive-Industry-Tracker/data/raw/images/volkswagen_id4.jpg,2026-04-10T11:10:59.555287,pytesseract,,,,,,,,,,,,,,,,,,,,,,,,,,,,,,,,,,,,,,,,,,,
ocr_image,2026-04-10 11:11:00.725,1.0,raw_recalls,,,,,test_scan.png,image_ocr,/Users/elmedin.karisiksystemverification.com/Documents/private/Automotive-Industry-Tracker/data/raw/images/test_scan.png,2026-04-10T11:11:00.724293,pytesseract,,,,,,,"The 2022 Audi RS6 Avant is a high-performance wagon that combines supercar power with everyday practicality. Under the hood, it boasts a 4.0-liter twin-turbocharged V8 engine
producing 591 horsepower and 590 Ib-ft of torque, enabling a 0-60 mph time of just 3.5 seconds. Equipped with Audi's Quattro all-wheel-drive system, adaptive air suspension, and dynamic
Steering, the RS6 delivers exceptional handling and comfort. Its aggressive design features wide fenders, a black honeycomb grille, and large oval exhaust tips, giving it a commanding
Toad presence, With a luxurious, tech-filled interior and ample cargo space, the RSG Avant is the ultimate blend of performance, luxury, and practicality.

Engine: 4.01 V8 Top speed: 190mph
Power: 591bhp 0-60: 31sec
Torque: 799nm Year: 2022
Weight: 2,282kg Country: German
","Cnnr RS6

The 2022 Audi RSG Avant is a high-performance wagon that combines supercar power with everyday practicality. Under the hood, it boasts a 4.0-liter twin-turbocharged V8 engine
producing 591 horsepower and 590 Ib-ft of torque, enabling a 0-60 mph time of just 3.5 seconds. Equipped with Audi's Quattro all-wheel-drive system, adaptive air suspension, and dynamic
steering, the RSG delivers exceptional handling and comfort. Its aggressive design features wide fenders, a black honeycomb grille, and large oval exhaust tips, giving it a commanding
road presence, With a luxurious, tech-filled interior and ample cargo space, the RS6 Avant is the ultimate blend of performance, luxury, and practicality.

Engine: 4.01 V8 Top speed: 190mph
Power: 591bhp 0-60: 31sec
Torque: 799nm Year: 2022
Weight: 2,282kg Country: German

",,,,,,,,,,,,,,,,,,,,,,,,,,,,,,,,,,,
ocr_image,2026-04-10 11:11:00.956,1.0,raw_recalls,,,,,volkswagen_passat.jpg,image_ocr,/Users/elmedin.karisiksystemverification.com/Documents/private/Automotive-Industry-Tracker/data/raw/images/volkswagen_passat.jpg,2026-04-10T11:11:00.954920,pytesseract,,,,,,,,"| it i i

",,,,,,,,,,,,,,,,,,,,,,,,,,,,,,,,,,,
ocr_scanned_pdf,2026-04-10 11:11:01.446,1.0,raw_recalls,,,,,scanned_report.pdf,scanned_pdf_ocr,/Users/elmedin.karisiksystemverification.com/Documents/private/Automotive-Industry-Tracker/data/raw/scanned/scanned_report.pdf,2026-04-10T11:11:01.445606,pytesseract+pdf2image,"[{'page_number': 1, 'text': 'Automotive Industry Recall Report 2020\n\nIntroduction\n\nThis report provides an overview of vehicle recalls issued in 2020 for major automotive brands including\nAudi, Volkswagen, and Skoda. Data sourced from NHTSA.\n\nRecall Summary Table (with borders)\n\nMake Model | Year | Recalls\n\nRecall Summary Table (without borders)\nMake Model Year Recalls\nAudi A4 2020 3\nVolkswagen Golf 2020 2\nVolkswagen Passat 2020 3\n\n'}]",,,,,,,,,,,,,,,,,,,,,,,,,,,,,,,,,,,,,,,,,,
image_processing,2026-04-10 11:11:02.030,1.0,raw_recalls,,,,,audi_a4.jpg,,vehicle_image,,,,,,,,automotive,,,,,,,,,/Users/elmedin.karisiksystemverification.com/Documents/private/Automotive-Industry-Tracker/data/raw/images/audi_a4.jpg,/Users/elmedin.karisiksystemverification.com/Documents/private/Automotive-Industry-Tracker/data/processed/resized/audi_a4_resized.jpg,/Users/elmedin.karisiksystemverification.com/Documents/private/Automotive-Industry-Tracker/data/processed/thumbnails/audi_a4_thumb.jpg,/Users/elmedin.karisiksystemverification.com/Documents/private/Automotive-Industry-Tracker/data/processed/webp/audi_a4.webp,JPEG,RGB,960.0,500.0,157.31,audi_a4.jpg,Unknown,Unknown,Unknown,Unknown,Unknown,Unknown,Unknown,Unknown,No GPS data,2026-04-10T11:11:02.026760,2026-04-10T11:11:02.026806,,,,,,,,
image_processing,2026-04-10 11:11:02.165,1.0,raw_recalls,,,,,volkswagen_golf.jpg,,vehicle_image,,,,,,,,automotive,,,,,,,,,/Users/elmedin.karisiksystemverification.com/Documents/private/Automotive-Industry-Tracker/data/raw/images/volkswagen_golf.jpg,/Users/elmedin.karisiksystemverification.com/Documents/private/Automotive-Industry-Tracker/data/processed/resized/volkswagen_golf_resized.jpg,/Users/elmedin.karisiksystemverification.com/Documents/private/Automotive-Industry-Tracker/data/processed/thumbnails/volkswagen_golf_thumb.jpg,/Users/elmedin.karisiksystemverification.com/Documents/private/Automotive-Industry-Tracker/data/processed/webp/volkswagen_golf.webp,JPEG,RGB,960.0,490.0,121.7,volkswagen_golf.jpg,Unknown,Unknown,Unknown,Unknown,Unknown,Unknown,Unknown,Unknown,No GPS data,2026-04-10T11:11:02.164176,2026-04-10T11:11:02.164219,,,,,,,,
image_processing,2026-04-10 11:11:02.309,1.0,raw_recalls,,,,,volkswagen_id4.jpg,,vehicle_image,,,,,,,,automotive,,,,,,,,,/Users/elmedin.karisiksystemverification.com/Documents/private/Automotive-Industry-Tracker/data/raw/images/volkswagen_id4.jpg,/Users/elmedin.karisiksystemverification.com/Documents/private/Automotive-Industry-Tracker/data/processed/resized/volkswagen_id4_resized.jpg,/Users/elmedin.karisiksystemverification.com/Documents/private/Automotive-Industry-Tracker/data/processed/thumbnails/volkswagen_id4_thumb.jpg,/Users/elmedin.karisiksystemverification.com/Documents/private/Automotive-Industry-Tracker/data/processed/webp/volkswagen_id4.webp,JPEG,RGB,960.0,533.0,131.99,volkswagen_id4.jpg,Unknown,Unknown,Unknown,Unknown,Unknown,Unknown,Unknown,Unknown,No GPS data,2026-04-10T11:11:02.308522,2026-04-10T11:11:02.308564,,,,,,,,
image_processing,2026-04-10 11:11:03.759,1.0,raw_recalls,,,,,test_scan.png,,vehicle_image,,,,,,,,automotive,,,,,,,,,/Users/elmedin.karisiksystemverification.com/Documents/private/Automotive-Industry-Tracker/data/raw/images/test_scan.png,/Users/elmedin.karisiksystemverification.com/Documents/private/Automotive-Industry-Tracker/data/processed/resized/test_scan_resized.png,/Users/elmedin.karisiksystemverification.com/Documents/private/Automotive-Industry-Tracker/data/processed/thumbnails/test_scan_thumb.png,/Users/elmedin.karisiksystemverification.com/Documents/private/Automotive-Industry-Tracker/data/processed/webp/test_scan.webp,WEBP,RGBA,1946.0,1946.0,117.6,test_scan.png,Unknown,Unknown,Unknown,Unknown,Unknown,Unknown,Unknown,1,No GPS data,2026-04-10T11:11:03.758590,2026-04-10T11:11:03.758627,,,,,,,,
image_processing,2026-04-10 11:11:08.932,1.0,raw_recalls,,,,,volkswagen_passat.jpg,,vehicle_image,,,,,,,,automotive,,,,,,,,,/Users/elmedin.karisiksystemverification.com/Documents/private/Automotive-Industry-Tracker/data/raw/images/volkswagen_passat.jpg,/Users/elmedin.karisiksystemverification.com/Documents/private/Automotive-Industry-Tracker/data/processed/resized/volkswagen_passat_resized.jpg,/Users/elmedin.karisiksystemverification.com/Documents/private/Automotive-Industry-Tracker/data/processed/thumbnails/volkswagen_passat_thumb.jpg,/Users/elmedin.karisiksystemverification.com/Documents/private/Automotive-Industry-Tracker/data/processed/webp/volkswagen_passat.webp,JPEG,RGB,960.0,484.0,146.75,volkswagen_passat.jpg,Unknown,Unknown,Unknown,Unknown,Unknown,Unknown,Unknown,Unknown,No GPS data,2026-04-10T11:11:08.931804,2026-04-10T11:11:08.931849,,,,,,,,
word_extraction,2026-04-10 11:17:43.820,1.0,raw_recalls,,,,,automotive_report.docx,word,/Users/elmedin.karisiksystemverification.com/Documents/private/Automotive-Industry-Tracker/data/raw/word/automotive_report.docx,2026-04-10T11:17:43.602233,python-docx,,"[{'style': 'Title', 'text': 'Automotive Industry Recall Report 2020'}, {'style': 'Normal', 'text': 'This report provides an overview of vehicle recalls issued in 2020. Data sourced from NHTSA database covering major VW Group vehicles.'}, {'style': 'Heading 1', 'text': 'Recall Overview'}, {'style': 'Normal', 'text': 'In 2020, several VW Group vehicles were subject to safety recalls. The recalls covered issues ranging from airbag defects to engine problems.'}, {'style': 'Heading 2', 'text': 'Table with Borders'}, {'style': 'Heading 2', 'text': 'Table without Borders'}, {'style': 'Heading 1', 'text': 'Two-Column Section'}, {'style': 'Normal', 'text': 'Left Column: Audi A4 had 3 recalls in 2020 including airbag and brake issues.'}, {'style': 'Normal', 'text': 'Right Column: Volkswagen Golf had 2 recalls related to electrical systems.'}]","[{'table_index': 0, 'data': [['Make', 'Model', 'Year', 'Recalls'], ['Audi', 'A4', '2020', '3'], ['Volkswagen', 'Golf', '2020', '2'], ['Volkswagen', 'Passat', '2020', '3']]}, {'table_index': 1, 'data': [['Make', 'Model', 'Year', 'Recalls'], ['Audi', 'A4', '2020', '3'], ['Volkswagen', 'Golf', '2020', '2'], ['Volkswagen', 'Passat', '2020', '3']]}]",,,,,,,,,,,,,,,,,,,,,,,,,,,,,,,,,,,,,,,,
excel_extraction,2026-04-10 11:17:43.957,1.0,raw_recalls,,,,,automotive_data.xlsx,excel,/Users/elmedin.karisiksystemverification.com/Documents/private/Automotive-Industry-Tracker/data/raw/excel/automotive_data.xlsx,2026-04-10T11:17:43.917256,openpyxl,,,,"[{'sheet_name': 'Recall Summary', 'rows': [['Make', 'Model', 'Year', 'Recall Count', 'Affected Units', 'Total Cost (USD)'], ['Audi', 'A4', '2020', '3', '15000', '2500000'], ['Volkswagen', 'Golf', '2020', '2', '8200', '1200000'], ['Volkswagen', 'Passat', '2020', '3', '5100', '980000'], ['TOTAL', '', '', '=SUM(D2:D4)', '=SUM(E2:E4)', '=SUM(F2:F4)']]}, {'sheet_name': 'Component Details', 'rows': [['Component', 'Issue', 'Make', 'Model', 'Affected Units'], ['Airbag', 'Inflator rupture', 'Audi', 'A4', '15000'], ['Brakes', 'Brake fluid leak', 'Volkswagen', 'Golf', '8200'], ['Engine', 'Oil pressure loss', 'Volkswagen', 'Passat', '5100']]}]",,,,,,,,,,,,,,,,,,,,,,,,,,,,,,,,,,,,,,,
nhtsa_api,2026-04-10 11:17:46.169,1.0,raw_recalls,Audi,A4,2020.0,"[{'Manufacturer': 'Volkswagen Group of America, Inc.', 'NHTSACampaignNumber': '22V034000', 'parkIt': False, 'parkOutSide': False, 'overTheAirUpdate': False, 'ReportReceivedDate': '26/01/2022', 'Component': 'TIRES', 'Summary': 'Volkswagen Group of America, Inc. (Audi) is recalling certain 2019-2021 Audi A5 Sportback, RS5 Coupe, RS5 Sportback, S5 Sportback, 2020-2021 A4 Allroad, A4 Sedan, A5 Cabriolet, A5 Coupe, A6 Allroad, A6 Sedan, A7, A8, Q5, S4 Sedan, S5 Coupe, S5 Cabriolet, S6 Sedan, S7, S8, SQ5, 2021 Q5 Sportback, Q7, Q8, RS6 Avant, RS7, RSQ8, SQ5 Sportback, SQ7, and SQ8 vehicles.  The rear axle alignment may not have been inspected after the repairs for Recall 21V-295 (42L1) were performed.', 'Consequence': 'Rear axle misalignment may cause premature or uneven tire wear, increasing the risk of a crash.', 'Remedy': ""Dealers will inspect the rear axle, adjust the alignment as necessary, and replace any prematurely or unevenly worn tires, free of charge.  Owner notification letters were mailed March 3, 2022.  Owners may contact Audi customer service at 1-800-253-2834.  Audi's number for this recall is 42L5."", 'Notes': 'Owners may also contact the National Highway Traffic Safety Administration Vehicle Safety Hotline at 1-888-327-4236 (TTY 1-800-424-9153), or go to www.nhtsa.gov.', 'ModelYear': '2020', 'Make': 'AUDI', 'Model': 'A4'}, {'Manufacturer': 'Volkswagen Group of America, Inc.', 'NHTSACampaignNumber': '21V295000', 'parkIt': False, 'parkOutSide': False, 'overTheAirUpdate': False, 'ReportReceivedDate': '26/04/2021', 'Component': 'SUSPENSION:REAR:AXLE:NON-POWERED AXLE ASSEMBLY', 'Summary': 'Volkswagen Group of America, Inc. (Audi) is recalling certain 2021 Q7, Q8, Q5 Sportback, SQ5 Sportback, RS6 Avant, RS7, RS Q8, 2020-2021 Audi S6 sedan, Q5, A8, S8, A7, A6 Allroad, A5 Cabriolet, A4 sedan, A4 Allroad, SQ5, S7, A6 sedan, S5 coupe, S4 sedan, S5 Cabriolet, A5 coupe, 2019-2021 RS5 coupe, A5 Sportback, S5 Sportback, RS5 Sportback vehicles.  The lock nut on the trailing arm of the rear axle may break due to stress corrosion.', 'Consequence': 'A broken lock nut may misalign the rear axle, causing a loss of control and increasing the risk of a crash.', 'Remedy': ""Dealers will replace the lock nuts and, if necessary, the associated bolts, free of charge.  Owner notification letters were mailed June 4, 2021.  Owners may contact Audi customer service at 1-800-253-2834.  Audi's number for this recall is 42L1."", 'Notes': 'Owners may also contact the National Highway Traffic Safety Administration Vehicle Safety Hotline at 1-888-327-4236 (TTY 1-800-424-9153), or go to www.safercar.gov.', 'ModelYear': '2020', 'Make': 'AUDI', 'Model': 'A4'}, {'Manufacturer': 'Volkswagen Group of America, Inc.', 'NHTSACampaignNumber': '21V874000', 'parkIt': False, 'parkOutSide': False, 'overTheAirUpdate': False, 'ReportReceivedDate': '10/11/2021', 'Component': 'SEATS', 'Summary': 'Volkswagen Group of America, Inc. (Audi) is recalling certain 2017-2020 A4 Allroad, A4 Sedan, 2018-2019 RS5 Coupe, 2019 RS5 Sportback, 2018-2020 A5 Cabriolet, A5 Coupe, A5 Sportback, S4 Sedan, S5 Cabriolet, S5 Coupe, and Audi S5 Sportback vehicles.  The cable connecting the seat heater to the Passenger Occupant Detection System (PODS) may have a contact fault, causing the software to misdiagnose a malfunction and disable the passenger air bag.', 'Consequence': 'A disabled passenger air bag increases the risk of injury in the event of a crash.', 'Remedy': ""Dealers will replace the connecting cable and either the heating mat or entire seat cover, free of charge.  Owner notification letters were mailed January 7, 2022.  Owners may contact Audi customer service at 1-800-253-2834.  Audi's number for this recall is 74E3.  This recall is an expansion of Recall 19V-547 (74D9).  Vehicles previously repaired under 19V-547 will need to return for the new remedy."", 'Notes': 'Owners may also contact the National Highway Traffic Safety Administration Vehicle Safety Hotline at 1-888-327-4236 (TTY 1-800-424-9153), or go to www.nhtsa.gov.', 'ModelYear': '2020', 'Make': 'AUDI', 'Model': 'A4'}]",,,,,,,,,,,,,,,,,,,,,,,,,,,,,,,,,,,,,,,,,,,,,,,,
nhtsa_api,2026-04-10 11:17:46.177,1.0,raw_recalls,Volkswagen,Golf,2020.0,"[{'Manufacturer': 'Volkswagen Group of America, Inc.', 'NHTSACampaignNumber': '22V815000', 'parkIt': False, 'parkOutSide': False, 'overTheAirUpdate': False, 'ReportReceivedDate': '31/10/2022', 'Component': 'TIRES:PRESSURE MONITORING AND REGULATING SYSTEMS', 'Summary': 'Volkswagen Group of America, Inc. (Volkswagen) is recalling certain 2019 Volkswagen Tiguan LWB, Golf Sportswagen A7, Golf Alltrack, Golf R GP, Audi Q3, Audi A3 Cabriolet, 2019-2020 Jetta NF, Jetta GLI, Golf GTI, Atlas, Golf A7, Audi A3, 2020-2021 Atlas Cross Sport, and 2021 Atlas FL vehicles.  The tire pressure monitoring system may not detect an air pressure loss in adequate time when deflating occurs among all four tires simultaneously.  As such, these vehicles fail to comply with the requirements of Federal Motor Vehicle Safety Standard number 138, ""Tire Pressure Monitoring Systems.""', 'Consequence': 'An undetected sudden loss of pressure in all four tires increases the risk of a crash.', 'Remedy': ""Dealers will update the TPMS software, free of charge.  Owner notification letters were mailed November 18, 2022.  Owners may contact Volkswagen's customer service at 1-800-893-5298 or Audi\x92s customer service at 1-800-253-2834.  Volkswagen's numbers for this recall are (Audi) 45J7, and (VW) 45J6 and 45J8."", 'Notes': 'Owners may also contact the National Highway Traffic Safety Administration Vehicle Safety Hotline at 1-888-327-4236 (TTY 1-800-424-9153), or go to www.safercar.gov.', 'ModelYear': '2020', 'Make': 'VOLKSWAGEN', 'Model': 'GOLF'}, {'Manufacturer': 'Volkswagen Group of America, Inc.', 'NHTSACampaignNumber': '24V110000', 'parkIt': False, 'parkOutSide': False, 'overTheAirUpdate': False, 'NHTSAActionNumber': 'RQ23007', 'ReportReceivedDate': '14/02/2024', 'Component': 'FUEL SYSTEM, GASOLINE', 'Summary': 'Volkswagen Group of America, Inc. (Volkswagen) is recalling certain front-wheel drive 2015-2020 Audi A3 Sedan, 2015-2019 Audi A3 Cabriolet, 2019-2020 Volkswagen Jetta GLI, 2018 Golf Sportwagen GP, 2018-2019 Golf Sportwagen A7, 2015-2017 Golf Sportwagen, 2015-2020 Golf GTI, and 2015-2020 Golf A7 vehicles.  Due to a problem with a suction jet pump seal inside the fuel tank, fuel may flow into the evaporative emissions (EVAP) system and possibly leak out of the charcoal canister.', 'Consequence': 'A fuel leak in the presence of an ignition source increases the risk of a fire.', 'Remedy': ""Dealers will replace the suction pump, free of charge.  Final owner notification letters for Audi owners were mailed on July 25, 2024.  Final owner letters for VW owners were mailed on August 13, 2024.  Owners may contact Volkswagen customer service at 1-800-893-5298 or Audi customer service at 1-800-253-2834.  Volkswagen's numbers for this recall are VW: 20UF/Audi: 20YF.  Vehicles that were previously recalled under 16V-647 will need to have the new remedy completed.  This recall expands and replaces previous recall number 16V-647."", 'Notes': 'Owners may also contact the National Highway Traffic Safety Administration Vehicle Safety Hotline at 1-888-327-4236 (TTY 1-800-424-9153), or go to www.nhtsa.gov.', 'ModelYear': '2020', 'Make': 'VOLKSWAGEN', 'Model': 'GOLF'}]",,,,,,,,,,,,,,,,,,,,,,,,,,,,,,,,,,,,,,,,,,,,,,,,
nhtsa_api,2026-04-10 11:17:46.185,1.0,raw_recalls,Volkswagen,Passat,2020.0,"[{'Manufacturer': 'Volkswagen Group of America, Inc.', 'NHTSACampaignNumber': '19V389000', 'parkIt': False, 'parkOutSide': False, 'overTheAirUpdate': False, 'ReportReceivedDate': '22/05/2019', 'Component': 'EXTERIOR LIGHTING:HEADLIGHTS', 'Summary': 'Volkswagen Group of America, Inc. (Volkswagen) is recalling certain 2012-2020 Volkswagen Passat and 2018-2019 Atlas vehicles.  The blocking cap disabling the adjustment of the headlight\'s horizontal aim may not have been installed.  As such, these vehicles fail to conform to Federal Motor Vehicle Safety Standard (FMVSS) number 108, ""Lamps, Reflective Devices, and Associated Equipment.""', 'Consequence': 'Without the blocking cap, the headlight aim can be adjusted out of specification, reducing visibility and increasing the risk of a crash.', 'Remedy': ""Volkswagen will notify owners, and dealers will inspect and, as necessary, block the headlight horizontal adjustment, free of charge.  The recall began July 16, 2019.  Owners may contact Volkswagen customer service at 1-800-253-2834.  Volkswagen's number for this recall is 94L9."", 'Notes': 'Owners may also contact the National Highway Traffic Safety Administration Vehicle Safety Hotline at 1-888-327-4236 (TTY 1-800-424-9153), or go to www.safercar.gov.', 'ModelYear': '2020', 'Make': 'VOLKSWAGEN', 'Model': 'PASSAT'}, {'Manufacturer': 'Volkswagen Group of America, Inc.', 'NHTSACampaignNumber': '19V218000', 'parkIt': False, 'parkOutSide': False, 'overTheAirUpdate': False, 'ReportReceivedDate': '20/03/2019', 'Component': 'AIR BAGS:SIDE/WINDOW', 'Summary': 'Volkswagen Group of America, Inc. (Volkswagen) is recalling certain 2019 Atlas and 2020 Passat vehicles.  An incorrect driver and/or front passenger side impact air bag may have been installed.', 'Consequence': 'In an event of a side impact crash, an incorrect side airbag may not deploy as intended, increasing the risk of injury.', 'Remedy': ""Volkswagen has inspected and replaced the side air bags, free of charge.  The recall was completed in April 2019.  Owners may contact Volkswagen customer service at 1-800-893-5298.  Volkswagen's number for this recall is 69Y8."", 'Notes': 'Owners may also contact the National Highway Traffic Safety Administration Vehicle Safety Hotline at 1-888-327-4236 (TTY 1-800-424-9153), or go to www.safercar.gov.', 'ModelYear': '2020', 'Make': 'VOLKSWAGEN', 'Model': 'PASSAT'}, {'Manufacturer': 'Volkswagen Group of America, Inc.', 'NHTSACampaignNumber': '20V533000', 'parkIt': False, 'parkOutSide': False, 'overTheAirUpdate': False, 'ReportReceivedDate': '02/09/2020', 'Component': 'AIR BAGS:PASSENGER SIDE FRONTAL:CUSHION', 'Summary': 'Volkswagen Group of America, Inc. (Volkswagen) is recalling certain 2020 Passat vehicles.  The passenger frontal air bag may have been folded incorrectly affecting its deployment force.  As such, these vehicles fail to comply with the requirements of Federal Motor Vehicle Safety Standard number 208, ""Occupant Crash Protection.""', 'Consequence': 'An incorrectly folded air bag can deploy with too much force, increasing the risk of injury.', 'Remedy': ""Volkswagen will notify owners, and dealers will replace the passenger frontal air bag, free of charge.  The recall began October 14, 2020.  Owners may contact Volkswagen customer service at 1-888-241-2289.  Volkswagen's number for this recall is 69AY."", 'Notes': 'Owners may also contact the National Highway Traffic Safety Administration Vehicle Safety Hotline at 1-888-327-4236 (TTY 1-800-424-9153), or go to www.safercar.gov.', 'ModelYear': '2020', 'Make': 'VOLKSWAGEN', 'Model': 'PASSAT'}]",,,,,,,,,,,,,,,,,,,,,,,,,,,,,,,,,,,,,,,,,,,,,,,,
pdf_extraction,2026-04-10 11:17:46.225,1.0,raw_recalls,,,,,automotive_report_twocolumn.pdf,pdf,/Users/elmedin.karisiksystemverification.com/Documents/private/Automotive-Industry-Tracker/data/raw/pdf/automotive_report_twocolumn.pdf,2026-04-10T11:17:46.194102,pdfplumber,"[{'page_number': 1, 'text': 'Automotive Two-Column Report\nAudi A4 Recalls Volkswagen Golf Recalls\nThe Audi A4 2020 had 3 recalls related to airbag, The Volkswagen Golf 2020 had 2 recalls related to\nbrake, and engine issues reported to NHTSA. electrical systems and fuel systems.\nComponent Recall Details (with borders)\nComponent Issue Affected Units\nAirbag Inflator rupture 15,000\nBrakes Brake fluid leak 8,200\nEngine Oil pressure loss 5,100\nComponent Recall Details (without borders)\nComponent Issue Affected Units\nAirbag Inflator rupture 15,000\nBrakes Brake fluid leak 8,200\nEngine Oil pressure loss 5,100', 'tables': [[['Component', 'Issue', 'Affected Units'], ['Airbag', 'Inflator rupture', '15,000'], ['Brakes', 'Brake fluid leak', '8,200'], ['Engine', 'Oil pressure loss', '5,100']]]}]",,,,,,,,,,,,,,,,,,,,,,,,,,,,,,,,,,,,,,,,,,
pdf_extraction,2026-04-10 11:17:46.249,1.0,raw_recalls,,,,,automotive_report_normal.pdf,pdf,/Users/elmedin.karisiksystemverification.com/Documents/private/Automotive-Industry-Tracker/data/raw/pdf/automotive_report_normal.pdf,2026-04-10T11:17:46.228810,pdfplumber,"[{'page_number': 1, 'text': 'Automotive Industry Recall Report 2020\nIntroduction\nThis report provides an overview of vehicle recalls issued in 2020 for major automotive brands including\nAudi, Volkswagen, and Skoda. Data sourced from NHTSA.\nRecall Summary Table (with borders)\nMake Model Year Recalls\nAudi A4 2020 3\nVolkswagen Golf 2020 2\nVolkswagen Passat 2020 3\nRecall Summary Table (without borders)\nMake Model Year Recalls\nAudi A4 2020 3\nVolkswagen Golf 2020 2\nVolkswagen Passat 2020 3', 'tables': [[['Make', 'Model', 'Year', 'Recalls'], ['Audi', 'A4', '2020', '3'], ['Volkswagen', 'Golf', '2020', '2'], ['Volkswagen', 'Passat', '2020', '3']]]}]",,,,,,,,,,,,,,,,,,,,,,,,,,,,,,,,,,,,,,,,,,
word_extraction,2026-04-10 11:17:46.454,1.0,raw_recalls,,,,,automotive_report.docx,word,/Users/elmedin.karisiksystemverification.com/Documents/private/Automotive-Industry-Tracker/data/raw/word/automotive_report.docx,2026-04-10T11:17:46.252410,python-docx,,"[{'style': 'Title', 'text': 'Automotive Industry Recall Report 2020'}, {'style': 'Normal', 'text': 'This report provides an overview of vehicle recalls issued in 2020. Data sourced from NHTSA database covering major VW Group vehicles.'}, {'style': 'Heading 1', 'text': 'Recall Overview'}, {'style': 'Normal', 'text': 'In 2020, several VW Group vehicles were subject to safety recalls. The recalls covered issues ranging from airbag defects to engine problems.'}, {'style': 'Heading 2', 'text': 'Table with Borders'}, {'style': 'Heading 2', 'text': 'Table without Borders'}, {'style': 'Heading 1', 'text': 'Two-Column Section'}, {'style': 'Normal', 'text': 'Left Column: Audi A4 had 3 recalls in 2020 including airbag and brake issues.'}, {'style': 'Normal', 'text': 'Right Column: Volkswagen Golf had 2 recalls related to electrical systems.'}]","[{'table_index': 0, 'data': [['Make', 'Model', 'Year', 'Recalls'], ['Audi', 'A4', '2020', '3'], ['Volkswagen', 'Golf', '2020', '2'], ['Volkswagen', 'Passat', '2020', '3']]}, {'table_index': 1, 'data': [['Make', 'Model', 'Year', 'Recalls'], ['Audi', 'A4', '2020', '3'], ['Volkswagen', 'Golf', '2020', '2'], ['Volkswagen', 'Passat', '2020', '3']]}]",,,,,,,,,,,,,,,,,,,,,,,,,,,,,,,,,,,,,,,,
excel_extraction,2026-04-10 11:17:46.494,1.0,raw_recalls,,,,,automotive_data.xlsx,excel,/Users/elmedin.karisiksystemverification.com/Documents/private/Automotive-Industry-Tracker/data/raw/excel/automotive_data.xlsx,2026-04-10T11:17:46.459761,openpyxl,,,,"[{'sheet_name': 'Recall Summary', 'rows': [['Make', 'Model', 'Year', 'Recall Count', 'Affected Units', 'Total Cost (USD)'], ['Audi', 'A4', '2020', '3', '15000', '2500000'], ['Volkswagen', 'Golf', '2020', '2', '8200', '1200000'], ['Volkswagen', 'Passat', '2020', '3', '5100', '980000'], ['TOTAL', '', '', '=SUM(D2:D4)', '=SUM(E2:E4)', '=SUM(F2:F4)']]}, {'sheet_name': 'Component Details', 'rows': [['Component', 'Issue', 'Make', 'Model', 'Affected Units'], ['Airbag', 'Inflator rupture', 'Audi', 'A4', '15000'], ['Brakes', 'Brake fluid leak', 'Volkswagen', 'Golf', '8200'], ['Engine', 'Oil pressure loss', 'Volkswagen', 'Passat', '5100']]}]",,,,,,,,,,,,,,,,,,,,,,,,,,,,,,,,,,,,,,,
web_scraping,2026-04-10 11:17:46.507,1.0,raw_recalls,,,,,,,local_html/page_1.html,,,,,,,2026-04-10T11:17:46.502656,,,,Audi A4 2020,"Luxury sedan with 2.0L TFSI engine, 190hp. Known for premium interior and advanced driver assistance.","$39,900",/cars/audi-a4-2020,1.0,,,,,,,,,,,,,,,,,,,,,,,,,,,,,,
web_scraping,2026-04-10 11:17:46.513,1.0,raw_recalls,,,,,,,local_html/page_1.html,,,,,,,2026-04-10T11:17:46.502813,,,,Audi A4 2019,Previous generation A4 with quattro all-wheel drive. Excellent safety ratings from NHTSA.,"$36,500",/cars/audi-a4-2019,1.0,,,,,,,,,,,,,,,,,,,,,,,,,,,,,,
web_scraping,2026-04-10 11:17:46.517,1.0,raw_recalls,,,,,,,local_html/page_1.html,,,,,,,2026-04-10T11:17:46.502941,,,,Audi A4 2018,Reliable executive sedan. NHTSA recall issued for airbag inflator replacement.,"$33,200",/cars/audi-a4-2018,1.0,,,,,,,,,,,,,,,,,,,,,,,,,,,,,,
web_scraping,2026-04-10 11:17:46.521,1.0,raw_recalls,,,,,,,local_html/page_2.html,,,,,,,2026-04-10T11:17:46.503671,,,,Volkswagen Golf 2020,Compact hatchback with 1.4L TSI engine. Popular choice in European markets.,"$23,195",/cars/volkswagen-golf-2020,2.0,,,,,,,,,,,,,,,,,,,,,,,,,,,,,,
web_scraping,2026-04-10 11:17:46.524,1.0,raw_recalls,,,,,,,local_html/page_2.html,,,,,,,2026-04-10T11:17:46.503799,,,,Volkswagen Golf 2019,"Award-winning hatchback. NHTSA recall for brake system defect affecting 8,200 units.","$21,500",/cars/volkswagen-golf-2019,2.0,,,,,,,,,,,,,,,,,,,,,,,,,,,,,,
web_scraping,2026-04-10 11:17:46.529,1.0,raw_recalls,,,,,,,local_html/page_2.html,,,,,,,2026-04-10T11:17:46.503920,,,,Volkswagen Golf GTI 2020,Performance variant with 228hp turbocharged engine and sport suspension.,"$29,995",/cars/volkswagen-golf-gti-2020,2.0,,,,,,,,,,,,,,,,,,,,,,,,,,,,,,
web_scraping,2026-04-10 11:17:46.535,1.0,raw_recalls,,,,,,,local_html/page_3.html,,,,,,,2026-04-10T11:17:46.504647,,,,Volkswagen Passat 2020,Midsize sedan with spacious interior. NHTSA recall for fuel pump defect.,"$24,990",/cars/volkswagen-passat-2020,3.0,,,,,,,,,,,,,,,,,,,,,,,,,,,,,,
web_scraping,2026-04-10 11:17:46.539,1.0,raw_recalls,,,,,,,local_html/page_3.html,,,,,,,2026-04-10T11:17:46.504773,,,,Volkswagen Passat 2019,Business-class sedan with advanced connectivity features and comfort.,"$22,800",/cars/volkswagen-passat-2019,3.0,,,,,,,,,,,,,,,,,,,,,,,,,,,,,,
web_scraping,2026-04-10 11:17:46.543,1.0,raw_recalls,,,,,,,local_html/page_3.html,,,,,,,2026-04-10T11:17:46.504954,,,,Skoda Octavia 2020,Czech-made sedan offering exceptional value. Part of VW Group platform.,"$19,990",/cars/skoda-octavia-2020,3.0,,,,,,,,,,,,,,,,,,,,,,,,,,,,,,
dynamic_scraping,2026-04-10 11:17:48.199,1.0,raw_recalls,Audi,A4,2020.0,"[{'Manufacturer': 'Volkswagen Group of America, Inc.', 'NHTSACampaignNumber': '22V034000', 'parkIt': False, 'parkOutSide': False, 'overTheAirUpdate': False, 'ReportReceivedDate': '26/01/2022', 'Component': 'TIRES', 'Summary': 'Volkswagen Group of America, Inc. (Audi) is recalling certain 2019-2021 Audi A5 Sportback, RS5 Coupe, RS5 Sportback, S5 Sportback, 2020-2021 A4 Allroad, A4 Sedan, A5 Cabriolet, A5 Coupe, A6 Allroad, A6 Sedan, A7, A8, Q5, S4 Sedan, S5 Coupe, S5 Cabriolet, S6 Sedan, S7, S8, SQ5, 2021 Q5 Sportback, Q7, Q8, RS6 Avant, RS7, RSQ8, SQ5 Sportback, SQ7, and SQ8 vehicles.  The rear axle alignment may not have been inspected after the repairs for Recall 21V-295 (42L1) were performed.', 'Consequence': 'Rear axle misalignment may cause premature or uneven tire wear, increasing the risk of a crash.', 'Remedy': ""Dealers will inspect the rear axle, adjust the alignment as necessary, and replace any prematurely or unevenly worn tires, free of charge.  Owner notification letters were mailed March 3, 2022.  Owners may contact Audi customer service at 1-800-253-2834.  Audi's number for this recall is 42L5."", 'Notes': 'Owners may also contact the National Highway Traffic Safety Administration Vehicle Safety Hotline at 1-888-327-4236 (TTY 1-800-424-9153), or go to www.nhtsa.gov.', 'ModelYear': '2020', 'Make': 'AUDI', 'Model': 'A4'}, {'Manufacturer': 'Volkswagen Group of America, Inc.', 'NHTSACampaignNumber': '21V295000', 'parkIt': False, 'parkOutSide': False, 'overTheAirUpdate': False, 'ReportReceivedDate': '26/04/2021', 'Component': 'SUSPENSION:REAR:AXLE:NON-POWERED AXLE ASSEMBLY', 'Summary': 'Volkswagen Group of America, Inc. (Audi) is recalling certain 2021 Q7, Q8, Q5 Sportback, SQ5 Sportback, RS6 Avant, RS7, RS Q8, 2020-2021 Audi S6 sedan, Q5, A8, S8, A7, A6 Allroad, A5 Cabriolet, A4 sedan, A4 Allroad, SQ5, S7, A6 sedan, S5 coupe, S4 sedan, S5 Cabriolet, A5 coupe, 2019-2021 RS5 coupe, A5 Sportback, S5 Sportback, RS5 Sportback vehicles.  The lock nut on the trailing arm of the rear axle may break due to stress corrosion.', 'Consequence': 'A broken lock nut may misalign the rear axle, causing a loss of control and increasing the risk of a crash.', 'Remedy': ""Dealers will replace the lock nuts and, if necessary, the associated bolts, free of charge.  Owner notification letters were mailed June 4, 2021.  Owners may contact Audi customer service at 1-800-253-2834.  Audi's number for this recall is 42L1."", 'Notes': 'Owners may also contact the National Highway Traffic Safety Administration Vehicle Safety Hotline at 1-888-327-4236 (TTY 1-800-424-9153), or go to www.safercar.gov.', 'ModelYear': '2020', 'Make': 'AUDI', 'Model': 'A4'}, {'Manufacturer': 'Volkswagen Group of America, Inc.', 'NHTSACampaignNumber': '21V874000', 'parkIt': False, 'parkOutSide': False, 'overTheAirUpdate': False, 'ReportReceivedDate': '10/11/2021', 'Component': 'SEATS', 'Summary': 'Volkswagen Group of America, Inc. (Audi) is recalling certain 2017-2020 A4 Allroad, A4 Sedan, 2018-2019 RS5 Coupe, 2019 RS5 Sportback, 2018-2020 A5 Cabriolet, A5 Coupe, A5 Sportback, S4 Sedan, S5 Cabriolet, S5 Coupe, and Audi S5 Sportback vehicles.  The cable connecting the seat heater to the Passenger Occupant Detection System (PODS) may have a contact fault, causing the software to misdiagnose a malfunction and disable the passenger air bag.', 'Consequence': 'A disabled passenger air bag increases the risk of injury in the event of a crash.', 'Remedy': ""Dealers will replace the connecting cable and either the heating mat or entire seat cover, free of charge.  Owner notification letters were mailed January 7, 2022.  Owners may contact Audi customer service at 1-800-253-2834.  Audi's number for this recall is 74E3.  This recall is an expansion of Recall 19V-547 (74D9).  Vehicles previously repaired under 19V-547 will need to return for the new remedy."", 'Notes': 'Owners may also contact the National Highway Traffic Safety Administration Vehicle Safety Hotline at 1-888-327-4236 (TTY 1-800-424-9153), or go to www.nhtsa.gov.', 'ModelYear': '2020', 'Make': 'AUDI', 'Model': 'A4'}]",,,https://api.nhtsa.gov/recalls/recallsByVehicle?make=Audi&model=A4&modelYear=2020,,,,,,,2026-04-10T11:17:48.189459,json_api,,,,,,,,,,,,,,,,,,,,,,,,,,,,,,,,,,,,,
dynamic_scraping,2026-04-10 11:17:49.881,1.0,raw_recalls,Volkswagen,Golf,2020.0,"[{'Manufacturer': 'Volkswagen Group of America, Inc.', 'NHTSACampaignNumber': '22V815000', 'parkIt': False, 'parkOutSide': False, 'overTheAirUpdate': False, 'ReportReceivedDate': '31/10/2022', 'Component': 'TIRES:PRESSURE MONITORING AND REGULATING SYSTEMS', 'Summary': 'Volkswagen Group of America, Inc. (Volkswagen) is recalling certain 2019 Volkswagen Tiguan LWB, Golf Sportswagen A7, Golf Alltrack, Golf R GP, Audi Q3, Audi A3 Cabriolet, 2019-2020 Jetta NF, Jetta GLI, Golf GTI, Atlas, Golf A7, Audi A3, 2020-2021 Atlas Cross Sport, and 2021 Atlas FL vehicles.  The tire pressure monitoring system may not detect an air pressure loss in adequate time when deflating occurs among all four tires simultaneously.  As such, these vehicles fail to comply with the requirements of Federal Motor Vehicle Safety Standard number 138, ""Tire Pressure Monitoring Systems.""', 'Consequence': 'An undetected sudden loss of pressure in all four tires increases the risk of a crash.', 'Remedy': ""Dealers will update the TPMS software, free of charge.  Owner notification letters were mailed November 18, 2022.  Owners may contact Volkswagen's customer service at 1-800-893-5298 or Audi\x92s customer service at 1-800-253-2834.  Volkswagen's numbers for this recall are (Audi) 45J7, and (VW) 45J6 and 45J8."", 'Notes': 'Owners may also contact the National Highway Traffic Safety Administration Vehicle Safety Hotline at 1-888-327-4236 (TTY 1-800-424-9153), or go to www.safercar.gov.', 'ModelYear': '2020', 'Make': 'VOLKSWAGEN', 'Model': 'GOLF'}, {'Manufacturer': 'Volkswagen Group of America, Inc.', 'NHTSACampaignNumber': '24V110000', 'parkIt': False, 'parkOutSide': False, 'overTheAirUpdate': False, 'NHTSAActionNumber': 'RQ23007', 'ReportReceivedDate': '14/02/2024', 'Component': 'FUEL SYSTEM, GASOLINE', 'Summary': 'Volkswagen Group of America, Inc. (Volkswagen) is recalling certain front-wheel drive 2015-2020 Audi A3 Sedan, 2015-2019 Audi A3 Cabriolet, 2019-2020 Volkswagen Jetta GLI, 2018 Golf Sportwagen GP, 2018-2019 Golf Sportwagen A7, 2015-2017 Golf Sportwagen, 2015-2020 Golf GTI, and 2015-2020 Golf A7 vehicles.  Due to a problem with a suction jet pump seal inside the fuel tank, fuel may flow into the evaporative emissions (EVAP) system and possibly leak out of the charcoal canister.', 'Consequence': 'A fuel leak in the presence of an ignition source increases the risk of a fire.', 'Remedy': ""Dealers will replace the suction pump, free of charge.  Final owner notification letters for Audi owners were mailed on July 25, 2024.  Final owner letters for VW owners were mailed on August 13, 2024.  Owners may contact Volkswagen customer service at 1-800-893-5298 or Audi customer service at 1-800-253-2834.  Volkswagen's numbers for this recall are VW: 20UF/Audi: 20YF.  Vehicles that were previously recalled under 16V-647 will need to have the new remedy completed.  This recall expands and replaces previous recall number 16V-647."", 'Notes': 'Owners may also contact the National Highway Traffic Safety Administration Vehicle Safety Hotline at 1-888-327-4236 (TTY 1-800-424-9153), or go to www.nhtsa.gov.', 'ModelYear': '2020', 'Make': 'VOLKSWAGEN', 'Model': 'GOLF'}]",,,https://api.nhtsa.gov/recalls/recallsByVehicle?make=Volkswagen&model=Golf&modelYear=2020,,,,,,,2026-04-10T11:17:49.878892,json_api,,,,,,,,,,,,,,,,,,,,,,,,,,,,,,,,,,,,,
dynamic_scraping,2026-04-10 11:17:51.630,1.0,raw_recalls,Volkswagen,Passat,2020.0,"[{'Manufacturer': 'Volkswagen Group of America, Inc.', 'NHTSACampaignNumber': '19V389000', 'parkIt': False, 'parkOutSide': False, 'overTheAirUpdate': False, 'ReportReceivedDate': '22/05/2019', 'Component': 'EXTERIOR LIGHTING:HEADLIGHTS', 'Summary': 'Volkswagen Group of America, Inc. (Volkswagen) is recalling certain 2012-2020 Volkswagen Passat and 2018-2019 Atlas vehicles.  The blocking cap disabling the adjustment of the headlight\'s horizontal aim may not have been installed.  As such, these vehicles fail to conform to Federal Motor Vehicle Safety Standard (FMVSS) number 108, ""Lamps, Reflective Devices, and Associated Equipment.""', 'Consequence': 'Without the blocking cap, the headlight aim can be adjusted out of specification, reducing visibility and increasing the risk of a crash.', 'Remedy': ""Volkswagen will notify owners, and dealers will inspect and, as necessary, block the headlight horizontal adjustment, free of charge.  The recall began July 16, 2019.  Owners may contact Volkswagen customer service at 1-800-253-2834.  Volkswagen's number for this recall is 94L9."", 'Notes': 'Owners may also contact the National Highway Traffic Safety Administration Vehicle Safety Hotline at 1-888-327-4236 (TTY 1-800-424-9153), or go to www.safercar.gov.', 'ModelYear': '2020', 'Make': 'VOLKSWAGEN', 'Model': 'PASSAT'}, {'Manufacturer': 'Volkswagen Group of America, Inc.', 'NHTSACampaignNumber': '19V218000', 'parkIt': False, 'parkOutSide': False, 'overTheAirUpdate': False, 'ReportReceivedDate': '20/03/2019', 'Component': 'AIR BAGS:SIDE/WINDOW', 'Summary': 'Volkswagen Group of America, Inc. (Volkswagen) is recalling certain 2019 Atlas and 2020 Passat vehicles.  An incorrect driver and/or front passenger side impact air bag may have been installed.', 'Consequence': 'In an event of a side impact crash, an incorrect side airbag may not deploy as intended, increasing the risk of injury.', 'Remedy': ""Volkswagen has inspected and replaced the side air bags, free of charge.  The recall was completed in April 2019.  Owners may contact Volkswagen customer service at 1-800-893-5298.  Volkswagen's number for this recall is 69Y8."", 'Notes': 'Owners may also contact the National Highway Traffic Safety Administration Vehicle Safety Hotline at 1-888-327-4236 (TTY 1-800-424-9153), or go to www.safercar.gov.', 'ModelYear': '2020', 'Make': 'VOLKSWAGEN', 'Model': 'PASSAT'}, {'Manufacturer': 'Volkswagen Group of America, Inc.', 'NHTSACampaignNumber': '20V533000', 'parkIt': False, 'parkOutSide': False, 'overTheAirUpdate': False, 'ReportReceivedDate': '02/09/2020', 'Component': 'AIR BAGS:PASSENGER SIDE FRONTAL:CUSHION', 'Summary': 'Volkswagen Group of America, Inc. (Volkswagen) is recalling certain 2020 Passat vehicles.  The passenger frontal air bag may have been folded incorrectly affecting its deployment force.  As such, these vehicles fail to comply with the requirements of Federal Motor Vehicle Safety Standard number 208, ""Occupant Crash Protection.""', 'Consequence': 'An incorrectly folded air bag can deploy with too much force, increasing the risk of injury.', 'Remedy': ""Volkswagen will notify owners, and dealers will replace the passenger frontal air bag, free of charge.  The recall began October 14, 2020.  Owners may contact Volkswagen customer service at 1-888-241-2289.  Volkswagen's number for this recall is 69AY."", 'Notes': 'Owners may also contact the National Highway Traffic Safety Administration Vehicle Safety Hotline at 1-888-327-4236 (TTY 1-800-424-9153), or go to www.safercar.gov.', 'ModelYear': '2020', 'Make': 'VOLKSWAGEN', 'Model': 'PASSAT'}]",,,https://api.nhtsa.gov/recalls/recallsByVehicle?make=Volkswagen&model=Passat&modelYear=2020,,,,,,,2026-04-10T11:17:51.628217,json_api,,,,,,,,,,,,,,,,,,,,,,,,,,,,,,,,,,,,,
selenium_scraping,2026-04-10 11:17:55.813,1.0,raw_recalls,,,,,,,https://www.wikipedia.org/wiki/Audi,,,,,,,2026-04-10T11:17:55.729806,selenium,,,Audi - Wikipedia,,,,,"Audi AG[a] is a German automotive manufacturer of luxury vehicles headquartered in Ingolstadt, Bavaria, Germany. A wholly owned subsidiary of the Volkswagen Group, Audi produces vehicles in nine production facilities worldwide. The origins of the company are complex, dating back to the early 20th century and the initial enterprises (Horch and the Audiwerke) founded by engineer August Horch. Two other manufacturers (DKW and Wanderer) also contributed to the foundation of Auto Union in 1932. The modern Audi era began in the 1960s, when Auto Union was acquired by Volkswagen from Daimler-Benz.[7] Volkswagen relaunched the Audi brand with the 1965 introduction of the Audi F103 series, and merged Auto Union with NSU Motorenwerke in 1969, thus creating the present-day form of the company.",,,,,,,,,,,,,,,,,,,,,,,,,,,,,
ocr_image,2026-04-10 11:17:56.081,1.0,raw_recalls,,,,,audi_a4.jpg,image_ocr,/Users/elmedin.karisiksystemverification.com/Documents/private/Automotive-Industry-Tracker/data/raw/images/audi_a4.jpg,2026-04-10T11:17:56.077621,pytesseract,,,,,,,,"i mH I ui Le

",,,,,,,,,,,,,,,,,,,,,,,,,,,,,,,,,,,
ocr_image,2026-04-10 11:17:56.295,1.0,raw_recalls,,,,,volkswagen_golf.jpg,image_ocr,/Users/elmedin.karisiksystemverification.com/Documents/private/Automotive-Industry-Tracker/data/raw/images/volkswagen_golf.jpg,2026-04-10T11:17:56.293857,pytesseract,,,,,,,,,,,,,,,,,,,,,,,,,,,,,,,,,,,,,,,,,,,
ocr_image,2026-04-10 11:17:56.514,1.0,raw_recalls,,,,,volkswagen_id4.jpg,image_ocr,/Users/elmedin.karisiksystemverification.com/Documents/private/Automotive-Industry-Tracker/data/raw/images/volkswagen_id4.jpg,2026-04-10T11:17:56.513711,pytesseract,,,,,,,,,,,,,,,,,,,,,,,,,,,,,,,,,,,,,,,,,,,
ocr_image,2026-04-10 11:17:57.676,1.0,raw_recalls,,,,,test_scan.png,image_ocr,/Users/elmedin.karisiksystemverification.com/Documents/private/Automotive-Industry-Tracker/data/raw/images/test_scan.png,2026-04-10T11:17:57.675574,pytesseract,,,,,,,"The 2022 Audi RS6 Avant is a high-performance wagon that combines supercar power with everyday practicality. Under the hood, it boasts a 4.0-liter twin-turbocharged V8 engine
producing 591 horsepower and 590 Ib-ft of torque, enabling a 0-60 mph time of just 3.5 seconds. Equipped with Audi's Quattro all-wheel-drive system, adaptive air suspension, and dynamic
Steering, the RS6 delivers exceptional handling and comfort. Its aggressive design features wide fenders, a black honeycomb grille, and large oval exhaust tips, giving it a commanding
Toad presence, With a luxurious, tech-filled interior and ample cargo space, the RSG Avant is the ultimate blend of performance, luxury, and practicality.

Engine: 4.01 V8 Top speed: 190mph
Power: 591bhp 0-60: 31sec
Torque: 799nm Year: 2022
Weight: 2,282kg Country: German
","Cnnr RS6

The 2022 Audi RSG Avant is a high-performance wagon that combines supercar power with everyday practicality. Under the hood, it boasts a 4.0-liter twin-turbocharged V8 engine
producing 591 horsepower and 590 Ib-ft of torque, enabling a 0-60 mph time of just 3.5 seconds. Equipped with Audi's Quattro all-wheel-drive system, adaptive air suspension, and dynamic
steering, the RSG delivers exceptional handling and comfort. Its aggressive design features wide fenders, a black honeycomb grille, and large oval exhaust tips, giving it a commanding
road presence, With a luxurious, tech-filled interior and ample cargo space, the RS6 Avant is the ultimate blend of performance, luxury, and practicality.

Engine: 4.01 V8 Top speed: 190mph
Power: 591bhp 0-60: 31sec
Torque: 799nm Year: 2022
Weight: 2,282kg Country: German

",,,,,,,,,,,,,,,,,,,,,,,,,,,,,,,,,,,
ocr_image,2026-04-10 11:17:57.905,1.0,raw_recalls,,,,,volkswagen_passat.jpg,image_ocr,/Users/elmedin.karisiksystemverification.com/Documents/private/Automotive-Industry-Tracker/data/raw/images/volkswagen_passat.jpg,2026-04-10T11:17:57.904653,pytesseract,,,,,,,,"| it i i

",,,,,,,,,,,,,,,,,,,,,,,,,,,,,,,,,,,
ocr_scanned_pdf,2026-04-10 11:17:58.391,1.0,raw_recalls,,,,,scanned_report.pdf,scanned_pdf_ocr,/Users/elmedin.karisiksystemverification.com/Documents/private/Automotive-Industry-Tracker/data/raw/scanned/scanned_report.pdf,2026-04-10T11:17:58.390785,pytesseract+pdf2image,"[{'page_number': 1, 'text': 'Automotive Industry Recall Report 2020\n\nIntroduction\n\nThis report provides an overview of vehicle recalls issued in 2020 for major automotive brands including\nAudi, Volkswagen, and Skoda. Data sourced from NHTSA.\n\nRecall Summary Table (with borders)\n\nMake Model | Year | Recalls\n\nRecall Summary Table (without borders)\nMake Model Year Recalls\nAudi A4 2020 3\nVolkswagen Golf 2020 2\nVolkswagen Passat 2020 3\n\n'}]",,,,,,,,,,,,,,,,,,,,,,,,,,,,,,,,,,,,,,,,,,
image_processing,2026-04-10 11:17:58.905,1.0,raw_recalls,,,,,audi_a4.jpg,,vehicle_image,,,,,,,,automotive,,,,,,,,,/Users/elmedin.karisiksystemverification.com/Documents/private/Automotive-Industry-Tracker/data/raw/images/audi_a4.jpg,/Users/elmedin.karisiksystemverification.com/Documents/private/Automotive-Industry-Tracker/data/processed/resized/audi_a4_resized.jpg,/Users/elmedin.karisiksystemverification.com/Documents/private/Automotive-Industry-Tracker/data/processed/thumbnails/audi_a4_thumb.jpg,/Users/elmedin.karisiksystemverification.com/Documents/private/Automotive-Industry-Tracker/data/processed/webp/audi_a4.webp,JPEG,RGB,960.0,500.0,157.31,audi_a4.jpg,Unknown,Unknown,Unknown,Unknown,Unknown,Unknown,Unknown,Unknown,No GPS data,2026-04-10T11:17:58.901874,2026-04-10T11:17:58.901923,,,,,,,,
image_processing,2026-04-10 11:17:59.034,1.0,raw_recalls,,,,,volkswagen_golf.jpg,,vehicle_image,,,,,,,,automotive,,,,,,,,,/Users/elmedin.karisiksystemverification.com/Documents/private/Automotive-Industry-Tracker/data/raw/images/volkswagen_golf.jpg,/Users/elmedin.karisiksystemverification.com/Documents/private/Automotive-Industry-Tracker/data/processed/resized/volkswagen_golf_resized.jpg,/Users/elmedin.karisiksystemverification.com/Documents/private/Automotive-Industry-Tracker/data/processed/thumbnails/volkswagen_golf_thumb.jpg,/Users/elmedin.karisiksystemverification.com/Documents/private/Automotive-Industry-Tracker/data/processed/webp/volkswagen_golf.webp,JPEG,RGB,960.0,490.0,121.7,volkswagen_golf.jpg,Unknown,Unknown,Unknown,Unknown,Unknown,Unknown,Unknown,Unknown,No GPS data,2026-04-10T11:17:59.033456,2026-04-10T11:17:59.033503,,,,,,,,
image_processing,2026-04-10 11:17:59.181,1.0,raw_recalls,,,,,volkswagen_id4.jpg,,vehicle_image,,,,,,,,automotive,,,,,,,,,/Users/elmedin.karisiksystemverification.com/Documents/private/Automotive-Industry-Tracker/data/raw/images/volkswagen_id4.jpg,/Users/elmedin.karisiksystemverification.com/Documents/private/Automotive-Industry-Tracker/data/processed/resized/volkswagen_id4_resized.jpg,/Users/elmedin.karisiksystemverification.com/Documents/private/Automotive-Industry-Tracker/data/processed/thumbnails/volkswagen_id4_thumb.jpg,/Users/elmedin.karisiksystemverification.com/Documents/private/Automotive-Industry-Tracker/data/processed/webp/volkswagen_id4.webp,JPEG,RGB,960.0,533.0,131.99,volkswagen_id4.jpg,Unknown,Unknown,Unknown,Unknown,Unknown,Unknown,Unknown,Unknown,No GPS data,2026-04-10T11:17:59.180313,2026-04-10T11:17:59.180355,,,,,,,,
image_processing,2026-04-10 11:18:00.618,1.0,raw_recalls,,,,,test_scan.png,,vehicle_image,,,,,,,,automotive,,,,,,,,,/Users/elmedin.karisiksystemverification.com/Documents/private/Automotive-Industry-Tracker/data/raw/images/test_scan.png,/Users/elmedin.karisiksystemverification.com/Documents/private/Automotive-Industry-Tracker/data/processed/resized/test_scan_resized.png,/Users/elmedin.karisiksystemverification.com/Documents/private/Automotive-Industry-Tracker/data/processed/thumbnails/test_scan_thumb.png,/Users/elmedin.karisiksystemverification.com/Documents/private/Automotive-Industry-Tracker/data/processed/webp/test_scan.webp,WEBP,RGBA,1946.0,1946.0,117.6,test_scan.png,Unknown,Unknown,Unknown,Unknown,Unknown,Unknown,Unknown,1,No GPS data,2026-04-10T11:18:00.618185,2026-04-10T11:18:00.618223,,,,,,,,
image_processing,2026-04-10 11:18:00.758,1.0,raw_recalls,,,,,volkswagen_passat.jpg,,vehicle_image,,,,,,,,automotive,,,,,,,,,/Users/elmedin.karisiksystemverification.com/Documents/private/Automotive-Industry-Tracker/data/raw/images/volkswagen_passat.jpg,/Users/elmedin.karisiksystemverification.com/Documents/private/Automotive-Industry-Tracker/data/processed/resized/volkswagen_passat_resized.jpg,/Users/elmedin.karisiksystemverification.com/Documents/private/Automotive-Industry-Tracker/data/processed/thumbnails/volkswagen_passat_thumb.jpg,/Users/elmedin.karisiksystemverification.com/Documents/private/Automotive-Industry-Tracker/data/processed/webp/volkswagen_passat.webp,JPEG,RGB,960.0,484.0,146.75,volkswagen_passat.jpg,Unknown,Unknown,Unknown,Unknown,Unknown,Unknown,Unknown,Unknown,No GPS data,2026-04-10T11:18:00.757912,2026-04-10T11:18:00.757972,,,,,,,,
word_extraction,2026-04-10 11:22:11.719,1.0,raw_recalls,,,,,automotive_report.docx,word,/Users/elmedin.karisiksystemverification.com/Documents/private/Automotive-Industry-Tracker/data/raw/word/automotive_report.docx,2026-04-10T11:22:11.506857,python-docx,,"[{'style': 'Title', 'text': 'Automotive Industry Recall Report 2020'}, {'style': 'Normal', 'text': 'This report provides an overview of vehicle recalls issued in 2020. Data sourced from NHTSA database covering major VW Group vehicles.'}, {'style': 'Heading 1', 'text': 'Recall Overview'}, {'style': 'Normal', 'text': 'In 2020, several VW Group vehicles were subject to safety recalls. The recalls covered issues ranging from airbag defects to engine problems.'}, {'style': 'Heading 2', 'text': 'Table with Borders'}, {'style': 'Heading 2', 'text': 'Table without Borders'}, {'style': 'Heading 1', 'text': 'Two-Column Section'}, {'style': 'Normal', 'text': 'Left Column: Audi A4 had 3 recalls in 2020 including airbag and brake issues.'}, {'style': 'Normal', 'text': 'Right Column: Volkswagen Golf had 2 recalls related to electrical systems.'}]","[{'table_index': 0, 'data': [['Make', 'Model', 'Year', 'Recalls'], ['Audi', 'A4', '2020', '3'], ['Volkswagen', 'Golf', '2020', '2'], ['Volkswagen', 'Passat', '2020', '3']]}, {'table_index': 1, 'data': [['Make', 'Model', 'Year', 'Recalls'], ['Audi', 'A4', '2020', '3'], ['Volkswagen', 'Golf', '2020', '2'], ['Volkswagen', 'Passat', '2020', '3']]}]",,,,,,,,,,,,,,,,,,,,,,,,,,,,,,,,,,,,,,,,
excel_extraction,2026-04-10 11:22:11.856,1.0,raw_recalls,,,,,automotive_data.xlsx,excel,/Users/elmedin.karisiksystemverification.com/Documents/private/Automotive-Industry-Tracker/data/raw/excel/automotive_data.xlsx,2026-04-10T11:22:11.817671,openpyxl,,,,"[{'sheet_name': 'Recall Summary', 'rows': [['Make', 'Model', 'Year', 'Recall Count', 'Affected Units', 'Total Cost (USD)'], ['Audi', 'A4', '2020', '3', '15000', '2500000'], ['Volkswagen', 'Golf', '2020', '2', '8200', '1200000'], ['Volkswagen', 'Passat', '2020', '3', '5100', '980000'], ['TOTAL', '', '', '=SUM(D2:D4)', '=SUM(E2:E4)', '=SUM(F2:F4)']]}, {'sheet_name': 'Component Details', 'rows': [['Component', 'Issue', 'Make', 'Model', 'Affected Units'], ['Airbag', 'Inflator rupture', 'Audi', 'A4', '15000'], ['Brakes', 'Brake fluid leak', 'Volkswagen', 'Golf', '8200'], ['Engine', 'Oil pressure loss', 'Volkswagen', 'Passat', '5100']]}]",,,,,,,,,,,,,,,,,,,,,,,,,,,,,,,,,,,,,,,
nhtsa_api,2026-04-10 11:22:14.079,1.0,raw_recalls,Audi,A4,2020.0,"[{'Manufacturer': 'Volkswagen Group of America, Inc.', 'NHTSACampaignNumber': '22V034000', 'parkIt': False, 'parkOutSide': False, 'overTheAirUpdate': False, 'ReportReceivedDate': '26/01/2022', 'Component': 'TIRES', 'Summary': 'Volkswagen Group of America, Inc. (Audi) is recalling certain 2019-2021 Audi A5 Sportback, RS5 Coupe, RS5 Sportback, S5 Sportback, 2020-2021 A4 Allroad, A4 Sedan, A5 Cabriolet, A5 Coupe, A6 Allroad, A6 Sedan, A7, A8, Q5, S4 Sedan, S5 Coupe, S5 Cabriolet, S6 Sedan, S7, S8, SQ5, 2021 Q5 Sportback, Q7, Q8, RS6 Avant, RS7, RSQ8, SQ5 Sportback, SQ7, and SQ8 vehicles.  The rear axle alignment may not have been inspected after the repairs for Recall 21V-295 (42L1) were performed.', 'Consequence': 'Rear axle misalignment may cause premature or uneven tire wear, increasing the risk of a crash.', 'Remedy': ""Dealers will inspect the rear axle, adjust the alignment as necessary, and replace any prematurely or unevenly worn tires, free of charge.  Owner notification letters were mailed March 3, 2022.  Owners may contact Audi customer service at 1-800-253-2834.  Audi's number for this recall is 42L5."", 'Notes': 'Owners may also contact the National Highway Traffic Safety Administration Vehicle Safety Hotline at 1-888-327-4236 (TTY 1-800-424-9153), or go to www.nhtsa.gov.', 'ModelYear': '2020', 'Make': 'AUDI', 'Model': 'A4'}, {'Manufacturer': 'Volkswagen Group of America, Inc.', 'NHTSACampaignNumber': '21V295000', 'parkIt': False, 'parkOutSide': False, 'overTheAirUpdate': False, 'ReportReceivedDate': '26/04/2021', 'Component': 'SUSPENSION:REAR:AXLE:NON-POWERED AXLE ASSEMBLY', 'Summary': 'Volkswagen Group of America, Inc. (Audi) is recalling certain 2021 Q7, Q8, Q5 Sportback, SQ5 Sportback, RS6 Avant, RS7, RS Q8, 2020-2021 Audi S6 sedan, Q5, A8, S8, A7, A6 Allroad, A5 Cabriolet, A4 sedan, A4 Allroad, SQ5, S7, A6 sedan, S5 coupe, S4 sedan, S5 Cabriolet, A5 coupe, 2019-2021 RS5 coupe, A5 Sportback, S5 Sportback, RS5 Sportback vehicles.  The lock nut on the trailing arm of the rear axle may break due to stress corrosion.', 'Consequence': 'A broken lock nut may misalign the rear axle, causing a loss of control and increasing the risk of a crash.', 'Remedy': ""Dealers will replace the lock nuts and, if necessary, the associated bolts, free of charge.  Owner notification letters were mailed June 4, 2021.  Owners may contact Audi customer service at 1-800-253-2834.  Audi's number for this recall is 42L1."", 'Notes': 'Owners may also contact the National Highway Traffic Safety Administration Vehicle Safety Hotline at 1-888-327-4236 (TTY 1-800-424-9153), or go to www.safercar.gov.', 'ModelYear': '2020', 'Make': 'AUDI', 'Model': 'A4'}, {'Manufacturer': 'Volkswagen Group of America, Inc.', 'NHTSACampaignNumber': '21V874000', 'parkIt': False, 'parkOutSide': False, 'overTheAirUpdate': False, 'ReportReceivedDate': '10/11/2021', 'Component': 'SEATS', 'Summary': 'Volkswagen Group of America, Inc. (Audi) is recalling certain 2017-2020 A4 Allroad, A4 Sedan, 2018-2019 RS5 Coupe, 2019 RS5 Sportback, 2018-2020 A5 Cabriolet, A5 Coupe, A5 Sportback, S4 Sedan, S5 Cabriolet, S5 Coupe, and Audi S5 Sportback vehicles.  The cable connecting the seat heater to the Passenger Occupant Detection System (PODS) may have a contact fault, causing the software to misdiagnose a malfunction and disable the passenger air bag.', 'Consequence': 'A disabled passenger air bag increases the risk of injury in the event of a crash.', 'Remedy': ""Dealers will replace the connecting cable and either the heating mat or entire seat cover, free of charge.  Owner notification letters were mailed January 7, 2022.  Owners may contact Audi customer service at 1-800-253-2834.  Audi's number for this recall is 74E3.  This recall is an expansion of Recall 19V-547 (74D9).  Vehicles previously repaired under 19V-547 will need to return for the new remedy."", 'Notes': 'Owners may also contact the National Highway Traffic Safety Administration Vehicle Safety Hotline at 1-888-327-4236 (TTY 1-800-424-9153), or go to www.nhtsa.gov.', 'ModelYear': '2020', 'Make': 'AUDI', 'Model': 'A4'}]",,,,,,,,,,,,,,,,,,,,,,,,,,,,,,,,,,,,,,,,,,,,,,,,
nhtsa_api,2026-04-10 11:22:14.089,1.0,raw_recalls,Volkswagen,Golf,2020.0,"[{'Manufacturer': 'Volkswagen Group of America, Inc.', 'NHTSACampaignNumber': '22V815000', 'parkIt': False, 'parkOutSide': False, 'overTheAirUpdate': False, 'ReportReceivedDate': '31/10/2022', 'Component': 'TIRES:PRESSURE MONITORING AND REGULATING SYSTEMS', 'Summary': 'Volkswagen Group of America, Inc. (Volkswagen) is recalling certain 2019 Volkswagen Tiguan LWB, Golf Sportswagen A7, Golf Alltrack, Golf R GP, Audi Q3, Audi A3 Cabriolet, 2019-2020 Jetta NF, Jetta GLI, Golf GTI, Atlas, Golf A7, Audi A3, 2020-2021 Atlas Cross Sport, and 2021 Atlas FL vehicles.  The tire pressure monitoring system may not detect an air pressure loss in adequate time when deflating occurs among all four tires simultaneously.  As such, these vehicles fail to comply with the requirements of Federal Motor Vehicle Safety Standard number 138, ""Tire Pressure Monitoring Systems.""', 'Consequence': 'An undetected sudden loss of pressure in all four tires increases the risk of a crash.', 'Remedy': ""Dealers will update the TPMS software, free of charge.  Owner notification letters were mailed November 18, 2022.  Owners may contact Volkswagen's customer service at 1-800-893-5298 or Audi\x92s customer service at 1-800-253-2834.  Volkswagen's numbers for this recall are (Audi) 45J7, and (VW) 45J6 and 45J8."", 'Notes': 'Owners may also contact the National Highway Traffic Safety Administration Vehicle Safety Hotline at 1-888-327-4236 (TTY 1-800-424-9153), or go to www.safercar.gov.', 'ModelYear': '2020', 'Make': 'VOLKSWAGEN', 'Model': 'GOLF'}, {'Manufacturer': 'Volkswagen Group of America, Inc.', 'NHTSACampaignNumber': '24V110000', 'parkIt': False, 'parkOutSide': False, 'overTheAirUpdate': False, 'NHTSAActionNumber': 'RQ23007', 'ReportReceivedDate': '14/02/2024', 'Component': 'FUEL SYSTEM, GASOLINE', 'Summary': 'Volkswagen Group of America, Inc. (Volkswagen) is recalling certain front-wheel drive 2015-2020 Audi A3 Sedan, 2015-2019 Audi A3 Cabriolet, 2019-2020 Volkswagen Jetta GLI, 2018 Golf Sportwagen GP, 2018-2019 Golf Sportwagen A7, 2015-2017 Golf Sportwagen, 2015-2020 Golf GTI, and 2015-2020 Golf A7 vehicles.  Due to a problem with a suction jet pump seal inside the fuel tank, fuel may flow into the evaporative emissions (EVAP) system and possibly leak out of the charcoal canister.', 'Consequence': 'A fuel leak in the presence of an ignition source increases the risk of a fire.', 'Remedy': ""Dealers will replace the suction pump, free of charge.  Final owner notification letters for Audi owners were mailed on July 25, 2024.  Final owner letters for VW owners were mailed on August 13, 2024.  Owners may contact Volkswagen customer service at 1-800-893-5298 or Audi customer service at 1-800-253-2834.  Volkswagen's numbers for this recall are VW: 20UF/Audi: 20YF.  Vehicles that were previously recalled under 16V-647 will need to have the new remedy completed.  This recall expands and replaces previous recall number 16V-647."", 'Notes': 'Owners may also contact the National Highway Traffic Safety Administration Vehicle Safety Hotline at 1-888-327-4236 (TTY 1-800-424-9153), or go to www.nhtsa.gov.', 'ModelYear': '2020', 'Make': 'VOLKSWAGEN', 'Model': 'GOLF'}]",,,,,,,,,,,,,,,,,,,,,,,,,,,,,,,,,,,,,,,,,,,,,,,,
nhtsa_api,2026-04-10 11:22:14.117,1.0,raw_recalls,Volkswagen,Passat,2020.0,"[{'Manufacturer': 'Volkswagen Group of America, Inc.', 'NHTSACampaignNumber': '19V389000', 'parkIt': False, 'parkOutSide': False, 'overTheAirUpdate': False, 'ReportReceivedDate': '22/05/2019', 'Component': 'EXTERIOR LIGHTING:HEADLIGHTS', 'Summary': 'Volkswagen Group of America, Inc. (Volkswagen) is recalling certain 2012-2020 Volkswagen Passat and 2018-2019 Atlas vehicles.  The blocking cap disabling the adjustment of the headlight\'s horizontal aim may not have been installed.  As such, these vehicles fail to conform to Federal Motor Vehicle Safety Standard (FMVSS) number 108, ""Lamps, Reflective Devices, and Associated Equipment.""', 'Consequence': 'Without the blocking cap, the headlight aim can be adjusted out of specification, reducing visibility and increasing the risk of a crash.', 'Remedy': ""Volkswagen will notify owners, and dealers will inspect and, as necessary, block the headlight horizontal adjustment, free of charge.  The recall began July 16, 2019.  Owners may contact Volkswagen customer service at 1-800-253-2834.  Volkswagen's number for this recall is 94L9."", 'Notes': 'Owners may also contact the National Highway Traffic Safety Administration Vehicle Safety Hotline at 1-888-327-4236 (TTY 1-800-424-9153), or go to www.safercar.gov.', 'ModelYear': '2020', 'Make': 'VOLKSWAGEN', 'Model': 'PASSAT'}, {'Manufacturer': 'Volkswagen Group of America, Inc.', 'NHTSACampaignNumber': '19V218000', 'parkIt': False, 'parkOutSide': False, 'overTheAirUpdate': False, 'ReportReceivedDate': '20/03/2019', 'Component': 'AIR BAGS:SIDE/WINDOW', 'Summary': 'Volkswagen Group of America, Inc. (Volkswagen) is recalling certain 2019 Atlas and 2020 Passat vehicles.  An incorrect driver and/or front passenger side impact air bag may have been installed.', 'Consequence': 'In an event of a side impact crash, an incorrect side airbag may not deploy as intended, increasing the risk of injury.', 'Remedy': ""Volkswagen has inspected and replaced the side air bags, free of charge.  The recall was completed in April 2019.  Owners may contact Volkswagen customer service at 1-800-893-5298.  Volkswagen's number for this recall is 69Y8."", 'Notes': 'Owners may also contact the National Highway Traffic Safety Administration Vehicle Safety Hotline at 1-888-327-4236 (TTY 1-800-424-9153), or go to www.safercar.gov.', 'ModelYear': '2020', 'Make': 'VOLKSWAGEN', 'Model': 'PASSAT'}, {'Manufacturer': 'Volkswagen Group of America, Inc.', 'NHTSACampaignNumber': '20V533000', 'parkIt': False, 'parkOutSide': False, 'overTheAirUpdate': False, 'ReportReceivedDate': '02/09/2020', 'Component': 'AIR BAGS:PASSENGER SIDE FRONTAL:CUSHION', 'Summary': 'Volkswagen Group of America, Inc. (Volkswagen) is recalling certain 2020 Passat vehicles.  The passenger frontal air bag may have been folded incorrectly affecting its deployment force.  As such, these vehicles fail to comply with the requirements of Federal Motor Vehicle Safety Standard number 208, ""Occupant Crash Protection.""', 'Consequence': 'An incorrectly folded air bag can deploy with too much force, increasing the risk of injury.', 'Remedy': ""Volkswagen will notify owners, and dealers will replace the passenger frontal air bag, free of charge.  The recall began October 14, 2020.  Owners may contact Volkswagen customer service at 1-888-241-2289.  Volkswagen's number for this recall is 69AY."", 'Notes': 'Owners may also contact the National Highway Traffic Safety Administration Vehicle Safety Hotline at 1-888-327-4236 (TTY 1-800-424-9153), or go to www.safercar.gov.', 'ModelYear': '2020', 'Make': 'VOLKSWAGEN', 'Model': 'PASSAT'}]",,,,,,,,,,,,,,,,,,,,,,,,,,,,,,,,,,,,,,,,,,,,,,,,
pdf_extraction,2026-04-10 11:22:14.145,1.0,raw_recalls,,,,,automotive_report_twocolumn.pdf,pdf,/Users/elmedin.karisiksystemverification.com/Documents/private/Automotive-Industry-Tracker/data/raw/pdf/automotive_report_twocolumn.pdf,2026-04-10T11:22:14.121799,pdfplumber,"[{'page_number': 1, 'text': 'Automotive Two-Column Report\nAudi A4 Recalls Volkswagen Golf Recalls\nThe Audi A4 2020 had 3 recalls related to airbag, The Volkswagen Golf 2020 had 2 recalls related to\nbrake, and engine issues reported to NHTSA. electrical systems and fuel systems.\nComponent Recall Details (with borders)\nComponent Issue Affected Units\nAirbag Inflator rupture 15,000\nBrakes Brake fluid leak 8,200\nEngine Oil pressure loss 5,100\nComponent Recall Details (without borders)\nComponent Issue Affected Units\nAirbag Inflator rupture 15,000\nBrakes Brake fluid leak 8,200\nEngine Oil pressure loss 5,100', 'tables': [[['Component', 'Issue', 'Affected Units'], ['Airbag', 'Inflator rupture', '15,000'], ['Brakes', 'Brake fluid leak', '8,200'], ['Engine', 'Oil pressure loss', '5,100']]]}]",,,,,,,,,,,,,,,,,,,,,,,,,,,,,,,,,,,,,,,,,,
pdf_extraction,2026-04-10 11:22:14.166,1.0,raw_recalls,,,,,automotive_report_normal.pdf,pdf,/Users/elmedin.karisiksystemverification.com/Documents/private/Automotive-Industry-Tracker/data/raw/pdf/automotive_report_normal.pdf,2026-04-10T11:22:14.147858,pdfplumber,"[{'page_number': 1, 'text': 'Automotive Industry Recall Report 2020\nIntroduction\nThis report provides an overview of vehicle recalls issued in 2020 for major automotive brands including\nAudi, Volkswagen, and Skoda. Data sourced from NHTSA.\nRecall Summary Table (with borders)\nMake Model Year Recalls\nAudi A4 2020 3\nVolkswagen Golf 2020 2\nVolkswagen Passat 2020 3\nRecall Summary Table (without borders)\nMake Model Year Recalls\nAudi A4 2020 3\nVolkswagen Golf 2020 2\nVolkswagen Passat 2020 3', 'tables': [[['Make', 'Model', 'Year', 'Recalls'], ['Audi', 'A4', '2020', '3'], ['Volkswagen', 'Golf', '2020', '2'], ['Volkswagen', 'Passat', '2020', '3']]]}]",,,,,,,,,,,,,,,,,,,,,,,,,,,,,,,,,,,,,,,,,,
word_extraction,2026-04-10 11:22:14.369,1.0,raw_recalls,,,,,automotive_report.docx,word,/Users/elmedin.karisiksystemverification.com/Documents/private/Automotive-Industry-Tracker/data/raw/word/automotive_report.docx,2026-04-10T11:22:14.170651,python-docx,,"[{'style': 'Title', 'text': 'Automotive Industry Recall Report 2020'}, {'style': 'Normal', 'text': 'This report provides an overview of vehicle recalls issued in 2020. Data sourced from NHTSA database covering major VW Group vehicles.'}, {'style': 'Heading 1', 'text': 'Recall Overview'}, {'style': 'Normal', 'text': 'In 2020, several VW Group vehicles were subject to safety recalls. The recalls covered issues ranging from airbag defects to engine problems.'}, {'style': 'Heading 2', 'text': 'Table with Borders'}, {'style': 'Heading 2', 'text': 'Table without Borders'}, {'style': 'Heading 1', 'text': 'Two-Column Section'}, {'style': 'Normal', 'text': 'Left Column: Audi A4 had 3 recalls in 2020 including airbag and brake issues.'}, {'style': 'Normal', 'text': 'Right Column: Volkswagen Golf had 2 recalls related to electrical systems.'}]","[{'table_index': 0, 'data': [['Make', 'Model', 'Year', 'Recalls'], ['Audi', 'A4', '2020', '3'], ['Volkswagen', 'Golf', '2020', '2'], ['Volkswagen', 'Passat', '2020', '3']]}, {'table_index': 1, 'data': [['Make', 'Model', 'Year', 'Recalls'], ['Audi', 'A4', '2020', '3'], ['Volkswagen', 'Golf', '2020', '2'], ['Volkswagen', 'Passat', '2020', '3']]}]",,,,,,,,,,,,,,,,,,,,,,,,,,,,,,,,,,,,,,,,
excel_extraction,2026-04-10 11:22:14.407,1.0,raw_recalls,,,,,automotive_data.xlsx,excel,/Users/elmedin.karisiksystemverification.com/Documents/private/Automotive-Industry-Tracker/data/raw/excel/automotive_data.xlsx,2026-04-10T11:22:14.373801,openpyxl,,,,"[{'sheet_name': 'Recall Summary', 'rows': [['Make', 'Model', 'Year', 'Recall Count', 'Affected Units', 'Total Cost (USD)'], ['Audi', 'A4', '2020', '3', '15000', '2500000'], ['Volkswagen', 'Golf', '2020', '2', '8200', '1200000'], ['Volkswagen', 'Passat', '2020', '3', '5100', '980000'], ['TOTAL', '', '', '=SUM(D2:D4)', '=SUM(E2:E4)', '=SUM(F2:F4)']]}, {'sheet_name': 'Component Details', 'rows': [['Component', 'Issue', 'Make', 'Model', 'Affected Units'], ['Airbag', 'Inflator rupture', 'Audi', 'A4', '15000'], ['Brakes', 'Brake fluid leak', 'Volkswagen', 'Golf', '8200'], ['Engine', 'Oil pressure loss', 'Volkswagen', 'Passat', '5100']]}]",,,,,,,,,,,,,,,,,,,,,,,,,,,,,,,,,,,,,,,
web_scraping,2026-04-10 11:22:14.417,1.0,raw_recalls,,,,,,,local_html/page_1.html,,,,,,,2026-04-10T11:22:14.412328,,,,Audi A4 2020,"Luxury sedan with 2.0L TFSI engine, 190hp. Known for premium interior and advanced driver assistance.","$39,900",/cars/audi-a4-2020,1.0,,,,,,,,,,,,,,,,,,,,,,,,,,,,,,
web_scraping,2026-04-10 11:22:14.420,1.0,raw_recalls,,,,,,,local_html/page_1.html,,,,,,,2026-04-10T11:22:14.412512,,,,Audi A4 2019,Previous generation A4 with quattro all-wheel drive. Excellent safety ratings from NHTSA.,"$36,500",/cars/audi-a4-2019,1.0,,,,,,,,,,,,,,,,,,,,,,,,,,,,,,
web_scraping,2026-04-10 11:22:14.423,1.0,raw_recalls,,,,,,,local_html/page_1.html,,,,,,,2026-04-10T11:22:14.412635,,,,Audi A4 2018,Reliable executive sedan. NHTSA recall issued for airbag inflator replacement.,"$33,200",/cars/audi-a4-2018,1.0,,,,,,,,,,,,,,,,,,,,,,,,,,,,,,
web_scraping,2026-04-10 11:22:14.425,1.0,raw_recalls,,,,,,,local_html/page_2.html,,,,,,,2026-04-10T11:22:14.413399,,,,Volkswagen Golf 2020,Compact hatchback with 1.4L TSI engine. Popular choice in European markets.,"$23,195",/cars/volkswagen-golf-2020,2.0,,,,,,,,,,,,,,,,,,,,,,,,,,,,,,
web_scraping,2026-04-10 11:22:14.427,1.0,raw_recalls,,,,,,,local_html/page_2.html,,,,,,,2026-04-10T11:22:14.413531,,,,Volkswagen Golf 2019,"Award-winning hatchback. NHTSA recall for brake system defect affecting 8,200 units.","$21,500",/cars/volkswagen-golf-2019,2.0,,,,,,,,,,,,,,,,,,,,,,,,,,,,,,
web_scraping,2026-04-10 11:22:14.431,1.0,raw_recalls,,,,,,,local_html/page_2.html,,,,,,,2026-04-10T11:22:14.413655,,,,Volkswagen Golf GTI 2020,Performance variant with 228hp turbocharged engine and sport suspension.,"$29,995",/cars/volkswagen-golf-gti-2020,2.0,,,,,,,,,,,,,,,,,,,,,,,,,,,,,,
web_scraping,2026-04-10 11:22:14.435,1.0,raw_recalls,,,,,,,local_html/page_3.html,,,,,,,2026-04-10T11:22:14.414329,,,,Volkswagen Passat 2020,Midsize sedan with spacious interior. NHTSA recall for fuel pump defect.,"$24,990",/cars/volkswagen-passat-2020,3.0,,,,,,,,,,,,,,,,,,,,,,,,,,,,,,
web_scraping,2026-04-10 11:22:14.438,1.0,raw_recalls,,,,,,,local_html/page_3.html,,,,,,,2026-04-10T11:22:14.414450,,,,Volkswagen Passat 2019,Business-class sedan with advanced connectivity features and comfort.,"$22,800",/cars/volkswagen-passat-2019,3.0,,,,,,,,,,,,,,,,,,,,,,,,,,,,,,
web_scraping,2026-04-10 11:22:14.442,1.0,raw_recalls,,,,,,,local_html/page_3.html,,,,,,,2026-04-10T11:22:14.414566,,,,Skoda Octavia 2020,Czech-made sedan offering exceptional value. Part of VW Group platform.,"$19,990",/cars/skoda-octavia-2020,3.0,,,,,,,,,,,,,,,,,,,,,,,,,,,,,,
dynamic_scraping,2026-04-10 11:22:16.110,1.0,raw_recalls,Audi,A4,2020.0,"[{'Manufacturer': 'Volkswagen Group of America, Inc.', 'NHTSACampaignNumber': '22V034000', 'parkIt': False, 'parkOutSide': False, 'overTheAirUpdate': False, 'ReportReceivedDate': '26/01/2022', 'Component': 'TIRES', 'Summary': 'Volkswagen Group of America, Inc. (Audi) is recalling certain 2019-2021 Audi A5 Sportback, RS5 Coupe, RS5 Sportback, S5 Sportback, 2020-2021 A4 Allroad, A4 Sedan, A5 Cabriolet, A5 Coupe, A6 Allroad, A6 Sedan, A7, A8, Q5, S4 Sedan, S5 Coupe, S5 Cabriolet, S6 Sedan, S7, S8, SQ5, 2021 Q5 Sportback, Q7, Q8, RS6 Avant, RS7, RSQ8, SQ5 Sportback, SQ7, and SQ8 vehicles.  The rear axle alignment may not have been inspected after the repairs for Recall 21V-295 (42L1) were performed.', 'Consequence': 'Rear axle misalignment may cause premature or uneven tire wear, increasing the risk of a crash.', 'Remedy': ""Dealers will inspect the rear axle, adjust the alignment as necessary, and replace any prematurely or unevenly worn tires, free of charge.  Owner notification letters were mailed March 3, 2022.  Owners may contact Audi customer service at 1-800-253-2834.  Audi's number for this recall is 42L5."", 'Notes': 'Owners may also contact the National Highway Traffic Safety Administration Vehicle Safety Hotline at 1-888-327-4236 (TTY 1-800-424-9153), or go to www.nhtsa.gov.', 'ModelYear': '2020', 'Make': 'AUDI', 'Model': 'A4'}, {'Manufacturer': 'Volkswagen Group of America, Inc.', 'NHTSACampaignNumber': '21V295000', 'parkIt': False, 'parkOutSide': False, 'overTheAirUpdate': False, 'ReportReceivedDate': '26/04/2021', 'Component': 'SUSPENSION:REAR:AXLE:NON-POWERED AXLE ASSEMBLY', 'Summary': 'Volkswagen Group of America, Inc. (Audi) is recalling certain 2021 Q7, Q8, Q5 Sportback, SQ5 Sportback, RS6 Avant, RS7, RS Q8, 2020-2021 Audi S6 sedan, Q5, A8, S8, A7, A6 Allroad, A5 Cabriolet, A4 sedan, A4 Allroad, SQ5, S7, A6 sedan, S5 coupe, S4 sedan, S5 Cabriolet, A5 coupe, 2019-2021 RS5 coupe, A5 Sportback, S5 Sportback, RS5 Sportback vehicles.  The lock nut on the trailing arm of the rear axle may break due to stress corrosion.', 'Consequence': 'A broken lock nut may misalign the rear axle, causing a loss of control and increasing the risk of a crash.', 'Remedy': ""Dealers will replace the lock nuts and, if necessary, the associated bolts, free of charge.  Owner notification letters were mailed June 4, 2021.  Owners may contact Audi customer service at 1-800-253-2834.  Audi's number for this recall is 42L1."", 'Notes': 'Owners may also contact the National Highway Traffic Safety Administration Vehicle Safety Hotline at 1-888-327-4236 (TTY 1-800-424-9153), or go to www.safercar.gov.', 'ModelYear': '2020', 'Make': 'AUDI', 'Model': 'A4'}, {'Manufacturer': 'Volkswagen Group of America, Inc.', 'NHTSACampaignNumber': '21V874000', 'parkIt': False, 'parkOutSide': False, 'overTheAirUpdate': False, 'ReportReceivedDate': '10/11/2021', 'Component': 'SEATS', 'Summary': 'Volkswagen Group of America, Inc. (Audi) is recalling certain 2017-2020 A4 Allroad, A4 Sedan, 2018-2019 RS5 Coupe, 2019 RS5 Sportback, 2018-2020 A5 Cabriolet, A5 Coupe, A5 Sportback, S4 Sedan, S5 Cabriolet, S5 Coupe, and Audi S5 Sportback vehicles.  The cable connecting the seat heater to the Passenger Occupant Detection System (PODS) may have a contact fault, causing the software to misdiagnose a malfunction and disable the passenger air bag.', 'Consequence': 'A disabled passenger air bag increases the risk of injury in the event of a crash.', 'Remedy': ""Dealers will replace the connecting cable and either the heating mat or entire seat cover, free of charge.  Owner notification letters were mailed January 7, 2022.  Owners may contact Audi customer service at 1-800-253-2834.  Audi's number for this recall is 74E3.  This recall is an expansion of Recall 19V-547 (74D9).  Vehicles previously repaired under 19V-547 will need to return for the new remedy."", 'Notes': 'Owners may also contact the National Highway Traffic Safety Administration Vehicle Safety Hotline at 1-888-327-4236 (TTY 1-800-424-9153), or go to www.nhtsa.gov.', 'ModelYear': '2020', 'Make': 'AUDI', 'Model': 'A4'}]",,,https://api.nhtsa.gov/recalls/recallsByVehicle?make=Audi&model=A4&modelYear=2020,,,,,,,2026-04-10T11:22:16.101186,json_api,,,,,,,,,,,,,,,,,,,,,,,,,,,,,,,,,,,,,
dynamic_scraping,2026-04-10 11:22:17.748,1.0,raw_recalls,Volkswagen,Golf,2020.0,"[{'Manufacturer': 'Volkswagen Group of America, Inc.', 'NHTSACampaignNumber': '22V815000', 'parkIt': False, 'parkOutSide': False, 'overTheAirUpdate': False, 'ReportReceivedDate': '31/10/2022', 'Component': 'TIRES:PRESSURE MONITORING AND REGULATING SYSTEMS', 'Summary': 'Volkswagen Group of America, Inc. (Volkswagen) is recalling certain 2019 Volkswagen Tiguan LWB, Golf Sportswagen A7, Golf Alltrack, Golf R GP, Audi Q3, Audi A3 Cabriolet, 2019-2020 Jetta NF, Jetta GLI, Golf GTI, Atlas, Golf A7, Audi A3, 2020-2021 Atlas Cross Sport, and 2021 Atlas FL vehicles.  The tire pressure monitoring system may not detect an air pressure loss in adequate time when deflating occurs among all four tires simultaneously.  As such, these vehicles fail to comply with the requirements of Federal Motor Vehicle Safety Standard number 138, ""Tire Pressure Monitoring Systems.""', 'Consequence': 'An undetected sudden loss of pressure in all four tires increases the risk of a crash.', 'Remedy': ""Dealers will update the TPMS software, free of charge.  Owner notification letters were mailed November 18, 2022.  Owners may contact Volkswagen's customer service at 1-800-893-5298 or Audi\x92s customer service at 1-800-253-2834.  Volkswagen's numbers for this recall are (Audi) 45J7, and (VW) 45J6 and 45J8."", 'Notes': 'Owners may also contact the National Highway Traffic Safety Administration Vehicle Safety Hotline at 1-888-327-4236 (TTY 1-800-424-9153), or go to www.safercar.gov.', 'ModelYear': '2020', 'Make': 'VOLKSWAGEN', 'Model': 'GOLF'}, {'Manufacturer': 'Volkswagen Group of America, Inc.', 'NHTSACampaignNumber': '24V110000', 'parkIt': False, 'parkOutSide': False, 'overTheAirUpdate': False, 'NHTSAActionNumber': 'RQ23007', 'ReportReceivedDate': '14/02/2024', 'Component': 'FUEL SYSTEM, GASOLINE', 'Summary': 'Volkswagen Group of America, Inc. (Volkswagen) is recalling certain front-wheel drive 2015-2020 Audi A3 Sedan, 2015-2019 Audi A3 Cabriolet, 2019-2020 Volkswagen Jetta GLI, 2018 Golf Sportwagen GP, 2018-2019 Golf Sportwagen A7, 2015-2017 Golf Sportwagen, 2015-2020 Golf GTI, and 2015-2020 Golf A7 vehicles.  Due to a problem with a suction jet pump seal inside the fuel tank, fuel may flow into the evaporative emissions (EVAP) system and possibly leak out of the charcoal canister.', 'Consequence': 'A fuel leak in the presence of an ignition source increases the risk of a fire.', 'Remedy': ""Dealers will replace the suction pump, free of charge.  Final owner notification letters for Audi owners were mailed on July 25, 2024.  Final owner letters for VW owners were mailed on August 13, 2024.  Owners may contact Volkswagen customer service at 1-800-893-5298 or Audi customer service at 1-800-253-2834.  Volkswagen's numbers for this recall are VW: 20UF/Audi: 20YF.  Vehicles that were previously recalled under 16V-647 will need to have the new remedy completed.  This recall expands and replaces previous recall number 16V-647."", 'Notes': 'Owners may also contact the National Highway Traffic Safety Administration Vehicle Safety Hotline at 1-888-327-4236 (TTY 1-800-424-9153), or go to www.nhtsa.gov.', 'ModelYear': '2020', 'Make': 'VOLKSWAGEN', 'Model': 'GOLF'}]",,,https://api.nhtsa.gov/recalls/recallsByVehicle?make=Volkswagen&model=Golf&modelYear=2020,,,,,,,2026-04-10T11:22:17.747575,json_api,,,,,,,,,,,,,,,,,,,,,,,,,,,,,,,,,,,,,
dynamic_scraping,2026-04-10 11:22:19.545,1.0,raw_recalls,Volkswagen,Passat,2020.0,"[{'Manufacturer': 'Volkswagen Group of America, Inc.', 'NHTSACampaignNumber': '19V389000', 'parkIt': False, 'parkOutSide': False, 'overTheAirUpdate': False, 'ReportReceivedDate': '22/05/2019', 'Component': 'EXTERIOR LIGHTING:HEADLIGHTS', 'Summary': 'Volkswagen Group of America, Inc. (Volkswagen) is recalling certain 2012-2020 Volkswagen Passat and 2018-2019 Atlas vehicles.  The blocking cap disabling the adjustment of the headlight\'s horizontal aim may not have been installed.  As such, these vehicles fail to conform to Federal Motor Vehicle Safety Standard (FMVSS) number 108, ""Lamps, Reflective Devices, and Associated Equipment.""', 'Consequence': 'Without the blocking cap, the headlight aim can be adjusted out of specification, reducing visibility and increasing the risk of a crash.', 'Remedy': ""Volkswagen will notify owners, and dealers will inspect and, as necessary, block the headlight horizontal adjustment, free of charge.  The recall began July 16, 2019.  Owners may contact Volkswagen customer service at 1-800-253-2834.  Volkswagen's number for this recall is 94L9."", 'Notes': 'Owners may also contact the National Highway Traffic Safety Administration Vehicle Safety Hotline at 1-888-327-4236 (TTY 1-800-424-9153), or go to www.safercar.gov.', 'ModelYear': '2020', 'Make': 'VOLKSWAGEN', 'Model': 'PASSAT'}, {'Manufacturer': 'Volkswagen Group of America, Inc.', 'NHTSACampaignNumber': '19V218000', 'parkIt': False, 'parkOutSide': False, 'overTheAirUpdate': False, 'ReportReceivedDate': '20/03/2019', 'Component': 'AIR BAGS:SIDE/WINDOW', 'Summary': 'Volkswagen Group of America, Inc. (Volkswagen) is recalling certain 2019 Atlas and 2020 Passat vehicles.  An incorrect driver and/or front passenger side impact air bag may have been installed.', 'Consequence': 'In an event of a side impact crash, an incorrect side airbag may not deploy as intended, increasing the risk of injury.', 'Remedy': ""Volkswagen has inspected and replaced the side air bags, free of charge.  The recall was completed in April 2019.  Owners may contact Volkswagen customer service at 1-800-893-5298.  Volkswagen's number for this recall is 69Y8."", 'Notes': 'Owners may also contact the National Highway Traffic Safety Administration Vehicle Safety Hotline at 1-888-327-4236 (TTY 1-800-424-9153), or go to www.safercar.gov.', 'ModelYear': '2020', 'Make': 'VOLKSWAGEN', 'Model': 'PASSAT'}, {'Manufacturer': 'Volkswagen Group of America, Inc.', 'NHTSACampaignNumber': '20V533000', 'parkIt': False, 'parkOutSide': False, 'overTheAirUpdate': False, 'ReportReceivedDate': '02/09/2020', 'Component': 'AIR BAGS:PASSENGER SIDE FRONTAL:CUSHION', 'Summary': 'Volkswagen Group of America, Inc. (Volkswagen) is recalling certain 2020 Passat vehicles.  The passenger frontal air bag may have been folded incorrectly affecting its deployment force.  As such, these vehicles fail to comply with the requirements of Federal Motor Vehicle Safety Standard number 208, ""Occupant Crash Protection.""', 'Consequence': 'An incorrectly folded air bag can deploy with too much force, increasing the risk of injury.', 'Remedy': ""Volkswagen will notify owners, and dealers will replace the passenger frontal air bag, free of charge.  The recall began October 14, 2020.  Owners may contact Volkswagen customer service at 1-888-241-2289.  Volkswagen's number for this recall is 69AY."", 'Notes': 'Owners may also contact the National Highway Traffic Safety Administration Vehicle Safety Hotline at 1-888-327-4236 (TTY 1-800-424-9153), or go to www.safercar.gov.', 'ModelYear': '2020', 'Make': 'VOLKSWAGEN', 'Model': 'PASSAT'}]",,,https://api.nhtsa.gov/recalls/recallsByVehicle?make=Volkswagen&model=Passat&modelYear=2020,,,,,,,2026-04-10T11:22:19.542729,json_api,,,,,,,,,,,,,,,,,,,,,,,,,,,,,,,,,,,,,
selenium_scraping,2026-04-10 11:22:23.719,1.0,raw_recalls,,,,,,,https://www.wikipedia.org/wiki/Audi,,,,,,,2026-04-10T11:22:23.640213,selenium,,,Audi - Wikipedia,,,,,"Audi AG[a] is a German automotive manufacturer of luxury vehicles headquartered in Ingolstadt, Bavaria, Germany. A wholly owned subsidiary of the Volkswagen Group, Audi produces vehicles in nine production facilities worldwide. The origins of the company are complex, dating back to the early 20th century and the initial enterprises (Horch and the Audiwerke) founded by engineer August Horch. Two other manufacturers (DKW and Wanderer) also contributed to the foundation of Auto Union in 1932. The modern Audi era began in the 1960s, when Auto Union was acquired by Volkswagen from Daimler-Benz.[7] Volkswagen relaunched the Audi brand with the 1965 introduction of the Audi F103 series, and merged Auto Union with NSU Motorenwerke in 1969, thus creating the present-day form of the company.",,,,,,,,,,,,,,,,,,,,,,,,,,,,,
ocr_image,2026-04-10 11:22:23.985,1.0,raw_recalls,,,,,audi_a4.jpg,image_ocr,/Users/elmedin.karisiksystemverification.com/Documents/private/Automotive-Industry-Tracker/data/raw/images/audi_a4.jpg,2026-04-10T11:22:23.981897,pytesseract,,,,,,,,"i mH I ui Le

",,,,,,,,,,,,,,,,,,,,,,,,,,,,,,,,,,,
ocr_image,2026-04-10 11:22:24.200,1.0,raw_recalls,,,,,volkswagen_golf.jpg,image_ocr,/Users/elmedin.karisiksystemverification.com/Documents/private/Automotive-Industry-Tracker/data/raw/images/volkswagen_golf.jpg,2026-04-10T11:22:24.198825,pytesseract,,,,,,,,,,,,,,,,,,,,,,,,,,,,,,,,,,,,,,,,,,,
ocr_image,2026-04-10 11:22:24.407,1.0,raw_recalls,,,,,volkswagen_id4.jpg,image_ocr,/Users/elmedin.karisiksystemverification.com/Documents/private/Automotive-Industry-Tracker/data/raw/images/volkswagen_id4.jpg,2026-04-10T11:22:24.406098,pytesseract,,,,,,,,,,,,,,,,,,,,,,,,,,,,,,,,,,,,,,,,,,,
ocr_image,2026-04-10 11:22:25.566,1.0,raw_recalls,,,,,test_scan.png,image_ocr,/Users/elmedin.karisiksystemverification.com/Documents/private/Automotive-Industry-Tracker/data/raw/images/test_scan.png,2026-04-10T11:22:25.565280,pytesseract,,,,,,,"The 2022 Audi RS6 Avant is a high-performance wagon that combines supercar power with everyday practicality. Under the hood, it boasts a 4.0-liter twin-turbocharged V8 engine
producing 591 horsepower and 590 Ib-ft of torque, enabling a 0-60 mph time of just 3.5 seconds. Equipped with Audi's Quattro all-wheel-drive system, adaptive air suspension, and dynamic
Steering, the RS6 delivers exceptional handling and comfort. Its aggressive design features wide fenders, a black honeycomb grille, and large oval exhaust tips, giving it a commanding
Toad presence, With a luxurious, tech-filled interior and ample cargo space, the RSG Avant is the ultimate blend of performance, luxury, and practicality.

Engine: 4.01 V8 Top speed: 190mph
Power: 591bhp 0-60: 31sec
Torque: 799nm Year: 2022
Weight: 2,282kg Country: German
","Cnnr RS6

The 2022 Audi RSG Avant is a high-performance wagon that combines supercar power with everyday practicality. Under the hood, it boasts a 4.0-liter twin-turbocharged V8 engine
producing 591 horsepower and 590 Ib-ft of torque, enabling a 0-60 mph time of just 3.5 seconds. Equipped with Audi's Quattro all-wheel-drive system, adaptive air suspension, and dynamic
steering, the RSG delivers exceptional handling and comfort. Its aggressive design features wide fenders, a black honeycomb grille, and large oval exhaust tips, giving it a commanding
road presence, With a luxurious, tech-filled interior and ample cargo space, the RS6 Avant is the ultimate blend of performance, luxury, and practicality.

Engine: 4.01 V8 Top speed: 190mph
Power: 591bhp 0-60: 31sec
Torque: 799nm Year: 2022
Weight: 2,282kg Country: German

",,,,,,,,,,,,,,,,,,,,,,,,,,,,,,,,,,,
ocr_image,2026-04-10 11:22:25.795,1.0,raw_recalls,,,,,volkswagen_passat.jpg,image_ocr,/Users/elmedin.karisiksystemverification.com/Documents/private/Automotive-Industry-Tracker/data/raw/images/volkswagen_passat.jpg,2026-04-10T11:22:25.794532,pytesseract,,,,,,,,"| it i i

",,,,,,,,,,,,,,,,,,,,,,,,,,,,,,,,,,,
ocr_scanned_pdf,2026-04-10 11:22:26.283,1.0,raw_recalls,,,,,scanned_report.pdf,scanned_pdf_ocr,/Users/elmedin.karisiksystemverification.com/Documents/private/Automotive-Industry-Tracker/data/raw/scanned/scanned_report.pdf,2026-04-10T11:22:26.282186,pytesseract+pdf2image,"[{'page_number': 1, 'text': 'Automotive Industry Recall Report 2020\n\nIntroduction\n\nThis report provides an overview of vehicle recalls issued in 2020 for major automotive brands including\nAudi, Volkswagen, and Skoda. Data sourced from NHTSA.\n\nRecall Summary Table (with borders)\n\nMake Model | Year | Recalls\n\nRecall Summary Table (without borders)\nMake Model Year Recalls\nAudi A4 2020 3\nVolkswagen Golf 2020 2\nVolkswagen Passat 2020 3\n\n'}]",,,,,,,,,,,,,,,,,,,,,,,,,,,,,,,,,,,,,,,,,,
image_processing,2026-04-10 11:22:26.800,1.0,raw_recalls,,,,,audi_a4.jpg,,vehicle_image,,,,,,,,automotive,,,,,,,,,/Users/elmedin.karisiksystemverification.com/Documents/private/Automotive-Industry-Tracker/data/raw/images/audi_a4.jpg,/Users/elmedin.karisiksystemverification.com/Documents/private/Automotive-Industry-Tracker/data/processed/resized/audi_a4_resized.jpg,/Users/elmedin.karisiksystemverification.com/Documents/private/Automotive-Industry-Tracker/data/processed/thumbnails/audi_a4_thumb.jpg,/Users/elmedin.karisiksystemverification.com/Documents/private/Automotive-Industry-Tracker/data/processed/webp/audi_a4.webp,JPEG,RGB,960.0,500.0,157.31,audi_a4.jpg,Unknown,Unknown,Unknown,Unknown,Unknown,Unknown,Unknown,Unknown,No GPS data,2026-04-10T11:22:26.796687,2026-04-10T11:22:26.796731,,,,,,,,
image_processing,2026-04-10 11:22:26.928,1.0,raw_recalls,,,,,volkswagen_golf.jpg,,vehicle_image,,,,,,,,automotive,,,,,,,,,/Users/elmedin.karisiksystemverification.com/Documents/private/Automotive-Industry-Tracker/data/raw/images/volkswagen_golf.jpg,/Users/elmedin.karisiksystemverification.com/Documents/private/Automotive-Industry-Tracker/data/processed/resized/volkswagen_golf_resized.jpg,/Users/elmedin.karisiksystemverification.com/Documents/private/Automotive-Industry-Tracker/data/processed/thumbnails/volkswagen_golf_thumb.jpg,/Users/elmedin.karisiksystemverification.com/Documents/private/Automotive-Industry-Tracker/data/processed/webp/volkswagen_golf.webp,JPEG,RGB,960.0,490.0,121.7,volkswagen_golf.jpg,Unknown,Unknown,Unknown,Unknown,Unknown,Unknown,Unknown,Unknown,No GPS data,2026-04-10T11:22:26.927711,2026-04-10T11:22:26.927753,,,,,,,,
image_processing,2026-04-10 11:22:27.102,1.0,raw_recalls,,,,,volkswagen_id4.jpg,,vehicle_image,,,,,,,,automotive,,,,,,,,,/Users/elmedin.karisiksystemverification.com/Documents/private/Automotive-Industry-Tracker/data/raw/images/volkswagen_id4.jpg,/Users/elmedin.karisiksystemverification.com/Documents/private/Automotive-Industry-Tracker/data/processed/resized/volkswagen_id4_resized.jpg,/Users/elmedin.karisiksystemverification.com/Documents/private/Automotive-Industry-Tracker/data/processed/thumbnails/volkswagen_id4_thumb.jpg,/Users/elmedin.karisiksystemverification.com/Documents/private/Automotive-Industry-Tracker/data/processed/webp/volkswagen_id4.webp,JPEG,RGB,960.0,533.0,131.99,volkswagen_id4.jpg,Unknown,Unknown,Unknown,Unknown,Unknown,Unknown,Unknown,Unknown,No GPS data,2026-04-10T11:22:27.101546,2026-04-10T11:22:27.101594,,,,,,,,
image_processing,2026-04-10 11:22:28.548,1.0,raw_recalls,,,,,test_scan.png,,vehicle_image,,,,,,,,automotive,,,,,,,,,/Users/elmedin.karisiksystemverification.com/Documents/private/Automotive-Industry-Tracker/data/raw/images/test_scan.png,/Users/elmedin.karisiksystemverification.com/Documents/private/Automotive-Industry-Tracker/data/processed/resized/test_scan_resized.png,/Users/elmedin.karisiksystemverification.com/Documents/private/Automotive-Industry-Tracker/data/processed/thumbnails/test_scan_thumb.png,/Users/elmedin.karisiksystemverification.com/Documents/private/Automotive-Industry-Tracker/data/processed/webp/test_scan.webp,WEBP,RGBA,1946.0,1946.0,117.6,test_scan.png,Unknown,Unknown,Unknown,Unknown,Unknown,Unknown,Unknown,1,No GPS data,2026-04-10T11:22:28.547512,2026-04-10T11:22:28.547551,,,,,,,,
image_processing,2026-04-10 11:22:28.691,1.0,raw_recalls,,,,,volkswagen_passat.jpg,,vehicle_image,,,,,,,,automotive,,,,,,,,,/Users/elmedin.karisiksystemverification.com/Documents/private/Automotive-Industry-Tracker/data/raw/images/volkswagen_passat.jpg,/Users/elmedin.karisiksystemverification.com/Documents/private/Automotive-Industry-Tracker/data/processed/resized/volkswagen_passat_resized.jpg,/Users/elmedin.karisiksystemverification.com/Documents/private/Automotive-Industry-Tracker/data/processed/thumbnails/volkswagen_passat_thumb.jpg,/Users/elmedin.karisiksystemverification.com/Documents/private/Automotive-Industry-Tracker/data/processed/webp/volkswagen_passat.webp,JPEG,RGB,960.0,484.0,146.75,volkswagen_passat.jpg,Unknown,Unknown,Unknown,Unknown,Unknown,Unknown,Unknown,Unknown,No GPS data,2026-04-10T11:22:28.690909,2026-04-10T11:22:28.690951,,,,,,,,
word_extraction,2026-04-16 17:54:31.297,1.0,raw_recalls,,,,,automotive_report.docx,word,/Users/elmedin.karisiksystemverification.com/Documents/private/Automotive-Industry-Tracker/data/raw/word/automotive_report.docx,2026-04-16T17:54:31.083758,python-docx,,"[{'style': 'Title', 'text': 'Automotive Industry Recall Report 2020'}, {'style': 'Normal', 'text': 'This report provides an overview of vehicle recalls issued in 2020. Data sourced from NHTSA database covering major VW Group vehicles.'}, {'style': 'Heading 1', 'text': 'Recall Overview'}, {'style': 'Normal', 'text': 'In 2020, several VW Group vehicles were subject to safety recalls. The recalls covered issues ranging from airbag defects to engine problems.'}, {'style': 'Heading 2', 'text': 'Table with Borders'}, {'style': 'Heading 2', 'text': 'Table without Borders'}, {'style': 'Heading 1', 'text': 'Two-Column Section'}, {'style': 'Normal', 'text': 'Left Column: Audi A4 had 3 recalls in 2020 including airbag and brake issues.'}, {'style': 'Normal', 'text': 'Right Column: Volkswagen Golf had 2 recalls related to electrical systems.'}]","[{'table_index': 0, 'data': [['Make', 'Model', 'Year', 'Recalls'], ['Audi', 'A4', '2020', '3'], ['Volkswagen', 'Golf', '2020', '2'], ['Volkswagen', 'Passat', '2020', '3']]}, {'table_index': 1, 'data': [['Make', 'Model', 'Year', 'Recalls'], ['Audi', 'A4', '2020', '3'], ['Volkswagen', 'Golf', '2020', '2'], ['Volkswagen', 'Passat', '2020', '3']]}]",,,,,,,,,,,,,,,,,,,,,,,,,,,,,,,,,,,,,,,,
excel_extraction,2026-04-16 17:54:32.464,1.0,raw_recalls,,,,,automotive_data.xlsx,excel,/Users/elmedin.karisiksystemverification.com/Documents/private/Automotive-Industry-Tracker/data/raw/excel/automotive_data.xlsx,2026-04-16T17:54:32.424108,openpyxl,,,,"[{'sheet_name': 'Recall Summary', 'rows': [['Make', 'Model', 'Year', 'Recall Count', 'Affected Units', 'Total Cost (USD)'], ['Audi', 'A4', '2020', '3', '15000', '2500000'], ['Volkswagen', 'Golf', '2020', '2', '8200', '1200000'], ['Volkswagen', 'Passat', '2020', '3', '5100', '980000'], ['TOTAL', '', '', '=SUM(D2:D4)', '=SUM(E2:E4)', '=SUM(F2:F4)']]}, {'sheet_name': 'Component Details', 'rows': [['Component', 'Issue', 'Make', 'Model', 'Affected Units'], ['Airbag', 'Inflator rupture', 'Audi', 'A4', '15000'], ['Brakes', 'Brake fluid leak', 'Volkswagen', 'Golf', '8200'], ['Engine', 'Oil pressure loss', 'Volkswagen', 'Passat', '5100']]}]",,,,,,,,,,,,,,,,,,,,,,,,,,,,,,,,,,,,,,,
word_extraction,2026-04-16 17:56:16.120,1.0,raw_recalls,,,,,automotive_report.docx,word,/Users/elmedin.karisiksystemverification.com/Documents/private/Automotive-Industry-Tracker/data/raw/word/automotive_report.docx,2026-04-16T17:56:15.906543,python-docx,,"[{'style': 'Title', 'text': 'Automotive Industry Recall Report 2020'}, {'style': 'Normal', 'text': 'This report provides an overview of vehicle recalls issued in 2020. Data sourced from NHTSA database covering major VW Group vehicles.'}, {'style': 'Heading 1', 'text': 'Recall Overview'}, {'style': 'Normal', 'text': 'In 2020, several VW Group vehicles were subject to safety recalls. The recalls covered issues ranging from airbag defects to engine problems.'}, {'style': 'Heading 2', 'text': 'Table with Borders'}, {'style': 'Heading 2', 'text': 'Table without Borders'}, {'style': 'Heading 1', 'text': 'Two-Column Section'}, {'style': 'Normal', 'text': 'Left Column: Audi A4 had 3 recalls in 2020 including airbag and brake issues.'}, {'style': 'Normal', 'text': 'Right Column: Volkswagen Golf had 2 recalls related to electrical systems.'}]","[{'table_index': 0, 'data': [['Make', 'Model', 'Year', 'Recalls'], ['Audi', 'A4', '2020', '3'], ['Volkswagen', 'Golf', '2020', '2'], ['Volkswagen', 'Passat', '2020', '3']]}, {'table_index': 1, 'data': [['Make', 'Model', 'Year', 'Recalls'], ['Audi', 'A4', '2020', '3'], ['Volkswagen', 'Golf', '2020', '2'], ['Volkswagen', 'Passat', '2020', '3']]}]",,,,,,,,,,,,,,,,,,,,,,,,,,,,,,,,,,,,,,,,
excel_extraction,2026-04-16 17:56:16.296,1.0,raw_recalls,,,,,automotive_data.xlsx,excel,/Users/elmedin.karisiksystemverification.com/Documents/private/Automotive-Industry-Tracker/data/raw/excel/automotive_data.xlsx,2026-04-16T17:56:16.256836,openpyxl,,,,"[{'sheet_name': 'Recall Summary', 'rows': [['Make', 'Model', 'Year', 'Recall Count', 'Affected Units', 'Total Cost (USD)'], ['Audi', 'A4', '2020', '3', '15000', '2500000'], ['Volkswagen', 'Golf', '2020', '2', '8200', '1200000'], ['Volkswagen', 'Passat', '2020', '3', '5100', '980000'], ['TOTAL', '', '', '=SUM(D2:D4)', '=SUM(E2:E4)', '=SUM(F2:F4)']]}, {'sheet_name': 'Component Details', 'rows': [['Component', 'Issue', 'Make', 'Model', 'Affected Units'], ['Airbag', 'Inflator rupture', 'Audi', 'A4', '15000'], ['Brakes', 'Brake fluid leak', 'Volkswagen', 'Golf', '8200'], ['Engine', 'Oil pressure loss', 'Volkswagen', 'Passat', '5100']]}]",,,,,,,,,,,,,,,,,,,,,,,,,,,,,,,,,,,,,,,
word_extraction,2026-04-16 17:58:40.643,1.0,raw_recalls,,,,,automotive_report.docx,word,/Users/elmedin.karisiksystemverification.com/Documents/private/Automotive-Industry-Tracker/data/raw/word/automotive_report.docx,2026-04-16T17:58:40.428526,python-docx,,"[{'style': 'Title', 'text': 'Automotive Industry Recall Report 2020'}, {'style': 'Normal', 'text': 'This report provides an overview of vehicle recalls issued in 2020. Data sourced from NHTSA database covering major VW Group vehicles.'}, {'style': 'Heading 1', 'text': 'Recall Overview'}, {'style': 'Normal', 'text': 'In 2020, several VW Group vehicles were subject to safety recalls. The recalls covered issues ranging from airbag defects to engine problems.'}, {'style': 'Heading 2', 'text': 'Table with Borders'}, {'style': 'Heading 2', 'text': 'Table without Borders'}, {'style': 'Heading 1', 'text': 'Two-Column Section'}, {'style': 'Normal', 'text': 'Left Column: Audi A4 had 3 recalls in 2020 including airbag and brake issues.'}, {'style': 'Normal', 'text': 'Right Column: Volkswagen Golf had 2 recalls related to electrical systems.'}]","[{'table_index': 0, 'data': [['Make', 'Model', 'Year', 'Recalls'], ['Audi', 'A4', '2020', '3'], ['Volkswagen', 'Golf', '2020', '2'], ['Volkswagen', 'Passat', '2020', '3']]}, {'table_index': 1, 'data': [['Make', 'Model', 'Year', 'Recalls'], ['Audi', 'A4', '2020', '3'], ['Volkswagen', 'Golf', '2020', '2'], ['Volkswagen', 'Passat', '2020', '3']]}]",,,,,,,,,,,,,,,,,,,,,,,,,,,,,,,,,,,,,,,,
excel_extraction,2026-04-16 17:58:40.825,1.0,raw_recalls,,,,,automotive_data.xlsx,excel,/Users/elmedin.karisiksystemverification.com/Documents/private/Automotive-Industry-Tracker/data/raw/excel/automotive_data.xlsx,2026-04-16T17:58:40.785633,openpyxl,,,,"[{'sheet_name': 'Recall Summary', 'rows': [['Make', 'Model', 'Year', 'Recall Count', 'Affected Units', 'Total Cost (USD)'], ['Audi', 'A4', '2020', '3', '15000', '2500000'], ['Volkswagen', 'Golf', '2020', '2', '8200', '1200000'], ['Volkswagen', 'Passat', '2020', '3', '5100', '980000'], ['TOTAL', '', '', '=SUM(D2:D4)', '=SUM(E2:E4)', '=SUM(F2:F4)']]}, {'sheet_name': 'Component Details', 'rows': [['Component', 'Issue', 'Make', 'Model', 'Affected Units'], ['Airbag', 'Inflator rupture', 'Audi', 'A4', '15000'], ['Brakes', 'Brake fluid leak', 'Volkswagen', 'Golf', '8200'], ['Engine', 'Oil pressure loss', 'Volkswagen', 'Passat', '5100']]}]",,,,,,,,,,,,,,,,,,,,,,,,,,,,,,,,,,,,,,,
nhtsa_api,2026-04-16 17:59:21.523,1.0,raw_recalls,Audi,A4,2020.0,"[{'Manufacturer': 'Volkswagen Group of America, Inc.', 'NHTSACampaignNumber': '22V034000', 'parkIt': False, 'parkOutSide': False, 'overTheAirUpdate': False, 'ReportReceivedDate': '26/01/2022', 'Component': 'TIRES', 'Summary': 'Volkswagen Group of America, Inc. (Audi) is recalling certain 2019-2021 Audi A5 Sportback, RS5 Coupe, RS5 Sportback, S5 Sportback, 2020-2021 A4 Allroad, A4 Sedan, A5 Cabriolet, A5 Coupe, A6 Allroad, A6 Sedan, A7, A8, Q5, S4 Sedan, S5 Coupe, S5 Cabriolet, S6 Sedan, S7, S8, SQ5, 2021 Q5 Sportback, Q7, Q8, RS6 Avant, RS7, RSQ8, SQ5 Sportback, SQ7, and SQ8 vehicles.  The rear axle alignment may not have been inspected after the repairs for Recall 21V-295 (42L1) were performed.', 'Consequence': 'Rear axle misalignment may cause premature or uneven tire wear, increasing the risk of a crash.', 'Remedy': ""Dealers will inspect the rear axle, adjust the alignment as necessary, and replace any prematurely or unevenly worn tires, free of charge.  Owner notification letters were mailed March 3, 2022.  Owners may contact Audi customer service at 1-800-253-2834.  Audi's number for this recall is 42L5."", 'Notes': 'Owners may also contact the National Highway Traffic Safety Administration Vehicle Safety Hotline at 1-888-327-4236 (TTY 1-800-424-9153), or go to www.nhtsa.gov.', 'ModelYear': '2020', 'Make': 'AUDI', 'Model': 'A4'}, {'Manufacturer': 'Volkswagen Group of America, Inc.', 'NHTSACampaignNumber': '21V295000', 'parkIt': False, 'parkOutSide': False, 'overTheAirUpdate': False, 'ReportReceivedDate': '26/04/2021', 'Component': 'SUSPENSION:REAR:AXLE:NON-POWERED AXLE ASSEMBLY', 'Summary': 'Volkswagen Group of America, Inc. (Audi) is recalling certain 2021 Q7, Q8, Q5 Sportback, SQ5 Sportback, RS6 Avant, RS7, RS Q8, 2020-2021 Audi S6 sedan, Q5, A8, S8, A7, A6 Allroad, A5 Cabriolet, A4 sedan, A4 Allroad, SQ5, S7, A6 sedan, S5 coupe, S4 sedan, S5 Cabriolet, A5 coupe, 2019-2021 RS5 coupe, A5 Sportback, S5 Sportback, RS5 Sportback vehicles.  The lock nut on the trailing arm of the rear axle may break due to stress corrosion.', 'Consequence': 'A broken lock nut may misalign the rear axle, causing a loss of control and increasing the risk of a crash.', 'Remedy': ""Dealers will replace the lock nuts and, if necessary, the associated bolts, free of charge.  Owner notification letters were mailed June 4, 2021.  Owners may contact Audi customer service at 1-800-253-2834.  Audi's number for this recall is 42L1."", 'Notes': 'Owners may also contact the National Highway Traffic Safety Administration Vehicle Safety Hotline at 1-888-327-4236 (TTY 1-800-424-9153), or go to www.safercar.gov.', 'ModelYear': '2020', 'Make': 'AUDI', 'Model': 'A4'}, {'Manufacturer': 'Volkswagen Group of America, Inc.', 'NHTSACampaignNumber': '21V874000', 'parkIt': False, 'parkOutSide': False, 'overTheAirUpdate': False, 'ReportReceivedDate': '10/11/2021', 'Component': 'SEATS', 'Summary': 'Volkswagen Group of America, Inc. (Audi) is recalling certain 2017-2020 A4 Allroad, A4 Sedan, 2018-2019 RS5 Coupe, 2019 RS5 Sportback, 2018-2020 A5 Cabriolet, A5 Coupe, A5 Sportback, S4 Sedan, S5 Cabriolet, S5 Coupe, and Audi S5 Sportback vehicles.  The cable connecting the seat heater to the Passenger Occupant Detection System (PODS) may have a contact fault, causing the software to misdiagnose a malfunction and disable the passenger air bag.', 'Consequence': 'A disabled passenger air bag increases the risk of injury in the event of a crash.', 'Remedy': ""Dealers will replace the connecting cable and either the heating mat or entire seat cover, free of charge.  Owner notification letters were mailed January 7, 2022.  Owners may contact Audi customer service at 1-800-253-2834.  Audi's number for this recall is 74E3.  This recall is an expansion of Recall 19V-547 (74D9).  Vehicles previously repaired under 19V-547 will need to return for the new remedy."", 'Notes': 'Owners may also contact the National Highway Traffic Safety Administration Vehicle Safety Hotline at 1-888-327-4236 (TTY 1-800-424-9153), or go to www.nhtsa.gov.', 'ModelYear': '2020', 'Make': 'AUDI', 'Model': 'A4'}]",,,,,,,,,,,,,,,,,,,,,,,,,,,,,,,,,,,,,,,,,,,,,,,,
nhtsa_api,2026-04-16 17:59:21.533,1.0,raw_recalls,Volkswagen,Golf,2020.0,"[{'Manufacturer': 'Volkswagen Group of America, Inc.', 'NHTSACampaignNumber': '22V815000', 'parkIt': False, 'parkOutSide': False, 'overTheAirUpdate': False, 'ReportReceivedDate': '31/10/2022', 'Component': 'TIRES:PRESSURE MONITORING AND REGULATING SYSTEMS', 'Summary': 'Volkswagen Group of America, Inc. (Volkswagen) is recalling certain 2019 Volkswagen Tiguan LWB, Golf Sportswagen A7, Golf Alltrack, Golf R GP, Audi Q3, Audi A3 Cabriolet, 2019-2020 Jetta NF, Jetta GLI, Golf GTI, Atlas, Golf A7, Audi A3, 2020-2021 Atlas Cross Sport, and 2021 Atlas FL vehicles.  The tire pressure monitoring system may not detect an air pressure loss in adequate time when deflating occurs among all four tires simultaneously.  As such, these vehicles fail to comply with the requirements of Federal Motor Vehicle Safety Standard number 138, ""Tire Pressure Monitoring Systems.""', 'Consequence': 'An undetected sudden loss of pressure in all four tires increases the risk of a crash.', 'Remedy': ""Dealers will update the TPMS software, free of charge.  Owner notification letters were mailed November 18, 2022.  Owners may contact Volkswagen's customer service at 1-800-893-5298 or Audi\x92s customer service at 1-800-253-2834.  Volkswagen's numbers for this recall are (Audi) 45J7, and (VW) 45J6 and 45J8."", 'Notes': 'Owners may also contact the National Highway Traffic Safety Administration Vehicle Safety Hotline at 1-888-327-4236 (TTY 1-800-424-9153), or go to www.safercar.gov.', 'ModelYear': '2020', 'Make': 'VOLKSWAGEN', 'Model': 'GOLF'}, {'Manufacturer': 'Volkswagen Group of America, Inc.', 'NHTSACampaignNumber': '24V110000', 'parkIt': False, 'parkOutSide': False, 'overTheAirUpdate': False, 'NHTSAActionNumber': 'RQ23007', 'ReportReceivedDate': '14/02/2024', 'Component': 'FUEL SYSTEM, GASOLINE', 'Summary': 'Volkswagen Group of America, Inc. (Volkswagen) is recalling certain front-wheel drive 2015-2020 Audi A3 Sedan, 2015-2019 Audi A3 Cabriolet, 2019-2020 Volkswagen Jetta GLI, 2018 Golf Sportwagen GP, 2018-2019 Golf Sportwagen A7, 2015-2017 Golf Sportwagen, 2015-2020 Golf GTI, and 2015-2020 Golf A7 vehicles.  Due to a problem with a suction jet pump seal inside the fuel tank, fuel may flow into the evaporative emissions (EVAP) system and possibly leak out of the charcoal canister.', 'Consequence': 'A fuel leak in the presence of an ignition source increases the risk of a fire.', 'Remedy': ""Dealers will replace the suction pump, free of charge.  Final owner notification letters for Audi owners were mailed on July 25, 2024.  Final owner letters for VW owners were mailed on August 13, 2024.  Owners may contact Volkswagen customer service at 1-800-893-5298 or Audi customer service at 1-800-253-2834.  Volkswagen's numbers for this recall are VW: 20UF/Audi: 20YF.  Vehicles that were previously recalled under 16V-647 will need to have the new remedy completed.  This recall expands and replaces previous recall number 16V-647."", 'Notes': 'Owners may also contact the National Highway Traffic Safety Administration Vehicle Safety Hotline at 1-888-327-4236 (TTY 1-800-424-9153), or go to www.nhtsa.gov.', 'ModelYear': '2020', 'Make': 'VOLKSWAGEN', 'Model': 'GOLF'}]",,,,,,,,,,,,,,,,,,,,,,,,,,,,,,,,,,,,,,,,,,,,,,,,
nhtsa_api,2026-04-16 17:59:21.541,1.0,raw_recalls,Volkswagen,Passat,2020.0,"[{'Manufacturer': 'Volkswagen Group of America, Inc.', 'NHTSACampaignNumber': '19V389000', 'parkIt': False, 'parkOutSide': False, 'overTheAirUpdate': False, 'ReportReceivedDate': '22/05/2019', 'Component': 'EXTERIOR LIGHTING:HEADLIGHTS', 'Summary': 'Volkswagen Group of America, Inc. (Volkswagen) is recalling certain 2012-2020 Volkswagen Passat and 2018-2019 Atlas vehicles.  The blocking cap disabling the adjustment of the headlight\'s horizontal aim may not have been installed.  As such, these vehicles fail to conform to Federal Motor Vehicle Safety Standard (FMVSS) number 108, ""Lamps, Reflective Devices, and Associated Equipment.""', 'Consequence': 'Without the blocking cap, the headlight aim can be adjusted out of specification, reducing visibility and increasing the risk of a crash.', 'Remedy': ""Volkswagen will notify owners, and dealers will inspect and, as necessary, block the headlight horizontal adjustment, free of charge.  The recall began July 16, 2019.  Owners may contact Volkswagen customer service at 1-800-253-2834.  Volkswagen's number for this recall is 94L9."", 'Notes': 'Owners may also contact the National Highway Traffic Safety Administration Vehicle Safety Hotline at 1-888-327-4236 (TTY 1-800-424-9153), or go to www.safercar.gov.', 'ModelYear': '2020', 'Make': 'VOLKSWAGEN', 'Model': 'PASSAT'}, {'Manufacturer': 'Volkswagen Group of America, Inc.', 'NHTSACampaignNumber': '19V218000', 'parkIt': False, 'parkOutSide': False, 'overTheAirUpdate': False, 'ReportReceivedDate': '20/03/2019', 'Component': 'AIR BAGS:SIDE/WINDOW', 'Summary': 'Volkswagen Group of America, Inc. (Volkswagen) is recalling certain 2019 Atlas and 2020 Passat vehicles.  An incorrect driver and/or front passenger side impact air bag may have been installed.', 'Consequence': 'In an event of a side impact crash, an incorrect side airbag may not deploy as intended, increasing the risk of injury.', 'Remedy': ""Volkswagen has inspected and replaced the side air bags, free of charge.  The recall was completed in April 2019.  Owners may contact Volkswagen customer service at 1-800-893-5298.  Volkswagen's number for this recall is 69Y8."", 'Notes': 'Owners may also contact the National Highway Traffic Safety Administration Vehicle Safety Hotline at 1-888-327-4236 (TTY 1-800-424-9153), or go to www.safercar.gov.', 'ModelYear': '2020', 'Make': 'VOLKSWAGEN', 'Model': 'PASSAT'}, {'Manufacturer': 'Volkswagen Group of America, Inc.', 'NHTSACampaignNumber': '20V533000', 'parkIt': False, 'parkOutSide': False, 'overTheAirUpdate': False, 'ReportReceivedDate': '02/09/2020', 'Component': 'AIR BAGS:PASSENGER SIDE FRONTAL:CUSHION', 'Summary': 'Volkswagen Group of America, Inc. (Volkswagen) is recalling certain 2020 Passat vehicles.  The passenger frontal air bag may have been folded incorrectly affecting its deployment force.  As such, these vehicles fail to comply with the requirements of Federal Motor Vehicle Safety Standard number 208, ""Occupant Crash Protection.""', 'Consequence': 'An incorrectly folded air bag can deploy with too much force, increasing the risk of injury.', 'Remedy': ""Volkswagen will notify owners, and dealers will replace the passenger frontal air bag, free of charge.  The recall began October 14, 2020.  Owners may contact Volkswagen customer service at 1-888-241-2289.  Volkswagen's number for this recall is 69AY."", 'Notes': 'Owners may also contact the National Highway Traffic Safety Administration Vehicle Safety Hotline at 1-888-327-4236 (TTY 1-800-424-9153), or go to www.safercar.gov.', 'ModelYear': '2020', 'Make': 'VOLKSWAGEN', 'Model': 'PASSAT'}]",,,,,,,,,,,,,,,,,,,,,,,,,,,,,,,,,,,,,,,,,,,,,,,,
pdf_extraction,2026-04-16 17:59:21.588,1.0,raw_recalls,,,,,automotive_report_twocolumn.pdf,pdf,/Users/elmedin.karisiksystemverification.com/Documents/private/Automotive-Industry-Tracker/data/raw/pdf/automotive_report_twocolumn.pdf,2026-04-16T17:59:21.556129,pdfplumber,"[{'page_number': 1, 'text': 'Automotive Two-Column Report\nAudi A4 Recalls Volkswagen Golf Recalls\nThe Audi A4 2020 had 3 recalls related to airbag, The Volkswagen Golf 2020 had 2 recalls related to\nbrake, and engine issues reported to NHTSA. electrical systems and fuel systems.\nComponent Recall Details (with borders)\nComponent Issue Affected Units\nAirbag Inflator rupture 15,000\nBrakes Brake fluid leak 8,200\nEngine Oil pressure loss 5,100\nComponent Recall Details (without borders)\nComponent Issue Affected Units\nAirbag Inflator rupture 15,000\nBrakes Brake fluid leak 8,200\nEngine Oil pressure loss 5,100', 'tables': [[['Component', 'Issue', 'Affected Units'], ['Airbag', 'Inflator rupture', '15,000'], ['Brakes', 'Brake fluid leak', '8,200'], ['Engine', 'Oil pressure loss', '5,100']]]}]",,,,,,,,,,,,,,,,,,,,,,,,,,,,,,,,,,,,,,,,,,
pdf_extraction,2026-04-16 17:59:21.614,1.0,raw_recalls,,,,,automotive_report_normal.pdf,pdf,/Users/elmedin.karisiksystemverification.com/Documents/private/Automotive-Industry-Tracker/data/raw/pdf/automotive_report_normal.pdf,2026-04-16T17:59:21.592306,pdfplumber,"[{'page_number': 1, 'text': 'Automotive Industry Recall Report 2020\nIntroduction\nThis report provides an overview of vehicle recalls issued in 2020 for major automotive brands including\nAudi, Volkswagen, and Skoda. Data sourced from NHTSA.\nRecall Summary Table (with borders)\nMake Model Year Recalls\nAudi A4 2020 3\nVolkswagen Golf 2020 2\nVolkswagen Passat 2020 3\nRecall Summary Table (without borders)\nMake Model Year Recalls\nAudi A4 2020 3\nVolkswagen Golf 2020 2\nVolkswagen Passat 2020 3', 'tables': [[['Make', 'Model', 'Year', 'Recalls'], ['Audi', 'A4', '2020', '3'], ['Volkswagen', 'Golf', '2020', '2'], ['Volkswagen', 'Passat', '2020', '3']]]}]",,,,,,,,,,,,,,,,,,,,,,,,,,,,,,,,,,,,,,,,,,
word_extraction,2026-04-16 17:59:21.821,1.0,raw_recalls,,,,,automotive_report.docx,word,/Users/elmedin.karisiksystemverification.com/Documents/private/Automotive-Industry-Tracker/data/raw/word/automotive_report.docx,2026-04-16T17:59:21.619822,python-docx,,"[{'style': 'Title', 'text': 'Automotive Industry Recall Report 2020'}, {'style': 'Normal', 'text': 'This report provides an overview of vehicle recalls issued in 2020. Data sourced from NHTSA database covering major VW Group vehicles.'}, {'style': 'Heading 1', 'text': 'Recall Overview'}, {'style': 'Normal', 'text': 'In 2020, several VW Group vehicles were subject to safety recalls. The recalls covered issues ranging from airbag defects to engine problems.'}, {'style': 'Heading 2', 'text': 'Table with Borders'}, {'style': 'Heading 2', 'text': 'Table without Borders'}, {'style': 'Heading 1', 'text': 'Two-Column Section'}, {'style': 'Normal', 'text': 'Left Column: Audi A4 had 3 recalls in 2020 including airbag and brake issues.'}, {'style': 'Normal', 'text': 'Right Column: Volkswagen Golf had 2 recalls related to electrical systems.'}]","[{'table_index': 0, 'data': [['Make', 'Model', 'Year', 'Recalls'], ['Audi', 'A4', '2020', '3'], ['Volkswagen', 'Golf', '2020', '2'], ['Volkswagen', 'Passat', '2020', '3']]}, {'table_index': 1, 'data': [['Make', 'Model', 'Year', 'Recalls'], ['Audi', 'A4', '2020', '3'], ['Volkswagen', 'Golf', '2020', '2'], ['Volkswagen', 'Passat', '2020', '3']]}]",,,,,,,,,,,,,,,,,,,,,,,,,,,,,,,,,,,,,,,,
excel_extraction,2026-04-16 17:59:21.861,1.0,raw_recalls,,,,,automotive_data.xlsx,excel,/Users/elmedin.karisiksystemverification.com/Documents/private/Automotive-Industry-Tracker/data/raw/excel/automotive_data.xlsx,2026-04-16T17:59:21.826306,openpyxl,,,,"[{'sheet_name': 'Recall Summary', 'rows': [['Make', 'Model', 'Year', 'Recall Count', 'Affected Units', 'Total Cost (USD)'], ['Audi', 'A4', '2020', '3', '15000', '2500000'], ['Volkswagen', 'Golf', '2020', '2', '8200', '1200000'], ['Volkswagen', 'Passat', '2020', '3', '5100', '980000'], ['TOTAL', '', '', '=SUM(D2:D4)', '=SUM(E2:E4)', '=SUM(F2:F4)']]}, {'sheet_name': 'Component Details', 'rows': [['Component', 'Issue', 'Make', 'Model', 'Affected Units'], ['Airbag', 'Inflator rupture', 'Audi', 'A4', '15000'], ['Brakes', 'Brake fluid leak', 'Volkswagen', 'Golf', '8200'], ['Engine', 'Oil pressure loss', 'Volkswagen', 'Passat', '5100']]}]",,,,,,,,,,,,,,,,,,,,,,,,,,,,,,,,,,,,,,,
web_scraping,2026-04-16 17:59:21.872,1.0,raw_recalls,,,,,,,local_html/page_1.html,,,,,,,2026-04-16T17:59:21.867554,,,,Audi A4 2020,"Luxury sedan with 2.0L TFSI engine, 190hp. Known for premium interior and advanced driver assistance.","$39,900",/cars/audi-a4-2020,1.0,,,,,,,,,,,,,,,,,,,,,,,,,,,,,,
web_scraping,2026-04-16 17:59:21.899,1.0,raw_recalls,,,,,,,local_html/page_1.html,,,,,,,2026-04-16T17:59:21.867736,,,,Audi A4 2019,Previous generation A4 with quattro all-wheel drive. Excellent safety ratings from NHTSA.,"$36,500",/cars/audi-a4-2019,1.0,,,,,,,,,,,,,,,,,,,,,,,,,,,,,,
web_scraping,2026-04-16 17:59:21.903,1.0,raw_recalls,,,,,,,local_html/page_1.html,,,,,,,2026-04-16T17:59:21.867865,,,,Audi A4 2018,Reliable executive sedan. NHTSA recall issued for airbag inflator replacement.,"$33,200",/cars/audi-a4-2018,1.0,,,,,,,,,,,,,,,,,,,,,,,,,,,,,,
web_scraping,2026-04-16 17:59:21.907,1.0,raw_recalls,,,,,,,local_html/page_2.html,,,,,,,2026-04-16T17:59:21.868723,,,,Volkswagen Golf 2020,Compact hatchback with 1.4L TSI engine. Popular choice in European markets.,"$23,195",/cars/volkswagen-golf-2020,2.0,,,,,,,,,,,,,,,,,,,,,,,,,,,,,,
web_scraping,2026-04-16 17:59:21.914,1.0,raw_recalls,,,,,,,local_html/page_2.html,,,,,,,2026-04-16T17:59:21.868871,,,,Volkswagen Golf 2019,"Award-winning hatchback. NHTSA recall for brake system defect affecting 8,200 units.","$21,500",/cars/volkswagen-golf-2019,2.0,,,,,,,,,,,,,,,,,,,,,,,,,,,,,,
web_scraping,2026-04-16 17:59:21.921,1.0,raw_recalls,,,,,,,local_html/page_2.html,,,,,,,2026-04-16T17:59:21.869047,,,,Volkswagen Golf GTI 2020,Performance variant with 228hp turbocharged engine and sport suspension.,"$29,995",/cars/volkswagen-golf-gti-2020,2.0,,,,,,,,,,,,,,,,,,,,,,,,,,,,,,
web_scraping,2026-04-16 17:59:21.923,1.0,raw_recalls,,,,,,,local_html/page_3.html,,,,,,,2026-04-16T17:59:21.869824,,,,Volkswagen Passat 2020,Midsize sedan with spacious interior. NHTSA recall for fuel pump defect.,"$24,990",/cars/volkswagen-passat-2020,3.0,,,,,,,,,,,,,,,,,,,,,,,,,,,,,,
web_scraping,2026-04-16 17:59:21.927,1.0,raw_recalls,,,,,,,local_html/page_3.html,,,,,,,2026-04-16T17:59:21.869956,,,,Volkswagen Passat 2019,Business-class sedan with advanced connectivity features and comfort.,"$22,800",/cars/volkswagen-passat-2019,3.0,,,,,,,,,,,,,,,,,,,,,,,,,,,,,,
web_scraping,2026-04-16 17:59:21.932,1.0,raw_recalls,,,,,,,local_html/page_3.html,,,,,,,2026-04-16T17:59:21.870081,,,,Skoda Octavia 2020,Czech-made sedan offering exceptional value. Part of VW Group platform.,"$19,990",/cars/skoda-octavia-2020,3.0,,,,,,,,,,,,,,,,,,,,,,,,,,,,,,
dynamic_scraping,2026-04-16 17:59:23.628,1.0,raw_recalls,Audi,A4,2020.0,"[{'Manufacturer': 'Volkswagen Group of America, Inc.', 'NHTSACampaignNumber': '22V034000', 'parkIt': False, 'parkOutSide': False, 'overTheAirUpdate': False, 'ReportReceivedDate': '26/01/2022', 'Component': 'TIRES', 'Summary': 'Volkswagen Group of America, Inc. (Audi) is recalling certain 2019-2021 Audi A5 Sportback, RS5 Coupe, RS5 Sportback, S5 Sportback, 2020-2021 A4 Allroad, A4 Sedan, A5 Cabriolet, A5 Coupe, A6 Allroad, A6 Sedan, A7, A8, Q5, S4 Sedan, S5 Coupe, S5 Cabriolet, S6 Sedan, S7, S8, SQ5, 2021 Q5 Sportback, Q7, Q8, RS6 Avant, RS7, RSQ8, SQ5 Sportback, SQ7, and SQ8 vehicles.  The rear axle alignment may not have been inspected after the repairs for Recall 21V-295 (42L1) were performed.', 'Consequence': 'Rear axle misalignment may cause premature or uneven tire wear, increasing the risk of a crash.', 'Remedy': ""Dealers will inspect the rear axle, adjust the alignment as necessary, and replace any prematurely or unevenly worn tires, free of charge.  Owner notification letters were mailed March 3, 2022.  Owners may contact Audi customer service at 1-800-253-2834.  Audi's number for this recall is 42L5."", 'Notes': 'Owners may also contact the National Highway Traffic Safety Administration Vehicle Safety Hotline at 1-888-327-4236 (TTY 1-800-424-9153), or go to www.nhtsa.gov.', 'ModelYear': '2020', 'Make': 'AUDI', 'Model': 'A4'}, {'Manufacturer': 'Volkswagen Group of America, Inc.', 'NHTSACampaignNumber': '21V295000', 'parkIt': False, 'parkOutSide': False, 'overTheAirUpdate': False, 'ReportReceivedDate': '26/04/2021', 'Component': 'SUSPENSION:REAR:AXLE:NON-POWERED AXLE ASSEMBLY', 'Summary': 'Volkswagen Group of America, Inc. (Audi) is recalling certain 2021 Q7, Q8, Q5 Sportback, SQ5 Sportback, RS6 Avant, RS7, RS Q8, 2020-2021 Audi S6 sedan, Q5, A8, S8, A7, A6 Allroad, A5 Cabriolet, A4 sedan, A4 Allroad, SQ5, S7, A6 sedan, S5 coupe, S4 sedan, S5 Cabriolet, A5 coupe, 2019-2021 RS5 coupe, A5 Sportback, S5 Sportback, RS5 Sportback vehicles.  The lock nut on the trailing arm of the rear axle may break due to stress corrosion.', 'Consequence': 'A broken lock nut may misalign the rear axle, causing a loss of control and increasing the risk of a crash.', 'Remedy': ""Dealers will replace the lock nuts and, if necessary, the associated bolts, free of charge.  Owner notification letters were mailed June 4, 2021.  Owners may contact Audi customer service at 1-800-253-2834.  Audi's number for this recall is 42L1."", 'Notes': 'Owners may also contact the National Highway Traffic Safety Administration Vehicle Safety Hotline at 1-888-327-4236 (TTY 1-800-424-9153), or go to www.safercar.gov.', 'ModelYear': '2020', 'Make': 'AUDI', 'Model': 'A4'}, {'Manufacturer': 'Volkswagen Group of America, Inc.', 'NHTSACampaignNumber': '21V874000', 'parkIt': False, 'parkOutSide': False, 'overTheAirUpdate': False, 'ReportReceivedDate': '10/11/2021', 'Component': 'SEATS', 'Summary': 'Volkswagen Group of America, Inc. (Audi) is recalling certain 2017-2020 A4 Allroad, A4 Sedan, 2018-2019 RS5 Coupe, 2019 RS5 Sportback, 2018-2020 A5 Cabriolet, A5 Coupe, A5 Sportback, S4 Sedan, S5 Cabriolet, S5 Coupe, and Audi S5 Sportback vehicles.  The cable connecting the seat heater to the Passenger Occupant Detection System (PODS) may have a contact fault, causing the software to misdiagnose a malfunction and disable the passenger air bag.', 'Consequence': 'A disabled passenger air bag increases the risk of injury in the event of a crash.', 'Remedy': ""Dealers will replace the connecting cable and either the heating mat or entire seat cover, free of charge.  Owner notification letters were mailed January 7, 2022.  Owners may contact Audi customer service at 1-800-253-2834.  Audi's number for this recall is 74E3.  This recall is an expansion of Recall 19V-547 (74D9).  Vehicles previously repaired under 19V-547 will need to return for the new remedy."", 'Notes': 'Owners may also contact the National Highway Traffic Safety Administration Vehicle Safety Hotline at 1-888-327-4236 (TTY 1-800-424-9153), or go to www.nhtsa.gov.', 'ModelYear': '2020', 'Make': 'AUDI', 'Model': 'A4'}]",,,https://api.nhtsa.gov/recalls/recallsByVehicle?make=Audi&model=A4&modelYear=2020,,,,,,,2026-04-16T17:59:23.616854,json_api,,,,,,,,,,,,,,,,,,,,,,,,,,,,,,,,,,,,,
dynamic_scraping,2026-04-16 17:59:25.334,1.0,raw_recalls,Volkswagen,Golf,2020.0,"[{'Manufacturer': 'Volkswagen Group of America, Inc.', 'NHTSACampaignNumber': '22V815000', 'parkIt': False, 'parkOutSide': False, 'overTheAirUpdate': False, 'ReportReceivedDate': '31/10/2022', 'Component': 'TIRES:PRESSURE MONITORING AND REGULATING SYSTEMS', 'Summary': 'Volkswagen Group of America, Inc. (Volkswagen) is recalling certain 2019 Volkswagen Tiguan LWB, Golf Sportswagen A7, Golf Alltrack, Golf R GP, Audi Q3, Audi A3 Cabriolet, 2019-2020 Jetta NF, Jetta GLI, Golf GTI, Atlas, Golf A7, Audi A3, 2020-2021 Atlas Cross Sport, and 2021 Atlas FL vehicles.  The tire pressure monitoring system may not detect an air pressure loss in adequate time when deflating occurs among all four tires simultaneously.  As such, these vehicles fail to comply with the requirements of Federal Motor Vehicle Safety Standard number 138, ""Tire Pressure Monitoring Systems.""', 'Consequence': 'An undetected sudden loss of pressure in all four tires increases the risk of a crash.', 'Remedy': ""Dealers will update the TPMS software, free of charge.  Owner notification letters were mailed November 18, 2022.  Owners may contact Volkswagen's customer service at 1-800-893-5298 or Audi\x92s customer service at 1-800-253-2834.  Volkswagen's numbers for this recall are (Audi) 45J7, and (VW) 45J6 and 45J8."", 'Notes': 'Owners may also contact the National Highway Traffic Safety Administration Vehicle Safety Hotline at 1-888-327-4236 (TTY 1-800-424-9153), or go to www.safercar.gov.', 'ModelYear': '2020', 'Make': 'VOLKSWAGEN', 'Model': 'GOLF'}, {'Manufacturer': 'Volkswagen Group of America, Inc.', 'NHTSACampaignNumber': '24V110000', 'parkIt': False, 'parkOutSide': False, 'overTheAirUpdate': False, 'NHTSAActionNumber': 'RQ23007', 'ReportReceivedDate': '14/02/2024', 'Component': 'FUEL SYSTEM, GASOLINE', 'Summary': 'Volkswagen Group of America, Inc. (Volkswagen) is recalling certain front-wheel drive 2015-2020 Audi A3 Sedan, 2015-2019 Audi A3 Cabriolet, 2019-2020 Volkswagen Jetta GLI, 2018 Golf Sportwagen GP, 2018-2019 Golf Sportwagen A7, 2015-2017 Golf Sportwagen, 2015-2020 Golf GTI, and 2015-2020 Golf A7 vehicles.  Due to a problem with a suction jet pump seal inside the fuel tank, fuel may flow into the evaporative emissions (EVAP) system and possibly leak out of the charcoal canister.', 'Consequence': 'A fuel leak in the presence of an ignition source increases the risk of a fire.', 'Remedy': ""Dealers will replace the suction pump, free of charge.  Final owner notification letters for Audi owners were mailed on July 25, 2024.  Final owner letters for VW owners were mailed on August 13, 2024.  Owners may contact Volkswagen customer service at 1-800-893-5298 or Audi customer service at 1-800-253-2834.  Volkswagen's numbers for this recall are VW: 20UF/Audi: 20YF.  Vehicles that were previously recalled under 16V-647 will need to have the new remedy completed.  This recall expands and replaces previous recall number 16V-647."", 'Notes': 'Owners may also contact the National Highway Traffic Safety Administration Vehicle Safety Hotline at 1-888-327-4236 (TTY 1-800-424-9153), or go to www.nhtsa.gov.', 'ModelYear': '2020', 'Make': 'VOLKSWAGEN', 'Model': 'GOLF'}]",,,https://api.nhtsa.gov/recalls/recallsByVehicle?make=Volkswagen&model=Golf&modelYear=2020,,,,,,,2026-04-16T17:59:25.330962,json_api,,,,,,,,,,,,,,,,,,,,,,,,,,,,,,,,,,,,,
dynamic_scraping,2026-04-16 17:59:27.096,1.0,raw_recalls,Volkswagen,Passat,2020.0,"[{'Manufacturer': 'Volkswagen Group of America, Inc.', 'NHTSACampaignNumber': '19V389000', 'parkIt': False, 'parkOutSide': False, 'overTheAirUpdate': False, 'ReportReceivedDate': '22/05/2019', 'Component': 'EXTERIOR LIGHTING:HEADLIGHTS', 'Summary': 'Volkswagen Group of America, Inc. (Volkswagen) is recalling certain 2012-2020 Volkswagen Passat and 2018-2019 Atlas vehicles.  The blocking cap disabling the adjustment of the headlight\'s horizontal aim may not have been installed.  As such, these vehicles fail to conform to Federal Motor Vehicle Safety Standard (FMVSS) number 108, ""Lamps, Reflective Devices, and Associated Equipment.""', 'Consequence': 'Without the blocking cap, the headlight aim can be adjusted out of specification, reducing visibility and increasing the risk of a crash.', 'Remedy': ""Volkswagen will notify owners, and dealers will inspect and, as necessary, block the headlight horizontal adjustment, free of charge.  The recall began July 16, 2019.  Owners may contact Volkswagen customer service at 1-800-253-2834.  Volkswagen's number for this recall is 94L9."", 'Notes': 'Owners may also contact the National Highway Traffic Safety Administration Vehicle Safety Hotline at 1-888-327-4236 (TTY 1-800-424-9153), or go to www.safercar.gov.', 'ModelYear': '2020', 'Make': 'VOLKSWAGEN', 'Model': 'PASSAT'}, {'Manufacturer': 'Volkswagen Group of America, Inc.', 'NHTSACampaignNumber': '19V218000', 'parkIt': False, 'parkOutSide': False, 'overTheAirUpdate': False, 'ReportReceivedDate': '20/03/2019', 'Component': 'AIR BAGS:SIDE/WINDOW', 'Summary': 'Volkswagen Group of America, Inc. (Volkswagen) is recalling certain 2019 Atlas and 2020 Passat vehicles.  An incorrect driver and/or front passenger side impact air bag may have been installed.', 'Consequence': 'In an event of a side impact crash, an incorrect side airbag may not deploy as intended, increasing the risk of injury.', 'Remedy': ""Volkswagen has inspected and replaced the side air bags, free of charge.  The recall was completed in April 2019.  Owners may contact Volkswagen customer service at 1-800-893-5298.  Volkswagen's number for this recall is 69Y8."", 'Notes': 'Owners may also contact the National Highway Traffic Safety Administration Vehicle Safety Hotline at 1-888-327-4236 (TTY 1-800-424-9153), or go to www.safercar.gov.', 'ModelYear': '2020', 'Make': 'VOLKSWAGEN', 'Model': 'PASSAT'}, {'Manufacturer': 'Volkswagen Group of America, Inc.', 'NHTSACampaignNumber': '20V533000', 'parkIt': False, 'parkOutSide': False, 'overTheAirUpdate': False, 'ReportReceivedDate': '02/09/2020', 'Component': 'AIR BAGS:PASSENGER SIDE FRONTAL:CUSHION', 'Summary': 'Volkswagen Group of America, Inc. (Volkswagen) is recalling certain 2020 Passat vehicles.  The passenger frontal air bag may have been folded incorrectly affecting its deployment force.  As such, these vehicles fail to comply with the requirements of Federal Motor Vehicle Safety Standard number 208, ""Occupant Crash Protection.""', 'Consequence': 'An incorrectly folded air bag can deploy with too much force, increasing the risk of injury.', 'Remedy': ""Volkswagen will notify owners, and dealers will replace the passenger frontal air bag, free of charge.  The recall began October 14, 2020.  Owners may contact Volkswagen customer service at 1-888-241-2289.  Volkswagen's number for this recall is 69AY."", 'Notes': 'Owners may also contact the National Highway Traffic Safety Administration Vehicle Safety Hotline at 1-888-327-4236 (TTY 1-800-424-9153), or go to www.safercar.gov.', 'ModelYear': '2020', 'Make': 'VOLKSWAGEN', 'Model': 'PASSAT'}]",,,https://api.nhtsa.gov/recalls/recallsByVehicle?make=Volkswagen&model=Passat&modelYear=2020,,,,,,,2026-04-16T17:59:27.095110,json_api,,,,,,,,,,,,,,,,,,,,,,,,,,,,,,,,,,,,,
selenium_scraping,2026-04-16 17:59:45.146,1.0,raw_recalls,,,,,,,https://www.wikipedia.org/wiki/Audi,,,,,,,2026-04-16T17:59:45.059114,selenium,,,Audi - Wikipedia,,,,,"Audi AG[a] is a German automotive manufacturer of luxury vehicles headquartered in Ingolstadt, Bavaria, Germany. A wholly owned subsidiary of the Volkswagen Group, Audi produces vehicles in nine production facilities worldwide. The origins of the company are complex, dating back to the early 20th century and the initial enterprises (Horch and the Audiwerke) founded by engineer August Horch. Two other manufacturers (DKW and Wanderer) also contributed to the foundation of Auto Union in 1932. The modern Audi era began in the 1960s, when Auto Union was acquired by Volkswagen from Daimler-Benz.[7] Volkswagen relaunched the Audi brand with the 1965 introduction of the Audi F103 series, and merged Auto Union with NSU Motorenwerke in 1969, thus creating the present-day form of the company.",,,,,,,,,,,,,,,,,,,,,,,,,,,,,
ocr_image,2026-04-16 17:59:45.845,1.0,raw_recalls,,,,,audi_a4.jpg,image_ocr,/Users/elmedin.karisiksystemverification.com/Documents/private/Automotive-Industry-Tracker/data/raw/images/audi_a4.jpg,2026-04-16T17:59:45.841057,pytesseract,,,,,,,,"i mH I ui Le

",,,,,,,,,,,,,,,,,,,,,,,,,,,,,,,,,,,
ocr_image,2026-04-16 17:59:46.059,1.0,raw_recalls,,,,,volkswagen_golf.jpg,image_ocr,/Users/elmedin.karisiksystemverification.com/Documents/private/Automotive-Industry-Tracker/data/raw/images/volkswagen_golf.jpg,2026-04-16T17:59:46.058389,pytesseract,,,,,,,,,,,,,,,,,,,,,,,,,,,,,,,,,,,,,,,,,,,
ocr_image,2026-04-16 17:59:46.266,1.0,raw_recalls,,,,,volkswagen_id4.jpg,image_ocr,/Users/elmedin.karisiksystemverification.com/Documents/private/Automotive-Industry-Tracker/data/raw/images/volkswagen_id4.jpg,2026-04-16T17:59:46.265280,pytesseract,,,,,,,,,,,,,,,,,,,,,,,,,,,,,,,,,,,,,,,,,,,
ocr_image,2026-04-16 17:59:47.574,1.0,raw_recalls,,,,,test_scan.png,image_ocr,/Users/elmedin.karisiksystemverification.com/Documents/private/Automotive-Industry-Tracker/data/raw/images/test_scan.png,2026-04-16T17:59:47.572987,pytesseract,,,,,,,"The 2022 Audi RS6 Avant is a high-performance wagon that combines supercar power with everyday practicality. Under the hood, it boasts a 4.0-liter twin-turbocharged V8 engine
producing 591 horsepower and 590 Ib-ft of torque, enabling a 0-60 mph time of just 3.5 seconds. Equipped with Audi's Quattro all-wheel-drive system, adaptive air suspension, and dynamic
Steering, the RS6 delivers exceptional handling and comfort. Its aggressive design features wide fenders, a black honeycomb grille, and large oval exhaust tips, giving it a commanding
Toad presence, With a luxurious, tech-filled interior and ample cargo space, the RSG Avant is the ultimate blend of performance, luxury, and practicality.

Engine: 4.01 V8 Top speed: 190mph
Power: 591bhp 0-60: 31sec
Torque: 799nm Year: 2022
Weight: 2,282kg Country: German
","Cnnr RS6

The 2022 Audi RSG Avant is a high-performance wagon that combines supercar power with everyday practicality. Under the hood, it boasts a 4.0-liter twin-turbocharged V8 engine
producing 591 horsepower and 590 Ib-ft of torque, enabling a 0-60 mph time of just 3.5 seconds. Equipped with Audi's Quattro all-wheel-drive system, adaptive air suspension, and dynamic
steering, the RSG delivers exceptional handling and comfort. Its aggressive design features wide fenders, a black honeycomb grille, and large oval exhaust tips, giving it a commanding
road presence, With a luxurious, tech-filled interior and ample cargo space, the RS6 Avant is the ultimate blend of performance, luxury, and practicality.

Engine: 4.01 V8 Top speed: 190mph
Power: 591bhp 0-60: 31sec
Torque: 799nm Year: 2022
Weight: 2,282kg Country: German

",,,,,,,,,,,,,,,,,,,,,,,,,,,,,,,,,,,
ocr_image,2026-04-16 17:59:47.805,1.0,raw_recalls,,,,,volkswagen_passat.jpg,image_ocr,/Users/elmedin.karisiksystemverification.com/Documents/private/Automotive-Industry-Tracker/data/raw/images/volkswagen_passat.jpg,2026-04-16T17:59:47.804775,pytesseract,,,,,,,,"| it i i

",,,,,,,,,,,,,,,,,,,,,,,,,,,,,,,,,,,
ocr_scanned_pdf,2026-04-16 17:59:49.546,1.0,raw_recalls,,,,,scanned_report.pdf,scanned_pdf_ocr,/Users/elmedin.karisiksystemverification.com/Documents/private/Automotive-Industry-Tracker/data/raw/scanned/scanned_report.pdf,2026-04-16T17:59:49.545316,pytesseract+pdf2image,"[{'page_number': 1, 'text': 'Automotive Industry Recall Report 2020\n\nIntroduction\n\nThis report provides an overview of vehicle recalls issued in 2020 for major automotive brands including\nAudi, Volkswagen, and Skoda. Data sourced from NHTSA.\n\nRecall Summary Table (with borders)\n\nMake Model | Year | Recalls\n\nRecall Summary Table (without borders)\nMake Model Year Recalls\nAudi A4 2020 3\nVolkswagen Golf 2020 2\nVolkswagen Passat 2020 3\n\n'}]",,,,,,,,,,,,,,,,,,,,,,,,,,,,,,,,,,,,,,,,,,
image_processing,2026-04-16 17:59:50.083,1.0,raw_recalls,,,,,audi_a4.jpg,,vehicle_image,,,,,,,,automotive,,,,,,,,,/Users/elmedin.karisiksystemverification.com/Documents/private/Automotive-Industry-Tracker/data/raw/images/audi_a4.jpg,/Users/elmedin.karisiksystemverification.com/Documents/private/Automotive-Industry-Tracker/data/processed/resized/audi_a4_resized.jpg,/Users/elmedin.karisiksystemverification.com/Documents/private/Automotive-Industry-Tracker/data/processed/thumbnails/audi_a4_thumb.jpg,/Users/elmedin.karisiksystemverification.com/Documents/private/Automotive-Industry-Tracker/data/processed/webp/audi_a4.webp,JPEG,RGB,960.0,500.0,157.31,audi_a4.jpg,Unknown,Unknown,Unknown,Unknown,Unknown,Unknown,Unknown,Unknown,No GPS data,2026-04-16T17:59:50.079871,2026-04-16T17:59:50.079919,,,,,,,,
image_processing,2026-04-16 17:59:50.212,1.0,raw_recalls,,,,,volkswagen_golf.jpg,,vehicle_image,,,,,,,,automotive,,,,,,,,,/Users/elmedin.karisiksystemverification.com/Documents/private/Automotive-Industry-Tracker/data/raw/images/volkswagen_golf.jpg,/Users/elmedin.karisiksystemverification.com/Documents/private/Automotive-Industry-Tracker/data/processed/resized/volkswagen_golf_resized.jpg,/Users/elmedin.karisiksystemverification.com/Documents/private/Automotive-Industry-Tracker/data/processed/thumbnails/volkswagen_golf_thumb.jpg,/Users/elmedin.karisiksystemverification.com/Documents/private/Automotive-Industry-Tracker/data/processed/webp/volkswagen_golf.webp,JPEG,RGB,960.0,490.0,121.7,volkswagen_golf.jpg,Unknown,Unknown,Unknown,Unknown,Unknown,Unknown,Unknown,Unknown,No GPS data,2026-04-16T17:59:50.211741,2026-04-16T17:59:50.211787,,,,,,,,
image_processing,2026-04-16 17:59:50.355,1.0,raw_recalls,,,,,volkswagen_id4.jpg,,vehicle_image,,,,,,,,automotive,,,,,,,,,/Users/elmedin.karisiksystemverification.com/Documents/private/Automotive-Industry-Tracker/data/raw/images/volkswagen_id4.jpg,/Users/elmedin.karisiksystemverification.com/Documents/private/Automotive-Industry-Tracker/data/processed/resized/volkswagen_id4_resized.jpg,/Users/elmedin.karisiksystemverification.com/Documents/private/Automotive-Industry-Tracker/data/processed/thumbnails/volkswagen_id4_thumb.jpg,/Users/elmedin.karisiksystemverification.com/Documents/private/Automotive-Industry-Tracker/data/processed/webp/volkswagen_id4.webp,JPEG,RGB,960.0,533.0,131.99,volkswagen_id4.jpg,Unknown,Unknown,Unknown,Unknown,Unknown,Unknown,Unknown,Unknown,No GPS data,2026-04-16T17:59:50.354400,2026-04-16T17:59:50.354442,,,,,,,,
image_processing,2026-04-16 17:59:51.792,1.0,raw_recalls,,,,,test_scan.png,,vehicle_image,,,,,,,,automotive,,,,,,,,,/Users/elmedin.karisiksystemverification.com/Documents/private/Automotive-Industry-Tracker/data/raw/images/test_scan.png,/Users/elmedin.karisiksystemverification.com/Documents/private/Automotive-Industry-Tracker/data/processed/resized/test_scan_resized.png,/Users/elmedin.karisiksystemverification.com/Documents/private/Automotive-Industry-Tracker/data/processed/thumbnails/test_scan_thumb.png,/Users/elmedin.karisiksystemverification.com/Documents/private/Automotive-Industry-Tracker/data/processed/webp/test_scan.webp,WEBP,RGBA,1946.0,1946.0,117.6,test_scan.png,Unknown,Unknown,Unknown,Unknown,Unknown,Unknown,Unknown,1,No GPS data,2026-04-16T17:59:51.791823,2026-04-16T17:59:51.791861,,,,,,,,
image_processing,2026-04-16 17:59:51.940,1.0,raw_recalls,,,,,volkswagen_passat.jpg,,vehicle_image,,,,,,,,automotive,,,,,,,,,/Users/elmedin.karisiksystemverification.com/Documents/private/Automotive-Industry-Tracker/data/raw/images/volkswagen_passat.jpg,/Users/elmedin.karisiksystemverification.com/Documents/private/Automotive-Industry-Tracker/data/processed/resized/volkswagen_passat_resized.jpg,/Users/elmedin.karisiksystemverification.com/Documents/private/Automotive-Industry-Tracker/data/processed/thumbnails/volkswagen_passat_thumb.jpg,/Users/elmedin.karisiksystemverification.com/Documents/private/Automotive-Industry-Tracker/data/processed/webp/volkswagen_passat.webp,JPEG,RGB,960.0,484.0,146.75,volkswagen_passat.jpg,Unknown,Unknown,Unknown,Unknown,Unknown,Unknown,Unknown,Unknown,No GPS data,2026-04-16T17:59:51.940219,2026-04-16T17:59:51.940266,,,,,,,,
word_extraction,2026-04-26 21:40:06.289,1.0,raw_recalls,,,,,automotive_report.docx,word,/Users/elmedin.karisiksystemverification.com/Documents/private/Automotive-Industry-Tracker/data/raw/word/automotive_report.docx,2026-04-26T21:40:06.080044,python-docx,,"[{'style': 'Title', 'text': 'Automotive Industry Recall Report 2020'}, {'style': 'Normal', 'text': 'This report provides an overview of vehicle recalls issued in 2020. Data sourced from NHTSA database covering major VW Group vehicles.'}, {'style': 'Heading 1', 'text': 'Recall Overview'}, {'style': 'Normal', 'text': 'In 2020, several VW Group vehicles were subject to safety recalls. The recalls covered issues ranging from airbag defects to engine problems.'}, {'style': 'Heading 2', 'text': 'Table with Borders'}, {'style': 'Heading 2', 'text': 'Table without Borders'}, {'style': 'Heading 1', 'text': 'Two-Column Section'}, {'style': 'Normal', 'text': 'Left Column: Audi A4 had 3 recalls in 2020 including airbag and brake issues.'}, {'style': 'Normal', 'text': 'Right Column: Volkswagen Golf had 2 recalls related to electrical systems.'}]","[{'table_index': 0, 'data': [['Make', 'Model', 'Year', 'Recalls'], ['Audi', 'A4', '2020', '3'], ['Volkswagen', 'Golf', '2020', '2'], ['Volkswagen', 'Passat', '2020', '3']]}, {'table_index': 1, 'data': [['Make', 'Model', 'Year', 'Recalls'], ['Audi', 'A4', '2020', '3'], ['Volkswagen', 'Golf', '2020', '2'], ['Volkswagen', 'Passat', '2020', '3']]}]",,,,,,,,,,,,,,,,,,,,,,,,,,,,,,,,,,,,,,,,
excel_extraction,2026-04-26 21:40:06.572,1.0,raw_recalls,,,,,automotive_data.xlsx,excel,/Users/elmedin.karisiksystemverification.com/Documents/private/Automotive-Industry-Tracker/data/raw/excel/automotive_data.xlsx,2026-04-26T21:40:06.533147,openpyxl,,,,"[{'sheet_name': 'Recall Summary', 'rows': [['Make', 'Model', 'Year', 'Recall Count', 'Affected Units', 'Total Cost (USD)'], ['Audi', 'A4', '2020', '3', '15000', '2500000'], ['Volkswagen', 'Golf', '2020', '2', '8200', '1200000'], ['Volkswagen', 'Passat', '2020', '3', '5100', '980000'], ['TOTAL', '', '', '=SUM(D2:D4)', '=SUM(E2:E4)', '=SUM(F2:F4)']]}, {'sheet_name': 'Component Details', 'rows': [['Component', 'Issue', 'Make', 'Model', 'Affected Units'], ['Airbag', 'Inflator rupture', 'Audi', 'A4', '15000'], ['Brakes', 'Brake fluid leak', 'Volkswagen', 'Golf', '8200'], ['Engine', 'Oil pressure loss', 'Volkswagen', 'Passat', '5100']]}]",,,,,,,,,,,,,,,,,,,,,,,,,,,,,,,,,,,,,,,
word_extraction,2026-04-26 21:41:15.197,1.0,raw_recalls,,,,,automotive_report.docx,word,/Users/elmedin.karisiksystemverification.com/Documents/private/Automotive-Industry-Tracker/data/raw/word/automotive_report.docx,2026-04-26T21:41:14.975872,python-docx,,"[{'style': 'Title', 'text': 'Automotive Industry Recall Report 2020'}, {'style': 'Normal', 'text': 'This report provides an overview of vehicle recalls issued in 2020. Data sourced from NHTSA database covering major VW Group vehicles.'}, {'style': 'Heading 1', 'text': 'Recall Overview'}, {'style': 'Normal', 'text': 'In 2020, several VW Group vehicles were subject to safety recalls. The recalls covered issues ranging from airbag defects to engine problems.'}, {'style': 'Heading 2', 'text': 'Table with Borders'}, {'style': 'Heading 2', 'text': 'Table without Borders'}, {'style': 'Heading 1', 'text': 'Two-Column Section'}, {'style': 'Normal', 'text': 'Left Column: Audi A4 had 3 recalls in 2020 including airbag and brake issues.'}, {'style': 'Normal', 'text': 'Right Column: Volkswagen Golf had 2 recalls related to electrical systems.'}]","[{'table_index': 0, 'data': [['Make', 'Model', 'Year', 'Recalls'], ['Audi', 'A4', '2020', '3'], ['Volkswagen', 'Golf', '2020', '2'], ['Volkswagen', 'Passat', '2020', '3']]}, {'table_index': 1, 'data': [['Make', 'Model', 'Year', 'Recalls'], ['Audi', 'A4', '2020', '3'], ['Volkswagen', 'Golf', '2020', '2'], ['Volkswagen', 'Passat', '2020', '3']]}]",,,,,,,,,,,,,,,,,,,,,,,,,,,,,,,,,,,,,,,,
excel_extraction,2026-04-26 21:41:15.374,1.0,raw_recalls,,,,,automotive_data.xlsx,excel,/Users/elmedin.karisiksystemverification.com/Documents/private/Automotive-Industry-Tracker/data/raw/excel/automotive_data.xlsx,2026-04-26T21:41:15.335067,openpyxl,,,,"[{'sheet_name': 'Recall Summary', 'rows': [['Make', 'Model', 'Year', 'Recall Count', 'Affected Units', 'Total Cost (USD)'], ['Audi', 'A4', '2020', '3', '15000', '2500000'], ['Volkswagen', 'Golf', '2020', '2', '8200', '1200000'], ['Volkswagen', 'Passat', '2020', '3', '5100', '980000'], ['TOTAL', '', '', '=SUM(D2:D4)', '=SUM(E2:E4)', '=SUM(F2:F4)']]}, {'sheet_name': 'Component Details', 'rows': [['Component', 'Issue', 'Make', 'Model', 'Affected Units'], ['Airbag', 'Inflator rupture', 'Audi', 'A4', '15000'], ['Brakes', 'Brake fluid leak', 'Volkswagen', 'Golf', '8200'], ['Engine', 'Oil pressure loss', 'Volkswagen', 'Passat', '5100']]}]",,,,,,,,,,,,,,,,,,,,,,,,,,,,,,,,,,,,,,,
word_extraction,2026-04-26 21:42:02.385,1.0,raw_recalls,,,,,automotive_report.docx,word,/Users/elmedin.karisiksystemverification.com/Documents/private/Automotive-Industry-Tracker/data/raw/word/automotive_report.docx,2026-04-26T21:42:02.167551,python-docx,,"[{'style': 'Title', 'text': 'Automotive Industry Recall Report 2020'}, {'style': 'Normal', 'text': 'This report provides an overview of vehicle recalls issued in 2020. Data sourced from NHTSA database covering major VW Group vehicles.'}, {'style': 'Heading 1', 'text': 'Recall Overview'}, {'style': 'Normal', 'text': 'In 2020, several VW Group vehicles were subject to safety recalls. The recalls covered issues ranging from airbag defects to engine problems.'}, {'style': 'Heading 2', 'text': 'Table with Borders'}, {'style': 'Heading 2', 'text': 'Table without Borders'}, {'style': 'Heading 1', 'text': 'Two-Column Section'}, {'style': 'Normal', 'text': 'Left Column: Audi A4 had 3 recalls in 2020 including airbag and brake issues.'}, {'style': 'Normal', 'text': 'Right Column: Volkswagen Golf had 2 recalls related to electrical systems.'}]","[{'table_index': 0, 'data': [['Make', 'Model', 'Year', 'Recalls'], ['Audi', 'A4', '2020', '3'], ['Volkswagen', 'Golf', '2020', '2'], ['Volkswagen', 'Passat', '2020', '3']]}, {'table_index': 1, 'data': [['Make', 'Model', 'Year', 'Recalls'], ['Audi', 'A4', '2020', '3'], ['Volkswagen', 'Golf', '2020', '2'], ['Volkswagen', 'Passat', '2020', '3']]}]",,,,,,,,,,,,,,,,,,,,,,,,,,,,,,,,,,,,,,,,
excel_extraction,2026-04-26 21:42:02.574,1.0,raw_recalls,,,,,automotive_data.xlsx,excel,/Users/elmedin.karisiksystemverification.com/Documents/private/Automotive-Industry-Tracker/data/raw/excel/automotive_data.xlsx,2026-04-26T21:42:02.534643,openpyxl,,,,"[{'sheet_name': 'Recall Summary', 'rows': [['Make', 'Model', 'Year', 'Recall Count', 'Affected Units', 'Total Cost (USD)'], ['Audi', 'A4', '2020', '3', '15000', '2500000'], ['Volkswagen', 'Golf', '2020', '2', '8200', '1200000'], ['Volkswagen', 'Passat', '2020', '3', '5100', '980000'], ['TOTAL', '', '', '=SUM(D2:D4)', '=SUM(E2:E4)', '=SUM(F2:F4)']]}, {'sheet_name': 'Component Details', 'rows': [['Component', 'Issue', 'Make', 'Model', 'Affected Units'], ['Airbag', 'Inflator rupture', 'Audi', 'A4', '15000'], ['Brakes', 'Brake fluid leak', 'Volkswagen', 'Golf', '8200'], ['Engine', 'Oil pressure loss', 'Volkswagen', 'Passat', '5100']]}]",,,,,,,,,,,,,,,,,,,,,,,,,,,,,,,,,,,,,,,
nhtsa_api,2026-04-26 21:42:07.046,1.0,raw_recalls,Audi,A4,2020.0,"[{'Manufacturer': 'Volkswagen Group of America, Inc.', 'NHTSACampaignNumber': '22V034000', 'parkIt': False, 'parkOutSide': False, 'overTheAirUpdate': False, 'ReportReceivedDate': '26/01/2022', 'Component': 'TIRES', 'Summary': 'Volkswagen Group of America, Inc. (Audi) is recalling certain 2019-2021 Audi A5 Sportback, RS5 Coupe, RS5 Sportback, S5 Sportback, 2020-2021 A4 Allroad, A4 Sedan, A5 Cabriolet, A5 Coupe, A6 Allroad, A6 Sedan, A7, A8, Q5, S4 Sedan, S5 Coupe, S5 Cabriolet, S6 Sedan, S7, S8, SQ5, 2021 Q5 Sportback, Q7, Q8, RS6 Avant, RS7, RSQ8, SQ5 Sportback, SQ7, and SQ8 vehicles.  The rear axle alignment may not have been inspected after the repairs for Recall 21V-295 (42L1) were performed.', 'Consequence': 'Rear axle misalignment may cause premature or uneven tire wear, increasing the risk of a crash.', 'Remedy': ""Dealers will inspect the rear axle, adjust the alignment as necessary, and replace any prematurely or unevenly worn tires, free of charge.  Owner notification letters were mailed March 3, 2022.  Owners may contact Audi customer service at 1-800-253-2834.  Audi's number for this recall is 42L5."", 'Notes': 'Owners may also contact the National Highway Traffic Safety Administration Vehicle Safety Hotline at 1-888-327-4236 (TTY 1-800-424-9153), or go to www.nhtsa.gov.', 'ModelYear': '2020', 'Make': 'AUDI', 'Model': 'A4'}, {'Manufacturer': 'Volkswagen Group of America, Inc.', 'NHTSACampaignNumber': '21V295000', 'parkIt': False, 'parkOutSide': False, 'overTheAirUpdate': False, 'ReportReceivedDate': '26/04/2021', 'Component': 'SUSPENSION:REAR:AXLE:NON-POWERED AXLE ASSEMBLY', 'Summary': 'Volkswagen Group of America, Inc. (Audi) is recalling certain 2021 Q7, Q8, Q5 Sportback, SQ5 Sportback, RS6 Avant, RS7, RS Q8, 2020-2021 Audi S6 sedan, Q5, A8, S8, A7, A6 Allroad, A5 Cabriolet, A4 sedan, A4 Allroad, SQ5, S7, A6 sedan, S5 coupe, S4 sedan, S5 Cabriolet, A5 coupe, 2019-2021 RS5 coupe, A5 Sportback, S5 Sportback, RS5 Sportback vehicles.  The lock nut on the trailing arm of the rear axle may break due to stress corrosion.', 'Consequence': 'A broken lock nut may misalign the rear axle, causing a loss of control and increasing the risk of a crash.', 'Remedy': ""Dealers will replace the lock nuts and, if necessary, the associated bolts, free of charge.  Owner notification letters were mailed June 4, 2021.  Owners may contact Audi customer service at 1-800-253-2834.  Audi's number for this recall is 42L1."", 'Notes': 'Owners may also contact the National Highway Traffic Safety Administration Vehicle Safety Hotline at 1-888-327-4236 (TTY 1-800-424-9153), or go to www.safercar.gov.', 'ModelYear': '2020', 'Make': 'AUDI', 'Model': 'A4'}, {'Manufacturer': 'Volkswagen Group of America, Inc.', 'NHTSACampaignNumber': '21V874000', 'parkIt': False, 'parkOutSide': False, 'overTheAirUpdate': False, 'ReportReceivedDate': '10/11/2021', 'Component': 'SEATS', 'Summary': 'Volkswagen Group of America, Inc. (Audi) is recalling certain 2017-2020 A4 Allroad, A4 Sedan, 2018-2019 RS5 Coupe, 2019 RS5 Sportback, 2018-2020 A5 Cabriolet, A5 Coupe, A5 Sportback, S4 Sedan, S5 Cabriolet, S5 Coupe, and Audi S5 Sportback vehicles.  The cable connecting the seat heater to the Passenger Occupant Detection System (PODS) may have a contact fault, causing the software to misdiagnose a malfunction and disable the passenger air bag.', 'Consequence': 'A disabled passenger air bag increases the risk of injury in the event of a crash.', 'Remedy': ""Dealers will replace the connecting cable and either the heating mat or entire seat cover, free of charge.  Owner notification letters were mailed January 7, 2022.  Owners may contact Audi customer service at 1-800-253-2834.  Audi's number for this recall is 74E3.  This recall is an expansion of Recall 19V-547 (74D9).  Vehicles previously repaired under 19V-547 will need to return for the new remedy."", 'Notes': 'Owners may also contact the National Highway Traffic Safety Administration Vehicle Safety Hotline at 1-888-327-4236 (TTY 1-800-424-9153), or go to www.nhtsa.gov.', 'ModelYear': '2020', 'Make': 'AUDI', 'Model': 'A4'}]",,,,,,,,,,,,,,,,,,,,,,,,,,,,,,,,,,,,,,,,,,,,,,,,
nhtsa_api,2026-04-26 21:42:07.060,1.0,raw_recalls,Volkswagen,Golf,2020.0,"[{'Manufacturer': 'Volkswagen Group of America, Inc.', 'NHTSACampaignNumber': '22V815000', 'parkIt': False, 'parkOutSide': False, 'overTheAirUpdate': False, 'ReportReceivedDate': '31/10/2022', 'Component': 'TIRES:PRESSURE MONITORING AND REGULATING SYSTEMS', 'Summary': 'Volkswagen Group of America, Inc. (Volkswagen) is recalling certain 2019 Volkswagen Tiguan LWB, Golf Sportswagen A7, Golf Alltrack, Golf R GP, Audi Q3, Audi A3 Cabriolet, 2019-2020 Jetta NF, Jetta GLI, Golf GTI, Atlas, Golf A7, Audi A3, 2020-2021 Atlas Cross Sport, and 2021 Atlas FL vehicles.  The tire pressure monitoring system may not detect an air pressure loss in adequate time when deflating occurs among all four tires simultaneously.  As such, these vehicles fail to comply with the requirements of Federal Motor Vehicle Safety Standard number 138, ""Tire Pressure Monitoring Systems.""', 'Consequence': 'An undetected sudden loss of pressure in all four tires increases the risk of a crash.', 'Remedy': ""Dealers will update the TPMS software, free of charge.  Owner notification letters were mailed November 18, 2022.  Owners may contact Volkswagen's customer service at 1-800-893-5298 or Audi\x92s customer service at 1-800-253-2834.  Volkswagen's numbers for this recall are (Audi) 45J7, and (VW) 45J6 and 45J8."", 'Notes': 'Owners may also contact the National Highway Traffic Safety Administration Vehicle Safety Hotline at 1-888-327-4236 (TTY 1-800-424-9153), or go to www.safercar.gov.', 'ModelYear': '2020', 'Make': 'VOLKSWAGEN', 'Model': 'GOLF'}, {'Manufacturer': 'Volkswagen Group of America, Inc.', 'NHTSACampaignNumber': '24V110000', 'parkIt': False, 'parkOutSide': False, 'overTheAirUpdate': False, 'NHTSAActionNumber': 'RQ23007', 'ReportReceivedDate': '14/02/2024', 'Component': 'FUEL SYSTEM, GASOLINE', 'Summary': 'Volkswagen Group of America, Inc. (Volkswagen) is recalling certain front-wheel drive 2015-2020 Audi A3 Sedan, 2015-2019 Audi A3 Cabriolet, 2019-2020 Volkswagen Jetta GLI, 2018 Golf Sportwagen GP, 2018-2019 Golf Sportwagen A7, 2015-2017 Golf Sportwagen, 2015-2020 Golf GTI, and 2015-2020 Golf A7 vehicles.  Due to a problem with a suction jet pump seal inside the fuel tank, fuel may flow into the evaporative emissions (EVAP) system and possibly leak out of the charcoal canister.', 'Consequence': 'A fuel leak in the presence of an ignition source increases the risk of a fire.', 'Remedy': ""Dealers will replace the suction pump, free of charge.  Final owner notification letters for Audi owners were mailed on July 25, 2024.  Final owner letters for VW owners were mailed on August 13, 2024.  Owners may contact Volkswagen customer service at 1-800-893-5298 or Audi customer service at 1-800-253-2834.  Volkswagen's numbers for this recall are VW: 20UF/Audi: 20YF.  Vehicles that were previously recalled under 16V-647 will need to have the new remedy completed.  This recall expands and replaces previous recall number 16V-647."", 'Notes': 'Owners may also contact the National Highway Traffic Safety Administration Vehicle Safety Hotline at 1-888-327-4236 (TTY 1-800-424-9153), or go to www.nhtsa.gov.', 'ModelYear': '2020', 'Make': 'VOLKSWAGEN', 'Model': 'GOLF'}]",,,,,,,,,,,,,,,,,,,,,,,,,,,,,,,,,,,,,,,,,,,,,,,,
nhtsa_api,2026-04-26 21:42:07.071,1.0,raw_recalls,Volkswagen,Passat,2020.0,"[{'Manufacturer': 'Volkswagen Group of America, Inc.', 'NHTSACampaignNumber': '19V389000', 'parkIt': False, 'parkOutSide': False, 'overTheAirUpdate': False, 'ReportReceivedDate': '22/05/2019', 'Component': 'EXTERIOR LIGHTING:HEADLIGHTS', 'Summary': 'Volkswagen Group of America, Inc. (Volkswagen) is recalling certain 2012-2020 Volkswagen Passat and 2018-2019 Atlas vehicles.  The blocking cap disabling the adjustment of the headlight\'s horizontal aim may not have been installed.  As such, these vehicles fail to conform to Federal Motor Vehicle Safety Standard (FMVSS) number 108, ""Lamps, Reflective Devices, and Associated Equipment.""', 'Consequence': 'Without the blocking cap, the headlight aim can be adjusted out of specification, reducing visibility and increasing the risk of a crash.', 'Remedy': ""Volkswagen will notify owners, and dealers will inspect and, as necessary, block the headlight horizontal adjustment, free of charge.  The recall began July 16, 2019.  Owners may contact Volkswagen customer service at 1-800-253-2834.  Volkswagen's number for this recall is 94L9."", 'Notes': 'Owners may also contact the National Highway Traffic Safety Administration Vehicle Safety Hotline at 1-888-327-4236 (TTY 1-800-424-9153), or go to www.safercar.gov.', 'ModelYear': '2020', 'Make': 'VOLKSWAGEN', 'Model': 'PASSAT'}, {'Manufacturer': 'Volkswagen Group of America, Inc.', 'NHTSACampaignNumber': '19V218000', 'parkIt': False, 'parkOutSide': False, 'overTheAirUpdate': False, 'ReportReceivedDate': '20/03/2019', 'Component': 'AIR BAGS:SIDE/WINDOW', 'Summary': 'Volkswagen Group of America, Inc. (Volkswagen) is recalling certain 2019 Atlas and 2020 Passat vehicles.  An incorrect driver and/or front passenger side impact air bag may have been installed.', 'Consequence': 'In an event of a side impact crash, an incorrect side airbag may not deploy as intended, increasing the risk of injury.', 'Remedy': ""Volkswagen has inspected and replaced the side air bags, free of charge.  The recall was completed in April 2019.  Owners may contact Volkswagen customer service at 1-800-893-5298.  Volkswagen's number for this recall is 69Y8."", 'Notes': 'Owners may also contact the National Highway Traffic Safety Administration Vehicle Safety Hotline at 1-888-327-4236 (TTY 1-800-424-9153), or go to www.safercar.gov.', 'ModelYear': '2020', 'Make': 'VOLKSWAGEN', 'Model': 'PASSAT'}, {'Manufacturer': 'Volkswagen Group of America, Inc.', 'NHTSACampaignNumber': '20V533000', 'parkIt': False, 'parkOutSide': False, 'overTheAirUpdate': False, 'ReportReceivedDate': '02/09/2020', 'Component': 'AIR BAGS:PASSENGER SIDE FRONTAL:CUSHION', 'Summary': 'Volkswagen Group of America, Inc. (Volkswagen) is recalling certain 2020 Passat vehicles.  The passenger frontal air bag may have been folded incorrectly affecting its deployment force.  As such, these vehicles fail to comply with the requirements of Federal Motor Vehicle Safety Standard number 208, ""Occupant Crash Protection.""', 'Consequence': 'An incorrectly folded air bag can deploy with too much force, increasing the risk of injury.', 'Remedy': ""Volkswagen will notify owners, and dealers will replace the passenger frontal air bag, free of charge.  The recall began October 14, 2020.  Owners may contact Volkswagen customer service at 1-888-241-2289.  Volkswagen's number for this recall is 69AY."", 'Notes': 'Owners may also contact the National Highway Traffic Safety Administration Vehicle Safety Hotline at 1-888-327-4236 (TTY 1-800-424-9153), or go to www.safercar.gov.', 'ModelYear': '2020', 'Make': 'VOLKSWAGEN', 'Model': 'PASSAT'}]",,,,,,,,,,,,,,,,,,,,,,,,,,,,,,,,,,,,,,,,,,,,,,,,
pdf_extraction,2026-04-26 21:42:07.115,1.0,raw_recalls,,,,,automotive_report_twocolumn.pdf,pdf,/Users/elmedin.karisiksystemverification.com/Documents/private/Automotive-Industry-Tracker/data/raw/pdf/automotive_report_twocolumn.pdf,2026-04-26T21:42:07.080421,pdfplumber,"[{'page_number': 1, 'text': 'Automotive Two-Column Report\nAudi A4 Recalls Volkswagen Golf Recalls\nThe Audi A4 2020 had 3 recalls related to airbag, The Volkswagen Golf 2020 had 2 recalls related to\nbrake, and engine issues reported to NHTSA. electrical systems and fuel systems.\nComponent Recall Details (with borders)\nComponent Issue Affected Units\nAirbag Inflator rupture 15,000\nBrakes Brake fluid leak 8,200\nEngine Oil pressure loss 5,100\nComponent Recall Details (without borders)\nComponent Issue Affected Units\nAirbag Inflator rupture 15,000\nBrakes Brake fluid leak 8,200\nEngine Oil pressure loss 5,100', 'tables': [[['Component', 'Issue', 'Affected Units'], ['Airbag', 'Inflator rupture', '15,000'], ['Brakes', 'Brake fluid leak', '8,200'], ['Engine', 'Oil pressure loss', '5,100']]]}]",,,,,,,,,,,,,,,,,,,,,,,,,,,,,,,,,,,,,,,,,,
pdf_extraction,2026-04-26 21:42:07.140,1.0,raw_recalls,,,,,automotive_report_normal.pdf,pdf,/Users/elmedin.karisiksystemverification.com/Documents/private/Automotive-Industry-Tracker/data/raw/pdf/automotive_report_normal.pdf,2026-04-26T21:42:07.119693,pdfplumber,"[{'page_number': 1, 'text': 'Automotive Industry Recall Report 2020\nIntroduction\nThis report provides an overview of vehicle recalls issued in 2020 for major automotive brands including\nAudi, Volkswagen, and Skoda. Data sourced from NHTSA.\nRecall Summary Table (with borders)\nMake Model Year Recalls\nAudi A4 2020 3\nVolkswagen Golf 2020 2\nVolkswagen Passat 2020 3\nRecall Summary Table (without borders)\nMake Model Year Recalls\nAudi A4 2020 3\nVolkswagen Golf 2020 2\nVolkswagen Passat 2020 3', 'tables': [[['Make', 'Model', 'Year', 'Recalls'], ['Audi', 'A4', '2020', '3'], ['Volkswagen', 'Golf', '2020', '2'], ['Volkswagen', 'Passat', '2020', '3']]]}]",,,,,,,,,,,,,,,,,,,,,,,,,,,,,,,,,,,,,,,,,,
word_extraction,2026-04-26 21:42:07.347,1.0,raw_recalls,,,,,automotive_report.docx,word,/Users/elmedin.karisiksystemverification.com/Documents/private/Automotive-Industry-Tracker/data/raw/word/automotive_report.docx,2026-04-26T21:42:07.146277,python-docx,,"[{'style': 'Title', 'text': 'Automotive Industry Recall Report 2020'}, {'style': 'Normal', 'text': 'This report provides an overview of vehicle recalls issued in 2020. Data sourced from NHTSA database covering major VW Group vehicles.'}, {'style': 'Heading 1', 'text': 'Recall Overview'}, {'style': 'Normal', 'text': 'In 2020, several VW Group vehicles were subject to safety recalls. The recalls covered issues ranging from airbag defects to engine problems.'}, {'style': 'Heading 2', 'text': 'Table with Borders'}, {'style': 'Heading 2', 'text': 'Table without Borders'}, {'style': 'Heading 1', 'text': 'Two-Column Section'}, {'style': 'Normal', 'text': 'Left Column: Audi A4 had 3 recalls in 2020 including airbag and brake issues.'}, {'style': 'Normal', 'text': 'Right Column: Volkswagen Golf had 2 recalls related to electrical systems.'}]","[{'table_index': 0, 'data': [['Make', 'Model', 'Year', 'Recalls'], ['Audi', 'A4', '2020', '3'], ['Volkswagen', 'Golf', '2020', '2'], ['Volkswagen', 'Passat', '2020', '3']]}, {'table_index': 1, 'data': [['Make', 'Model', 'Year', 'Recalls'], ['Audi', 'A4', '2020', '3'], ['Volkswagen', 'Golf', '2020', '2'], ['Volkswagen', 'Passat', '2020', '3']]}]",,,,,,,,,,,,,,,,,,,,,,,,,,,,,,,,,,,,,,,,
excel_extraction,2026-04-26 21:42:07.385,1.0,raw_recalls,,,,,automotive_data.xlsx,excel,/Users/elmedin.karisiksystemverification.com/Documents/private/Automotive-Industry-Tracker/data/raw/excel/automotive_data.xlsx,2026-04-26T21:42:07.351667,openpyxl,,,,"[{'sheet_name': 'Recall Summary', 'rows': [['Make', 'Model', 'Year', 'Recall Count', 'Affected Units', 'Total Cost (USD)'], ['Audi', 'A4', '2020', '3', '15000', '2500000'], ['Volkswagen', 'Golf', '2020', '2', '8200', '1200000'], ['Volkswagen', 'Passat', '2020', '3', '5100', '980000'], ['TOTAL', '', '', '=SUM(D2:D4)', '=SUM(E2:E4)', '=SUM(F2:F4)']]}, {'sheet_name': 'Component Details', 'rows': [['Component', 'Issue', 'Make', 'Model', 'Affected Units'], ['Airbag', 'Inflator rupture', 'Audi', 'A4', '15000'], ['Brakes', 'Brake fluid leak', 'Volkswagen', 'Golf', '8200'], ['Engine', 'Oil pressure loss', 'Volkswagen', 'Passat', '5100']]}]",,,,,,,,,,,,,,,,,,,,,,,,,,,,,,,,,,,,,,,
web_scraping,2026-04-26 21:42:07.396,1.0,raw_recalls,,,,,,,local_html/page_1.html,,,,,,,2026-04-26T21:42:07.391271,,,,Audi A4 2020,"Luxury sedan with 2.0L TFSI engine, 190hp. Known for premium interior and advanced driver assistance.","$39,900",/cars/audi-a4-2020,1.0,,,,,,,,,,,,,,,,,,,,,,,,,,,,,,
web_scraping,2026-04-26 21:42:07.399,1.0,raw_recalls,,,,,,,local_html/page_1.html,,,,,,,2026-04-26T21:42:07.391463,,,,Audi A4 2019,Previous generation A4 with quattro all-wheel drive. Excellent safety ratings from NHTSA.,"$36,500",/cars/audi-a4-2019,1.0,,,,,,,,,,,,,,,,,,,,,,,,,,,,,,
web_scraping,2026-04-26 21:42:07.404,1.0,raw_recalls,,,,,,,local_html/page_1.html,,,,,,,2026-04-26T21:42:07.391592,,,,Audi A4 2018,Reliable executive sedan. NHTSA recall issued for airbag inflator replacement.,"$33,200",/cars/audi-a4-2018,1.0,,,,,,,,,,,,,,,,,,,,,,,,,,,,,,
web_scraping,2026-04-26 21:42:07.408,1.0,raw_recalls,,,,,,,local_html/page_2.html,,,,,,,2026-04-26T21:42:07.392421,,,,Volkswagen Golf 2020,Compact hatchback with 1.4L TSI engine. Popular choice in European markets.,"$23,195",/cars/volkswagen-golf-2020,2.0,,,,,,,,,,,,,,,,,,,,,,,,,,,,,,
web_scraping,2026-04-26 21:42:07.412,1.0,raw_recalls,,,,,,,local_html/page_2.html,,,,,,,2026-04-26T21:42:07.392553,,,,Volkswagen Golf 2019,"Award-winning hatchback. NHTSA recall for brake system defect affecting 8,200 units.","$21,500",/cars/volkswagen-golf-2019,2.0,,,,,,,,,,,,,,,,,,,,,,,,,,,,,,
web_scraping,2026-04-26 21:42:07.415,1.0,raw_recalls,,,,,,,local_html/page_2.html,,,,,,,2026-04-26T21:42:07.392676,,,,Volkswagen Golf GTI 2020,Performance variant with 228hp turbocharged engine and sport suspension.,"$29,995",/cars/volkswagen-golf-gti-2020,2.0,,,,,,,,,,,,,,,,,,,,,,,,,,,,,,
web_scraping,2026-04-26 21:42:07.420,1.0,raw_recalls,,,,,,,local_html/page_3.html,,,,,,,2026-04-26T21:42:07.393390,,,,Volkswagen Passat 2020,Midsize sedan with spacious interior. NHTSA recall for fuel pump defect.,"$24,990",/cars/volkswagen-passat-2020,3.0,,,,,,,,,,,,,,,,,,,,,,,,,,,,,,
web_scraping,2026-04-26 21:42:07.423,1.0,raw_recalls,,,,,,,local_html/page_3.html,,,,,,,2026-04-26T21:42:07.393519,,,,Volkswagen Passat 2019,Business-class sedan with advanced connectivity features and comfort.,"$22,800",/cars/volkswagen-passat-2019,3.0,,,,,,,,,,,,,,,,,,,,,,,,,,,,,,
web_scraping,2026-04-26 21:42:07.429,1.0,raw_recalls,,,,,,,local_html/page_3.html,,,,,,,2026-04-26T21:42:07.393671,,,,Skoda Octavia 2020,Czech-made sedan offering exceptional value. Part of VW Group platform.,"$19,990",/cars/skoda-octavia-2020,3.0,,,,,,,,,,,,,,,,,,,,,,,,,,,,,,
dynamic_scraping,2026-04-26 21:42:09.132,1.0,raw_recalls,Audi,A4,2020.0,"[{'Manufacturer': 'Volkswagen Group of America, Inc.', 'NHTSACampaignNumber': '22V034000', 'parkIt': False, 'parkOutSide': False, 'overTheAirUpdate': False, 'ReportReceivedDate': '26/01/2022', 'Component': 'TIRES', 'Summary': 'Volkswagen Group of America, Inc. (Audi) is recalling certain 2019-2021 Audi A5 Sportback, RS5 Coupe, RS5 Sportback, S5 Sportback, 2020-2021 A4 Allroad, A4 Sedan, A5 Cabriolet, A5 Coupe, A6 Allroad, A6 Sedan, A7, A8, Q5, S4 Sedan, S5 Coupe, S5 Cabriolet, S6 Sedan, S7, S8, SQ5, 2021 Q5 Sportback, Q7, Q8, RS6 Avant, RS7, RSQ8, SQ5 Sportback, SQ7, and SQ8 vehicles.  The rear axle alignment may not have been inspected after the repairs for Recall 21V-295 (42L1) were performed.', 'Consequence': 'Rear axle misalignment may cause premature or uneven tire wear, increasing the risk of a crash.', 'Remedy': ""Dealers will inspect the rear axle, adjust the alignment as necessary, and replace any prematurely or unevenly worn tires, free of charge.  Owner notification letters were mailed March 3, 2022.  Owners may contact Audi customer service at 1-800-253-2834.  Audi's number for this recall is 42L5."", 'Notes': 'Owners may also contact the National Highway Traffic Safety Administration Vehicle Safety Hotline at 1-888-327-4236 (TTY 1-800-424-9153), or go to www.nhtsa.gov.', 'ModelYear': '2020', 'Make': 'AUDI', 'Model': 'A4'}, {'Manufacturer': 'Volkswagen Group of America, Inc.', 'NHTSACampaignNumber': '21V295000', 'parkIt': False, 'parkOutSide': False, 'overTheAirUpdate': False, 'ReportReceivedDate': '26/04/2021', 'Component': 'SUSPENSION:REAR:AXLE:NON-POWERED AXLE ASSEMBLY', 'Summary': 'Volkswagen Group of America, Inc. (Audi) is recalling certain 2021 Q7, Q8, Q5 Sportback, SQ5 Sportback, RS6 Avant, RS7, RS Q8, 2020-2021 Audi S6 sedan, Q5, A8, S8, A7, A6 Allroad, A5 Cabriolet, A4 sedan, A4 Allroad, SQ5, S7, A6 sedan, S5 coupe, S4 sedan, S5 Cabriolet, A5 coupe, 2019-2021 RS5 coupe, A5 Sportback, S5 Sportback, RS5 Sportback vehicles.  The lock nut on the trailing arm of the rear axle may break due to stress corrosion.', 'Consequence': 'A broken lock nut may misalign the rear axle, causing a loss of control and increasing the risk of a crash.', 'Remedy': ""Dealers will replace the lock nuts and, if necessary, the associated bolts, free of charge.  Owner notification letters were mailed June 4, 2021.  Owners may contact Audi customer service at 1-800-253-2834.  Audi's number for this recall is 42L1."", 'Notes': 'Owners may also contact the National Highway Traffic Safety Administration Vehicle Safety Hotline at 1-888-327-4236 (TTY 1-800-424-9153), or go to www.safercar.gov.', 'ModelYear': '2020', 'Make': 'AUDI', 'Model': 'A4'}, {'Manufacturer': 'Volkswagen Group of America, Inc.', 'NHTSACampaignNumber': '21V874000', 'parkIt': False, 'parkOutSide': False, 'overTheAirUpdate': False, 'ReportReceivedDate': '10/11/2021', 'Component': 'SEATS', 'Summary': 'Volkswagen Group of America, Inc. (Audi) is recalling certain 2017-2020 A4 Allroad, A4 Sedan, 2018-2019 RS5 Coupe, 2019 RS5 Sportback, 2018-2020 A5 Cabriolet, A5 Coupe, A5 Sportback, S4 Sedan, S5 Cabriolet, S5 Coupe, and Audi S5 Sportback vehicles.  The cable connecting the seat heater to the Passenger Occupant Detection System (PODS) may have a contact fault, causing the software to misdiagnose a malfunction and disable the passenger air bag.', 'Consequence': 'A disabled passenger air bag increases the risk of injury in the event of a crash.', 'Remedy': ""Dealers will replace the connecting cable and either the heating mat or entire seat cover, free of charge.  Owner notification letters were mailed January 7, 2022.  Owners may contact Audi customer service at 1-800-253-2834.  Audi's number for this recall is 74E3.  This recall is an expansion of Recall 19V-547 (74D9).  Vehicles previously repaired under 19V-547 will need to return for the new remedy."", 'Notes': 'Owners may also contact the National Highway Traffic Safety Administration Vehicle Safety Hotline at 1-888-327-4236 (TTY 1-800-424-9153), or go to www.nhtsa.gov.', 'ModelYear': '2020', 'Make': 'AUDI', 'Model': 'A4'}]",,,https://api.nhtsa.gov/recalls/recallsByVehicle?make=Audi&model=A4&modelYear=2020,,,,,,,2026-04-26T21:42:09.124261,json_api,,,,,,,,,,,,,,,,,,,,,,,,,,,,,,,,,,,,,
dynamic_scraping,2026-04-26 21:42:10.831,1.0,raw_recalls,Volkswagen,Golf,2020.0,"[{'Manufacturer': 'Volkswagen Group of America, Inc.', 'NHTSACampaignNumber': '22V815000', 'parkIt': False, 'parkOutSide': False, 'overTheAirUpdate': False, 'ReportReceivedDate': '31/10/2022', 'Component': 'TIRES:PRESSURE MONITORING AND REGULATING SYSTEMS', 'Summary': 'Volkswagen Group of America, Inc. (Volkswagen) is recalling certain 2019 Volkswagen Tiguan LWB, Golf Sportswagen A7, Golf Alltrack, Golf R GP, Audi Q3, Audi A3 Cabriolet, 2019-2020 Jetta NF, Jetta GLI, Golf GTI, Atlas, Golf A7, Audi A3, 2020-2021 Atlas Cross Sport, and 2021 Atlas FL vehicles.  The tire pressure monitoring system may not detect an air pressure loss in adequate time when deflating occurs among all four tires simultaneously.  As such, these vehicles fail to comply with the requirements of Federal Motor Vehicle Safety Standard number 138, ""Tire Pressure Monitoring Systems.""', 'Consequence': 'An undetected sudden loss of pressure in all four tires increases the risk of a crash.', 'Remedy': ""Dealers will update the TPMS software, free of charge.  Owner notification letters were mailed November 18, 2022.  Owners may contact Volkswagen's customer service at 1-800-893-5298 or Audi\x92s customer service at 1-800-253-2834.  Volkswagen's numbers for this recall are (Audi) 45J7, and (VW) 45J6 and 45J8."", 'Notes': 'Owners may also contact the National Highway Traffic Safety Administration Vehicle Safety Hotline at 1-888-327-4236 (TTY 1-800-424-9153), or go to www.safercar.gov.', 'ModelYear': '2020', 'Make': 'VOLKSWAGEN', 'Model': 'GOLF'}, {'Manufacturer': 'Volkswagen Group of America, Inc.', 'NHTSACampaignNumber': '24V110000', 'parkIt': False, 'parkOutSide': False, 'overTheAirUpdate': False, 'NHTSAActionNumber': 'RQ23007', 'ReportReceivedDate': '14/02/2024', 'Component': 'FUEL SYSTEM, GASOLINE', 'Summary': 'Volkswagen Group of America, Inc. (Volkswagen) is recalling certain front-wheel drive 2015-2020 Audi A3 Sedan, 2015-2019 Audi A3 Cabriolet, 2019-2020 Volkswagen Jetta GLI, 2018 Golf Sportwagen GP, 2018-2019 Golf Sportwagen A7, 2015-2017 Golf Sportwagen, 2015-2020 Golf GTI, and 2015-2020 Golf A7 vehicles.  Due to a problem with a suction jet pump seal inside the fuel tank, fuel may flow into the evaporative emissions (EVAP) system and possibly leak out of the charcoal canister.', 'Consequence': 'A fuel leak in the presence of an ignition source increases the risk of a fire.', 'Remedy': ""Dealers will replace the suction pump, free of charge.  Final owner notification letters for Audi owners were mailed on July 25, 2024.  Final owner letters for VW owners were mailed on August 13, 2024.  Owners may contact Volkswagen customer service at 1-800-893-5298 or Audi customer service at 1-800-253-2834.  Volkswagen's numbers for this recall are VW: 20UF/Audi: 20YF.  Vehicles that were previously recalled under 16V-647 will need to have the new remedy completed.  This recall expands and replaces previous recall number 16V-647."", 'Notes': 'Owners may also contact the National Highway Traffic Safety Administration Vehicle Safety Hotline at 1-888-327-4236 (TTY 1-800-424-9153), or go to www.nhtsa.gov.', 'ModelYear': '2020', 'Make': 'VOLKSWAGEN', 'Model': 'GOLF'}]",,,https://api.nhtsa.gov/recalls/recallsByVehicle?make=Volkswagen&model=Golf&modelYear=2020,,,,,,,2026-04-26T21:42:10.830399,json_api,,,,,,,,,,,,,,,,,,,,,,,,,,,,,,,,,,,,,
dynamic_scraping,2026-04-26 21:42:12.613,1.0,raw_recalls,Volkswagen,Passat,2020.0,"[{'Manufacturer': 'Volkswagen Group of America, Inc.', 'NHTSACampaignNumber': '19V389000', 'parkIt': False, 'parkOutSide': False, 'overTheAirUpdate': False, 'ReportReceivedDate': '22/05/2019', 'Component': 'EXTERIOR LIGHTING:HEADLIGHTS', 'Summary': 'Volkswagen Group of America, Inc. (Volkswagen) is recalling certain 2012-2020 Volkswagen Passat and 2018-2019 Atlas vehicles.  The blocking cap disabling the adjustment of the headlight\'s horizontal aim may not have been installed.  As such, these vehicles fail to conform to Federal Motor Vehicle Safety Standard (FMVSS) number 108, ""Lamps, Reflective Devices, and Associated Equipment.""', 'Consequence': 'Without the blocking cap, the headlight aim can be adjusted out of specification, reducing visibility and increasing the risk of a crash.', 'Remedy': ""Volkswagen will notify owners, and dealers will inspect and, as necessary, block the headlight horizontal adjustment, free of charge.  The recall began July 16, 2019.  Owners may contact Volkswagen customer service at 1-800-253-2834.  Volkswagen's number for this recall is 94L9."", 'Notes': 'Owners may also contact the National Highway Traffic Safety Administration Vehicle Safety Hotline at 1-888-327-4236 (TTY 1-800-424-9153), or go to www.safercar.gov.', 'ModelYear': '2020', 'Make': 'VOLKSWAGEN', 'Model': 'PASSAT'}, {'Manufacturer': 'Volkswagen Group of America, Inc.', 'NHTSACampaignNumber': '19V218000', 'parkIt': False, 'parkOutSide': False, 'overTheAirUpdate': False, 'ReportReceivedDate': '20/03/2019', 'Component': 'AIR BAGS:SIDE/WINDOW', 'Summary': 'Volkswagen Group of America, Inc. (Volkswagen) is recalling certain 2019 Atlas and 2020 Passat vehicles.  An incorrect driver and/or front passenger side impact air bag may have been installed.', 'Consequence': 'In an event of a side impact crash, an incorrect side airbag may not deploy as intended, increasing the risk of injury.', 'Remedy': ""Volkswagen has inspected and replaced the side air bags, free of charge.  The recall was completed in April 2019.  Owners may contact Volkswagen customer service at 1-800-893-5298.  Volkswagen's number for this recall is 69Y8."", 'Notes': 'Owners may also contact the National Highway Traffic Safety Administration Vehicle Safety Hotline at 1-888-327-4236 (TTY 1-800-424-9153), or go to www.safercar.gov.', 'ModelYear': '2020', 'Make': 'VOLKSWAGEN', 'Model': 'PASSAT'}, {'Manufacturer': 'Volkswagen Group of America, Inc.', 'NHTSACampaignNumber': '20V533000', 'parkIt': False, 'parkOutSide': False, 'overTheAirUpdate': False, 'ReportReceivedDate': '02/09/2020', 'Component': 'AIR BAGS:PASSENGER SIDE FRONTAL:CUSHION', 'Summary': 'Volkswagen Group of America, Inc. (Volkswagen) is recalling certain 2020 Passat vehicles.  The passenger frontal air bag may have been folded incorrectly affecting its deployment force.  As such, these vehicles fail to comply with the requirements of Federal Motor Vehicle Safety Standard number 208, ""Occupant Crash Protection.""', 'Consequence': 'An incorrectly folded air bag can deploy with too much force, increasing the risk of injury.', 'Remedy': ""Volkswagen will notify owners, and dealers will replace the passenger frontal air bag, free of charge.  The recall began October 14, 2020.  Owners may contact Volkswagen customer service at 1-888-241-2289.  Volkswagen's number for this recall is 69AY."", 'Notes': 'Owners may also contact the National Highway Traffic Safety Administration Vehicle Safety Hotline at 1-888-327-4236 (TTY 1-800-424-9153), or go to www.safercar.gov.', 'ModelYear': '2020', 'Make': 'VOLKSWAGEN', 'Model': 'PASSAT'}]",,,https://api.nhtsa.gov/recalls/recallsByVehicle?make=Volkswagen&model=Passat&modelYear=2020,,,,,,,2026-04-26T21:42:12.608617,json_api,,,,,,,,,,,,,,,,,,,,,,,,,,,,,,,,,,,,,
selenium_scraping,2026-04-26 21:42:19.928,1.0,raw_recalls,,,,,,,https://www.wikipedia.org/wiki/Audi,,,,,,,2026-04-26T21:42:19.841782,selenium,,,Audi - Wikipedia,,,,,"Audi AG[a] is a German automotive manufacturer of luxury vehicles headquartered in Ingolstadt, Bavaria, Germany. As a wholly owned subsidiary of the Volkswagen Group, Audi produces vehicles in nine production facilities worldwide. The origins of the company are complex, dating back to the early 20th century and the initial enterprises (Horch and the Audiwerke) founded by engineer August Horch. Two other manufacturers (DKW and Wanderer) also contributed to the foundation of Auto Union in 1932. The modern Audi era began in the 1960s, when Auto Union was acquired by Volkswagen from Daimler-Benz.[7] Volkswagen relaunched the Audi brand with the 1965 introduction of the Audi F103 series, and merged Auto Union with NSU Motorenwerke in 1969, thus creating the present-day form of the company.",,,,,,,,,,,,,,,,,,,,,,,,,,,,,
ocr_image,2026-04-26 21:42:20.299,1.0,raw_recalls,,,,,audi_a4.jpg,image_ocr,/Users/elmedin.karisiksystemverification.com/Documents/private/Automotive-Industry-Tracker/data/raw/images/audi_a4.jpg,2026-04-26T21:42:20.293545,pytesseract,,,,,,,,"i mH I ui Le

",,,,,,,,,,,,,,,,,,,,,,,,,,,,,,,,,,,
ocr_image,2026-04-26 21:42:20.517,1.0,raw_recalls,,,,,volkswagen_golf.jpg,image_ocr,/Users/elmedin.karisiksystemverification.com/Documents/private/Automotive-Industry-Tracker/data/raw/images/volkswagen_golf.jpg,2026-04-26T21:42:20.516358,pytesseract,,,,,,,,,,,,,,,,,,,,,,,,,,,,,,,,,,,,,,,,,,,
ocr_image,2026-04-26 21:42:20.730,1.0,raw_recalls,,,,,volkswagen_id4.jpg,image_ocr,/Users/elmedin.karisiksystemverification.com/Documents/private/Automotive-Industry-Tracker/data/raw/images/volkswagen_id4.jpg,2026-04-26T21:42:20.728940,pytesseract,,,,,,,,,,,,,,,,,,,,,,,,,,,,,,,,,,,,,,,,,,,
ocr_image,2026-04-26 21:42:21.938,1.0,raw_recalls,,,,,test_scan.png,image_ocr,/Users/elmedin.karisiksystemverification.com/Documents/private/Automotive-Industry-Tracker/data/raw/images/test_scan.png,2026-04-26T21:42:21.937398,pytesseract,,,,,,,"The 2022 Audi RS6 Avant is a high-performance wagon that combines supercar power with everyday practicality. Under the hood, it boasts a 4.0-liter twin-turbocharged V8 engine
producing 591 horsepower and 590 Ib-ft of torque, enabling a 0-60 mph time of just 3.5 seconds. Equipped with Audi's Quattro all-wheel-drive system, adaptive air suspension, and dynamic
Steering, the RS6 delivers exceptional handling and comfort. Its aggressive design features wide fenders, a black honeycomb grille, and large oval exhaust tips, giving it a commanding
Toad presence, With a luxurious, tech-filled interior and ample cargo space, the RSG Avant is the ultimate blend of performance, luxury, and practicality.

Engine: 4.01 V8 Top speed: 190mph
Power: 591bhp 0-60: 31sec
Torque: 799nm Year: 2022
Weight: 2,282kg Country: German
","Cnnr RS6

The 2022 Audi RSG Avant is a high-performance wagon that combines supercar power with everyday practicality. Under the hood, it boasts a 4.0-liter twin-turbocharged V8 engine
producing 591 horsepower and 590 Ib-ft of torque, enabling a 0-60 mph time of just 3.5 seconds. Equipped with Audi's Quattro all-wheel-drive system, adaptive air suspension, and dynamic
steering, the RSG delivers exceptional handling and comfort. Its aggressive design features wide fenders, a black honeycomb grille, and large oval exhaust tips, giving it a commanding
road presence, With a luxurious, tech-filled interior and ample cargo space, the RS6 Avant is the ultimate blend of performance, luxury, and practicality.

Engine: 4.01 V8 Top speed: 190mph
Power: 591bhp 0-60: 31sec
Torque: 799nm Year: 2022
Weight: 2,282kg Country: German

",,,,,,,,,,,,,,,,,,,,,,,,,,,,,,,,,,,
ocr_image,2026-04-26 21:42:22.186,1.0,raw_recalls,,,,,volkswagen_passat.jpg,image_ocr,/Users/elmedin.karisiksystemverification.com/Documents/private/Automotive-Industry-Tracker/data/raw/images/volkswagen_passat.jpg,2026-04-26T21:42:22.185021,pytesseract,,,,,,,,"| it i i

",,,,,,,,,,,,,,,,,,,,,,,,,,,,,,,,,,,
ocr_scanned_pdf,2026-04-26 21:42:22.781,1.0,raw_recalls,,,,,scanned_report.pdf,scanned_pdf_ocr,/Users/elmedin.karisiksystemverification.com/Documents/private/Automotive-Industry-Tracker/data/raw/scanned/scanned_report.pdf,2026-04-26T21:42:22.780345,pytesseract+pdf2image,"[{'page_number': 1, 'text': 'Automotive Industry Recall Report 2020\n\nIntroduction\n\nThis report provides an overview of vehicle recalls issued in 2020 for major automotive brands including\nAudi, Volkswagen, and Skoda. Data sourced from NHTSA.\n\nRecall Summary Table (with borders)\n\nMake Model | Year | Recalls\n\nRecall Summary Table (without borders)\nMake Model Year Recalls\nAudi A4 2020 3\nVolkswagen Golf 2020 2\nVolkswagen Passat 2020 3\n\n'}]",,,,,,,,,,,,,,,,,,,,,,,,,,,,,,,,,,,,,,,,,,
image_processing,2026-04-26 21:42:23.588,1.0,raw_recalls,,,,,audi_a4.jpg,,vehicle_image,,,,,,,,automotive,,,,,,,,,/Users/elmedin.karisiksystemverification.com/Documents/private/Automotive-Industry-Tracker/data/raw/images/audi_a4.jpg,/Users/elmedin.karisiksystemverification.com/Documents/private/Automotive-Industry-Tracker/data/processed/resized/audi_a4_resized.jpg,/Users/elmedin.karisiksystemverification.com/Documents/private/Automotive-Industry-Tracker/data/processed/thumbnails/audi_a4_thumb.jpg,/Users/elmedin.karisiksystemverification.com/Documents/private/Automotive-Industry-Tracker/data/processed/webp/audi_a4.webp,JPEG,RGB,960.0,500.0,157.31,audi_a4.jpg,Unknown,Unknown,Unknown,Unknown,Unknown,Unknown,Unknown,Unknown,No GPS data,2026-04-26T21:42:23.583231,2026-04-26T21:42:23.583280,,,,,,,,
image_processing,2026-04-26 21:42:23.716,1.0,raw_recalls,,,,,volkswagen_golf.jpg,,vehicle_image,,,,,,,,automotive,,,,,,,,,/Users/elmedin.karisiksystemverification.com/Documents/private/Automotive-Industry-Tracker/data/raw/images/volkswagen_golf.jpg,/Users/elmedin.karisiksystemverification.com/Documents/private/Automotive-Industry-Tracker/data/processed/resized/volkswagen_golf_resized.jpg,/Users/elmedin.karisiksystemverification.com/Documents/private/Automotive-Industry-Tracker/data/processed/thumbnails/volkswagen_golf_thumb.jpg,/Users/elmedin.karisiksystemverification.com/Documents/private/Automotive-Industry-Tracker/data/processed/webp/volkswagen_golf.webp,JPEG,RGB,960.0,490.0,121.7,volkswagen_golf.jpg,Unknown,Unknown,Unknown,Unknown,Unknown,Unknown,Unknown,Unknown,No GPS data,2026-04-26T21:42:23.716139,2026-04-26T21:42:23.716182,,,,,,,,
image_processing,2026-04-26 21:42:23.853,1.0,raw_recalls,,,,,volkswagen_id4.jpg,,vehicle_image,,,,,,,,automotive,,,,,,,,,/Users/elmedin.karisiksystemverification.com/Documents/private/Automotive-Industry-Tracker/data/raw/images/volkswagen_id4.jpg,/Users/elmedin.karisiksystemverification.com/Documents/private/Automotive-Industry-Tracker/data/processed/resized/volkswagen_id4_resized.jpg,/Users/elmedin.karisiksystemverification.com/Documents/private/Automotive-Industry-Tracker/data/processed/thumbnails/volkswagen_id4_thumb.jpg,/Users/elmedin.karisiksystemverification.com/Documents/private/Automotive-Industry-Tracker/data/processed/webp/volkswagen_id4.webp,JPEG,RGB,960.0,533.0,131.99,volkswagen_id4.jpg,Unknown,Unknown,Unknown,Unknown,Unknown,Unknown,Unknown,Unknown,No GPS data,2026-04-26T21:42:23.852515,2026-04-26T21:42:23.852568,,,,,,,,
image_processing,2026-04-26 21:42:25.312,1.0,raw_recalls,,,,,test_scan.png,,vehicle_image,,,,,,,,automotive,,,,,,,,,/Users/elmedin.karisiksystemverification.com/Documents/private/Automotive-Industry-Tracker/data/raw/images/test_scan.png,/Users/elmedin.karisiksystemverification.com/Documents/private/Automotive-Industry-Tracker/data/processed/resized/test_scan_resized.png,/Users/elmedin.karisiksystemverification.com/Documents/private/Automotive-Industry-Tracker/data/processed/thumbnails/test_scan_thumb.png,/Users/elmedin.karisiksystemverification.com/Documents/private/Automotive-Industry-Tracker/data/processed/webp/test_scan.webp,WEBP,RGBA,1946.0,1946.0,117.6,test_scan.png,Unknown,Unknown,Unknown,Unknown,Unknown,Unknown,Unknown,1,No GPS data,2026-04-26T21:42:25.311582,2026-04-26T21:42:25.311619,,,,,,,,
image_processing,2026-04-26 21:42:25.454,1.0,raw_recalls,,,,,volkswagen_passat.jpg,,vehicle_image,,,,,,,,automotive,,,,,,,,,/Users/elmedin.karisiksystemverification.com/Documents/private/Automotive-Industry-Tracker/data/raw/images/volkswagen_passat.jpg,/Users/elmedin.karisiksystemverification.com/Documents/private/Automotive-Industry-Tracker/data/processed/resized/volkswagen_passat_resized.jpg,/Users/elmedin.karisiksystemverification.com/Documents/private/Automotive-Industry-Tracker/data/processed/thumbnails/volkswagen_passat_thumb.jpg,/Users/elmedin.karisiksystemverification.com/Documents/private/Automotive-Industry-Tracker/data/processed/webp/volkswagen_passat.webp,JPEG,RGB,960.0,484.0,146.75,volkswagen_passat.jpg,Unknown,Unknown,Unknown,Unknown,Unknown,Unknown,Unknown,Unknown,No GPS data,2026-04-26T21:42:25.454203,2026-04-26T21:42:25.454248,,,,,,,,
word_extraction,2026-04-26 21:44:20.586,1.0,raw_recalls,,,,,automotive_report.docx,word,/Users/elmedin.karisiksystemverification.com/Documents/private/Automotive-Industry-Tracker/data/raw/word/automotive_report.docx,2026-04-26T21:44:20.379007,python-docx,,"[{'style': 'Title', 'text': 'Automotive Industry Recall Report 2020'}, {'style': 'Normal', 'text': 'This report provides an overview of vehicle recalls issued in 2020. Data sourced from NHTSA database covering major VW Group vehicles.'}, {'style': 'Heading 1', 'text': 'Recall Overview'}, {'style': 'Normal', 'text': 'In 2020, several VW Group vehicles were subject to safety recalls. The recalls covered issues ranging from airbag defects to engine problems.'}, {'style': 'Heading 2', 'text': 'Table with Borders'}, {'style': 'Heading 2', 'text': 'Table without Borders'}, {'style': 'Heading 1', 'text': 'Two-Column Section'}, {'style': 'Normal', 'text': 'Left Column: Audi A4 had 3 recalls in 2020 including airbag and brake issues.'}, {'style': 'Normal', 'text': 'Right Column: Volkswagen Golf had 2 recalls related to electrical systems.'}]","[{'table_index': 0, 'data': [['Make', 'Model', 'Year', 'Recalls'], ['Audi', 'A4', '2020', '3'], ['Volkswagen', 'Golf', '2020', '2'], ['Volkswagen', 'Passat', '2020', '3']]}, {'table_index': 1, 'data': [['Make', 'Model', 'Year', 'Recalls'], ['Audi', 'A4', '2020', '3'], ['Volkswagen', 'Golf', '2020', '2'], ['Volkswagen', 'Passat', '2020', '3']]}]",,,,,,,,,,,,,,,,,,,,,,,,,,,,,,,,,,,,,,,,
excel_extraction,2026-04-26 21:44:20.748,1.0,raw_recalls,,,,,automotive_data.xlsx,excel,/Users/elmedin.karisiksystemverification.com/Documents/private/Automotive-Industry-Tracker/data/raw/excel/automotive_data.xlsx,2026-04-26T21:44:20.708297,openpyxl,,,,"[{'sheet_name': 'Recall Summary', 'rows': [['Make', 'Model', 'Year', 'Recall Count', 'Affected Units', 'Total Cost (USD)'], ['Audi', 'A4', '2020', '3', '15000', '2500000'], ['Volkswagen', 'Golf', '2020', '2', '8200', '1200000'], ['Volkswagen', 'Passat', '2020', '3', '5100', '980000'], ['TOTAL', '', '', '=SUM(D2:D4)', '=SUM(E2:E4)', '=SUM(F2:F4)']]}, {'sheet_name': 'Component Details', 'rows': [['Component', 'Issue', 'Make', 'Model', 'Affected Units'], ['Airbag', 'Inflator rupture', 'Audi', 'A4', '15000'], ['Brakes', 'Brake fluid leak', 'Volkswagen', 'Golf', '8200'], ['Engine', 'Oil pressure loss', 'Volkswagen', 'Passat', '5100']]}]",,,,,,,,,,,,,,,,,,,,,,,,,,,,,,,,,,,,,,,
nhtsa_api,2026-04-26 21:44:23.956,1.0,raw_recalls,Audi,A4,2020.0,"[{'Manufacturer': 'Volkswagen Group of America, Inc.', 'NHTSACampaignNumber': '22V034000', 'parkIt': False, 'parkOutSide': False, 'overTheAirUpdate': False, 'ReportReceivedDate': '26/01/2022', 'Component': 'TIRES', 'Summary': 'Volkswagen Group of America, Inc. (Audi) is recalling certain 2019-2021 Audi A5 Sportback, RS5 Coupe, RS5 Sportback, S5 Sportback, 2020-2021 A4 Allroad, A4 Sedan, A5 Cabriolet, A5 Coupe, A6 Allroad, A6 Sedan, A7, A8, Q5, S4 Sedan, S5 Coupe, S5 Cabriolet, S6 Sedan, S7, S8, SQ5, 2021 Q5 Sportback, Q7, Q8, RS6 Avant, RS7, RSQ8, SQ5 Sportback, SQ7, and SQ8 vehicles.  The rear axle alignment may not have been inspected after the repairs for Recall 21V-295 (42L1) were performed.', 'Consequence': 'Rear axle misalignment may cause premature or uneven tire wear, increasing the risk of a crash.', 'Remedy': ""Dealers will inspect the rear axle, adjust the alignment as necessary, and replace any prematurely or unevenly worn tires, free of charge.  Owner notification letters were mailed March 3, 2022.  Owners may contact Audi customer service at 1-800-253-2834.  Audi's number for this recall is 42L5."", 'Notes': 'Owners may also contact the National Highway Traffic Safety Administration Vehicle Safety Hotline at 1-888-327-4236 (TTY 1-800-424-9153), or go to www.nhtsa.gov.', 'ModelYear': '2020', 'Make': 'AUDI', 'Model': 'A4'}, {'Manufacturer': 'Volkswagen Group of America, Inc.', 'NHTSACampaignNumber': '21V295000', 'parkIt': False, 'parkOutSide': False, 'overTheAirUpdate': False, 'ReportReceivedDate': '26/04/2021', 'Component': 'SUSPENSION:REAR:AXLE:NON-POWERED AXLE ASSEMBLY', 'Summary': 'Volkswagen Group of America, Inc. (Audi) is recalling certain 2021 Q7, Q8, Q5 Sportback, SQ5 Sportback, RS6 Avant, RS7, RS Q8, 2020-2021 Audi S6 sedan, Q5, A8, S8, A7, A6 Allroad, A5 Cabriolet, A4 sedan, A4 Allroad, SQ5, S7, A6 sedan, S5 coupe, S4 sedan, S5 Cabriolet, A5 coupe, 2019-2021 RS5 coupe, A5 Sportback, S5 Sportback, RS5 Sportback vehicles.  The lock nut on the trailing arm of the rear axle may break due to stress corrosion.', 'Consequence': 'A broken lock nut may misalign the rear axle, causing a loss of control and increasing the risk of a crash.', 'Remedy': ""Dealers will replace the lock nuts and, if necessary, the associated bolts, free of charge.  Owner notification letters were mailed June 4, 2021.  Owners may contact Audi customer service at 1-800-253-2834.  Audi's number for this recall is 42L1."", 'Notes': 'Owners may also contact the National Highway Traffic Safety Administration Vehicle Safety Hotline at 1-888-327-4236 (TTY 1-800-424-9153), or go to www.safercar.gov.', 'ModelYear': '2020', 'Make': 'AUDI', 'Model': 'A4'}, {'Manufacturer': 'Volkswagen Group of America, Inc.', 'NHTSACampaignNumber': '21V874000', 'parkIt': False, 'parkOutSide': False, 'overTheAirUpdate': False, 'ReportReceivedDate': '10/11/2021', 'Component': 'SEATS', 'Summary': 'Volkswagen Group of America, Inc. (Audi) is recalling certain 2017-2020 A4 Allroad, A4 Sedan, 2018-2019 RS5 Coupe, 2019 RS5 Sportback, 2018-2020 A5 Cabriolet, A5 Coupe, A5 Sportback, S4 Sedan, S5 Cabriolet, S5 Coupe, and Audi S5 Sportback vehicles.  The cable connecting the seat heater to the Passenger Occupant Detection System (PODS) may have a contact fault, causing the software to misdiagnose a malfunction and disable the passenger air bag.', 'Consequence': 'A disabled passenger air bag increases the risk of injury in the event of a crash.', 'Remedy': ""Dealers will replace the connecting cable and either the heating mat or entire seat cover, free of charge.  Owner notification letters were mailed January 7, 2022.  Owners may contact Audi customer service at 1-800-253-2834.  Audi's number for this recall is 74E3.  This recall is an expansion of Recall 19V-547 (74D9).  Vehicles previously repaired under 19V-547 will need to return for the new remedy."", 'Notes': 'Owners may also contact the National Highway Traffic Safety Administration Vehicle Safety Hotline at 1-888-327-4236 (TTY 1-800-424-9153), or go to www.nhtsa.gov.', 'ModelYear': '2020', 'Make': 'AUDI', 'Model': 'A4'}]",,,,,,,,,,,,,,,,,,,,,,,,,,,,,,,,,,,,,,,,,,,,,,,,
nhtsa_api,2026-04-26 21:44:23.966,1.0,raw_recalls,Volkswagen,Golf,2020.0,"[{'Manufacturer': 'Volkswagen Group of America, Inc.', 'NHTSACampaignNumber': '22V815000', 'parkIt': False, 'parkOutSide': False, 'overTheAirUpdate': False, 'ReportReceivedDate': '31/10/2022', 'Component': 'TIRES:PRESSURE MONITORING AND REGULATING SYSTEMS', 'Summary': 'Volkswagen Group of America, Inc. (Volkswagen) is recalling certain 2019 Volkswagen Tiguan LWB, Golf Sportswagen A7, Golf Alltrack, Golf R GP, Audi Q3, Audi A3 Cabriolet, 2019-2020 Jetta NF, Jetta GLI, Golf GTI, Atlas, Golf A7, Audi A3, 2020-2021 Atlas Cross Sport, and 2021 Atlas FL vehicles.  The tire pressure monitoring system may not detect an air pressure loss in adequate time when deflating occurs among all four tires simultaneously.  As such, these vehicles fail to comply with the requirements of Federal Motor Vehicle Safety Standard number 138, ""Tire Pressure Monitoring Systems.""', 'Consequence': 'An undetected sudden loss of pressure in all four tires increases the risk of a crash.', 'Remedy': ""Dealers will update the TPMS software, free of charge.  Owner notification letters were mailed November 18, 2022.  Owners may contact Volkswagen's customer service at 1-800-893-5298 or Audi\x92s customer service at 1-800-253-2834.  Volkswagen's numbers for this recall are (Audi) 45J7, and (VW) 45J6 and 45J8."", 'Notes': 'Owners may also contact the National Highway Traffic Safety Administration Vehicle Safety Hotline at 1-888-327-4236 (TTY 1-800-424-9153), or go to www.safercar.gov.', 'ModelYear': '2020', 'Make': 'VOLKSWAGEN', 'Model': 'GOLF'}, {'Manufacturer': 'Volkswagen Group of America, Inc.', 'NHTSACampaignNumber': '24V110000', 'parkIt': False, 'parkOutSide': False, 'overTheAirUpdate': False, 'NHTSAActionNumber': 'RQ23007', 'ReportReceivedDate': '14/02/2024', 'Component': 'FUEL SYSTEM, GASOLINE', 'Summary': 'Volkswagen Group of America, Inc. (Volkswagen) is recalling certain front-wheel drive 2015-2020 Audi A3 Sedan, 2015-2019 Audi A3 Cabriolet, 2019-2020 Volkswagen Jetta GLI, 2018 Golf Sportwagen GP, 2018-2019 Golf Sportwagen A7, 2015-2017 Golf Sportwagen, 2015-2020 Golf GTI, and 2015-2020 Golf A7 vehicles.  Due to a problem with a suction jet pump seal inside the fuel tank, fuel may flow into the evaporative emissions (EVAP) system and possibly leak out of the charcoal canister.', 'Consequence': 'A fuel leak in the presence of an ignition source increases the risk of a fire.', 'Remedy': ""Dealers will replace the suction pump, free of charge.  Final owner notification letters for Audi owners were mailed on July 25, 2024.  Final owner letters for VW owners were mailed on August 13, 2024.  Owners may contact Volkswagen customer service at 1-800-893-5298 or Audi customer service at 1-800-253-2834.  Volkswagen's numbers for this recall are VW: 20UF/Audi: 20YF.  Vehicles that were previously recalled under 16V-647 will need to have the new remedy completed.  This recall expands and replaces previous recall number 16V-647."", 'Notes': 'Owners may also contact the National Highway Traffic Safety Administration Vehicle Safety Hotline at 1-888-327-4236 (TTY 1-800-424-9153), or go to www.nhtsa.gov.', 'ModelYear': '2020', 'Make': 'VOLKSWAGEN', 'Model': 'GOLF'}]",,,,,,,,,,,,,,,,,,,,,,,,,,,,,,,,,,,,,,,,,,,,,,,,
nhtsa_api,2026-04-26 21:44:23.975,1.0,raw_recalls,Volkswagen,Passat,2020.0,"[{'Manufacturer': 'Volkswagen Group of America, Inc.', 'NHTSACampaignNumber': '19V389000', 'parkIt': False, 'parkOutSide': False, 'overTheAirUpdate': False, 'ReportReceivedDate': '22/05/2019', 'Component': 'EXTERIOR LIGHTING:HEADLIGHTS', 'Summary': 'Volkswagen Group of America, Inc. (Volkswagen) is recalling certain 2012-2020 Volkswagen Passat and 2018-2019 Atlas vehicles.  The blocking cap disabling the adjustment of the headlight\'s horizontal aim may not have been installed.  As such, these vehicles fail to conform to Federal Motor Vehicle Safety Standard (FMVSS) number 108, ""Lamps, Reflective Devices, and Associated Equipment.""', 'Consequence': 'Without the blocking cap, the headlight aim can be adjusted out of specification, reducing visibility and increasing the risk of a crash.', 'Remedy': ""Volkswagen will notify owners, and dealers will inspect and, as necessary, block the headlight horizontal adjustment, free of charge.  The recall began July 16, 2019.  Owners may contact Volkswagen customer service at 1-800-253-2834.  Volkswagen's number for this recall is 94L9."", 'Notes': 'Owners may also contact the National Highway Traffic Safety Administration Vehicle Safety Hotline at 1-888-327-4236 (TTY 1-800-424-9153), or go to www.safercar.gov.', 'ModelYear': '2020', 'Make': 'VOLKSWAGEN', 'Model': 'PASSAT'}, {'Manufacturer': 'Volkswagen Group of America, Inc.', 'NHTSACampaignNumber': '19V218000', 'parkIt': False, 'parkOutSide': False, 'overTheAirUpdate': False, 'ReportReceivedDate': '20/03/2019', 'Component': 'AIR BAGS:SIDE/WINDOW', 'Summary': 'Volkswagen Group of America, Inc. (Volkswagen) is recalling certain 2019 Atlas and 2020 Passat vehicles.  An incorrect driver and/or front passenger side impact air bag may have been installed.', 'Consequence': 'In an event of a side impact crash, an incorrect side airbag may not deploy as intended, increasing the risk of injury.', 'Remedy': ""Volkswagen has inspected and replaced the side air bags, free of charge.  The recall was completed in April 2019.  Owners may contact Volkswagen customer service at 1-800-893-5298.  Volkswagen's number for this recall is 69Y8."", 'Notes': 'Owners may also contact the National Highway Traffic Safety Administration Vehicle Safety Hotline at 1-888-327-4236 (TTY 1-800-424-9153), or go to www.safercar.gov.', 'ModelYear': '2020', 'Make': 'VOLKSWAGEN', 'Model': 'PASSAT'}, {'Manufacturer': 'Volkswagen Group of America, Inc.', 'NHTSACampaignNumber': '20V533000', 'parkIt': False, 'parkOutSide': False, 'overTheAirUpdate': False, 'ReportReceivedDate': '02/09/2020', 'Component': 'AIR BAGS:PASSENGER SIDE FRONTAL:CUSHION', 'Summary': 'Volkswagen Group of America, Inc. (Volkswagen) is recalling certain 2020 Passat vehicles.  The passenger frontal air bag may have been folded incorrectly affecting its deployment force.  As such, these vehicles fail to comply with the requirements of Federal Motor Vehicle Safety Standard number 208, ""Occupant Crash Protection.""', 'Consequence': 'An incorrectly folded air bag can deploy with too much force, increasing the risk of injury.', 'Remedy': ""Volkswagen will notify owners, and dealers will replace the passenger frontal air bag, free of charge.  The recall began October 14, 2020.  Owners may contact Volkswagen customer service at 1-888-241-2289.  Volkswagen's number for this recall is 69AY."", 'Notes': 'Owners may also contact the National Highway Traffic Safety Administration Vehicle Safety Hotline at 1-888-327-4236 (TTY 1-800-424-9153), or go to www.safercar.gov.', 'ModelYear': '2020', 'Make': 'VOLKSWAGEN', 'Model': 'PASSAT'}]",,,,,,,,,,,,,,,,,,,,,,,,,,,,,,,,,,,,,,,,,,,,,,,,
pdf_extraction,2026-04-26 21:44:24.015,1.0,raw_recalls,,,,,automotive_report_twocolumn.pdf,pdf,/Users/elmedin.karisiksystemverification.com/Documents/private/Automotive-Industry-Tracker/data/raw/pdf/automotive_report_twocolumn.pdf,2026-04-26T21:44:23.982622,pdfplumber,"[{'page_number': 1, 'text': 'Automotive Two-Column Report\nAudi A4 Recalls Volkswagen Golf Recalls\nThe Audi A4 2020 had 3 recalls related to airbag, The Volkswagen Golf 2020 had 2 recalls related to\nbrake, and engine issues reported to NHTSA. electrical systems and fuel systems.\nComponent Recall Details (with borders)\nComponent Issue Affected Units\nAirbag Inflator rupture 15,000\nBrakes Brake fluid leak 8,200\nEngine Oil pressure loss 5,100\nComponent Recall Details (without borders)\nComponent Issue Affected Units\nAirbag Inflator rupture 15,000\nBrakes Brake fluid leak 8,200\nEngine Oil pressure loss 5,100', 'tables': [[['Component', 'Issue', 'Affected Units'], ['Airbag', 'Inflator rupture', '15,000'], ['Brakes', 'Brake fluid leak', '8,200'], ['Engine', 'Oil pressure loss', '5,100']]]}]",,,,,,,,,,,,,,,,,,,,,,,,,,,,,,,,,,,,,,,,,,
pdf_extraction,2026-04-26 21:44:24.040,1.0,raw_recalls,,,,,automotive_report_normal.pdf,pdf,/Users/elmedin.karisiksystemverification.com/Documents/private/Automotive-Industry-Tracker/data/raw/pdf/automotive_report_normal.pdf,2026-04-26T21:44:24.019153,pdfplumber,"[{'page_number': 1, 'text': 'Automotive Industry Recall Report 2020\nIntroduction\nThis report provides an overview of vehicle recalls issued in 2020 for major automotive brands including\nAudi, Volkswagen, and Skoda. Data sourced from NHTSA.\nRecall Summary Table (with borders)\nMake Model Year Recalls\nAudi A4 2020 3\nVolkswagen Golf 2020 2\nVolkswagen Passat 2020 3\nRecall Summary Table (without borders)\nMake Model Year Recalls\nAudi A4 2020 3\nVolkswagen Golf 2020 2\nVolkswagen Passat 2020 3', 'tables': [[['Make', 'Model', 'Year', 'Recalls'], ['Audi', 'A4', '2020', '3'], ['Volkswagen', 'Golf', '2020', '2'], ['Volkswagen', 'Passat', '2020', '3']]]}]",,,,,,,,,,,,,,,,,,,,,,,,,,,,,,,,,,,,,,,,,,
word_extraction,2026-04-26 21:44:24.243,1.0,raw_recalls,,,,,automotive_report.docx,word,/Users/elmedin.karisiksystemverification.com/Documents/private/Automotive-Industry-Tracker/data/raw/word/automotive_report.docx,2026-04-26T21:44:24.044305,python-docx,,"[{'style': 'Title', 'text': 'Automotive Industry Recall Report 2020'}, {'style': 'Normal', 'text': 'This report provides an overview of vehicle recalls issued in 2020. Data sourced from NHTSA database covering major VW Group vehicles.'}, {'style': 'Heading 1', 'text': 'Recall Overview'}, {'style': 'Normal', 'text': 'In 2020, several VW Group vehicles were subject to safety recalls. The recalls covered issues ranging from airbag defects to engine problems.'}, {'style': 'Heading 2', 'text': 'Table with Borders'}, {'style': 'Heading 2', 'text': 'Table without Borders'}, {'style': 'Heading 1', 'text': 'Two-Column Section'}, {'style': 'Normal', 'text': 'Left Column: Audi A4 had 3 recalls in 2020 including airbag and brake issues.'}, {'style': 'Normal', 'text': 'Right Column: Volkswagen Golf had 2 recalls related to electrical systems.'}]","[{'table_index': 0, 'data': [['Make', 'Model', 'Year', 'Recalls'], ['Audi', 'A4', '2020', '3'], ['Volkswagen', 'Golf', '2020', '2'], ['Volkswagen', 'Passat', '2020', '3']]}, {'table_index': 1, 'data': [['Make', 'Model', 'Year', 'Recalls'], ['Audi', 'A4', '2020', '3'], ['Volkswagen', 'Golf', '2020', '2'], ['Volkswagen', 'Passat', '2020', '3']]}]",,,,,,,,,,,,,,,,,,,,,,,,,,,,,,,,,,,,,,,,
excel_extraction,2026-04-26 21:44:24.284,1.0,raw_recalls,,,,,automotive_data.xlsx,excel,/Users/elmedin.karisiksystemverification.com/Documents/private/Automotive-Industry-Tracker/data/raw/excel/automotive_data.xlsx,2026-04-26T21:44:24.249566,openpyxl,,,,"[{'sheet_name': 'Recall Summary', 'rows': [['Make', 'Model', 'Year', 'Recall Count', 'Affected Units', 'Total Cost (USD)'], ['Audi', 'A4', '2020', '3', '15000', '2500000'], ['Volkswagen', 'Golf', '2020', '2', '8200', '1200000'], ['Volkswagen', 'Passat', '2020', '3', '5100', '980000'], ['TOTAL', '', '', '=SUM(D2:D4)', '=SUM(E2:E4)', '=SUM(F2:F4)']]}, {'sheet_name': 'Component Details', 'rows': [['Component', 'Issue', 'Make', 'Model', 'Affected Units'], ['Airbag', 'Inflator rupture', 'Audi', 'A4', '15000'], ['Brakes', 'Brake fluid leak', 'Volkswagen', 'Golf', '8200'], ['Engine', 'Oil pressure loss', 'Volkswagen', 'Passat', '5100']]}]",,,,,,,,,,,,,,,,,,,,,,,,,,,,,,,,,,,,,,,
web_scraping,2026-04-26 21:44:24.296,1.0,raw_recalls,,,,,,,local_html/page_1.html,,,,,,,2026-04-26T21:44:24.291320,,,,Audi A4 2020,"Luxury sedan with 2.0L TFSI engine, 190hp. Known for premium interior and advanced driver assistance.","$39,900",/cars/audi-a4-2020,1.0,,,,,,,,,,,,,,,,,,,,,,,,,,,,,,
web_scraping,2026-04-26 21:44:24.300,1.0,raw_recalls,,,,,,,local_html/page_1.html,,,,,,,2026-04-26T21:44:24.291472,,,,Audi A4 2019,Previous generation A4 with quattro all-wheel drive. Excellent safety ratings from NHTSA.,"$36,500",/cars/audi-a4-2019,1.0,,,,,,,,,,,,,,,,,,,,,,,,,,,,,,
web_scraping,2026-04-26 21:44:24.309,1.0,raw_recalls,,,,,,,local_html/page_1.html,,,,,,,2026-04-26T21:44:24.291600,,,,Audi A4 2018,Reliable executive sedan. NHTSA recall issued for airbag inflator replacement.,"$33,200",/cars/audi-a4-2018,1.0,,,,,,,,,,,,,,,,,,,,,,,,,,,,,,
web_scraping,2026-04-26 21:44:24.312,1.0,raw_recalls,,,,,,,local_html/page_2.html,,,,,,,2026-04-26T21:44:24.292325,,,,Volkswagen Golf 2020,Compact hatchback with 1.4L TSI engine. Popular choice in European markets.,"$23,195",/cars/volkswagen-golf-2020,2.0,,,,,,,,,,,,,,,,,,,,,,,,,,,,,,
web_scraping,2026-04-26 21:44:24.317,1.0,raw_recalls,,,,,,,local_html/page_2.html,,,,,,,2026-04-26T21:44:24.292455,,,,Volkswagen Golf 2019,"Award-winning hatchback. NHTSA recall for brake system defect affecting 8,200 units.","$21,500",/cars/volkswagen-golf-2019,2.0,,,,,,,,,,,,,,,,,,,,,,,,,,,,,,
web_scraping,2026-04-26 21:44:29.330,1.0,raw_recalls,,,,,,,local_html/page_2.html,,,,,,,2026-04-26T21:44:24.292580,,,,Volkswagen Golf GTI 2020,Performance variant with 228hp turbocharged engine and sport suspension.,"$29,995",/cars/volkswagen-golf-gti-2020,2.0,,,,,,,,,,,,,,,,,,,,,,,,,,,,,,
web_scraping,2026-04-26 21:44:29.337,1.0,raw_recalls,,,,,,,local_html/page_3.html,,,,,,,2026-04-26T21:44:24.293393,,,,Volkswagen Passat 2020,Midsize sedan with spacious interior. NHTSA recall for fuel pump defect.,"$24,990",/cars/volkswagen-passat-2020,3.0,,,,,,,,,,,,,,,,,,,,,,,,,,,,,,
web_scraping,2026-04-26 21:44:29.354,1.0,raw_recalls,,,,,,,local_html/page_3.html,,,,,,,2026-04-26T21:44:24.293552,,,,Volkswagen Passat 2019,Business-class sedan with advanced connectivity features and comfort.,"$22,800",/cars/volkswagen-passat-2019,3.0,,,,,,,,,,,,,,,,,,,,,,,,,,,,,,
web_scraping,2026-04-26 21:44:29.363,1.0,raw_recalls,,,,,,,local_html/page_3.html,,,,,,,2026-04-26T21:44:24.293717,,,,Skoda Octavia 2020,Czech-made sedan offering exceptional value. Part of VW Group platform.,"$19,990",/cars/skoda-octavia-2020,3.0,,,,,,,,,,,,,,,,,,,,,,,,,,,,,,
dynamic_scraping,2026-04-26 21:44:31.139,1.0,raw_recalls,Audi,A4,2020.0,"[{'Manufacturer': 'Volkswagen Group of America, Inc.', 'NHTSACampaignNumber': '22V034000', 'parkIt': False, 'parkOutSide': False, 'overTheAirUpdate': False, 'ReportReceivedDate': '26/01/2022', 'Component': 'TIRES', 'Summary': 'Volkswagen Group of America, Inc. (Audi) is recalling certain 2019-2021 Audi A5 Sportback, RS5 Coupe, RS5 Sportback, S5 Sportback, 2020-2021 A4 Allroad, A4 Sedan, A5 Cabriolet, A5 Coupe, A6 Allroad, A6 Sedan, A7, A8, Q5, S4 Sedan, S5 Coupe, S5 Cabriolet, S6 Sedan, S7, S8, SQ5, 2021 Q5 Sportback, Q7, Q8, RS6 Avant, RS7, RSQ8, SQ5 Sportback, SQ7, and SQ8 vehicles.  The rear axle alignment may not have been inspected after the repairs for Recall 21V-295 (42L1) were performed.', 'Consequence': 'Rear axle misalignment may cause premature or uneven tire wear, increasing the risk of a crash.', 'Remedy': ""Dealers will inspect the rear axle, adjust the alignment as necessary, and replace any prematurely or unevenly worn tires, free of charge.  Owner notification letters were mailed March 3, 2022.  Owners may contact Audi customer service at 1-800-253-2834.  Audi's number for this recall is 42L5."", 'Notes': 'Owners may also contact the National Highway Traffic Safety Administration Vehicle Safety Hotline at 1-888-327-4236 (TTY 1-800-424-9153), or go to www.nhtsa.gov.', 'ModelYear': '2020', 'Make': 'AUDI', 'Model': 'A4'}, {'Manufacturer': 'Volkswagen Group of America, Inc.', 'NHTSACampaignNumber': '21V295000', 'parkIt': False, 'parkOutSide': False, 'overTheAirUpdate': False, 'ReportReceivedDate': '26/04/2021', 'Component': 'SUSPENSION:REAR:AXLE:NON-POWERED AXLE ASSEMBLY', 'Summary': 'Volkswagen Group of America, Inc. (Audi) is recalling certain 2021 Q7, Q8, Q5 Sportback, SQ5 Sportback, RS6 Avant, RS7, RS Q8, 2020-2021 Audi S6 sedan, Q5, A8, S8, A7, A6 Allroad, A5 Cabriolet, A4 sedan, A4 Allroad, SQ5, S7, A6 sedan, S5 coupe, S4 sedan, S5 Cabriolet, A5 coupe, 2019-2021 RS5 coupe, A5 Sportback, S5 Sportback, RS5 Sportback vehicles.  The lock nut on the trailing arm of the rear axle may break due to stress corrosion.', 'Consequence': 'A broken lock nut may misalign the rear axle, causing a loss of control and increasing the risk of a crash.', 'Remedy': ""Dealers will replace the lock nuts and, if necessary, the associated bolts, free of charge.  Owner notification letters were mailed June 4, 2021.  Owners may contact Audi customer service at 1-800-253-2834.  Audi's number for this recall is 42L1."", 'Notes': 'Owners may also contact the National Highway Traffic Safety Administration Vehicle Safety Hotline at 1-888-327-4236 (TTY 1-800-424-9153), or go to www.safercar.gov.', 'ModelYear': '2020', 'Make': 'AUDI', 'Model': 'A4'}, {'Manufacturer': 'Volkswagen Group of America, Inc.', 'NHTSACampaignNumber': '21V874000', 'parkIt': False, 'parkOutSide': False, 'overTheAirUpdate': False, 'ReportReceivedDate': '10/11/2021', 'Component': 'SEATS', 'Summary': 'Volkswagen Group of America, Inc. (Audi) is recalling certain 2017-2020 A4 Allroad, A4 Sedan, 2018-2019 RS5 Coupe, 2019 RS5 Sportback, 2018-2020 A5 Cabriolet, A5 Coupe, A5 Sportback, S4 Sedan, S5 Cabriolet, S5 Coupe, and Audi S5 Sportback vehicles.  The cable connecting the seat heater to the Passenger Occupant Detection System (PODS) may have a contact fault, causing the software to misdiagnose a malfunction and disable the passenger air bag.', 'Consequence': 'A disabled passenger air bag increases the risk of injury in the event of a crash.', 'Remedy': ""Dealers will replace the connecting cable and either the heating mat or entire seat cover, free of charge.  Owner notification letters were mailed January 7, 2022.  Owners may contact Audi customer service at 1-800-253-2834.  Audi's number for this recall is 74E3.  This recall is an expansion of Recall 19V-547 (74D9).  Vehicles previously repaired under 19V-547 will need to return for the new remedy."", 'Notes': 'Owners may also contact the National Highway Traffic Safety Administration Vehicle Safety Hotline at 1-888-327-4236 (TTY 1-800-424-9153), or go to www.nhtsa.gov.', 'ModelYear': '2020', 'Make': 'AUDI', 'Model': 'A4'}]",,,https://api.nhtsa.gov/recalls/recallsByVehicle?make=Audi&model=A4&modelYear=2020,,,,,,,2026-04-26T21:44:31.124018,json_api,,,,,,,,,,,,,,,,,,,,,,,,,,,,,,,,,,,,,
dynamic_scraping,2026-04-26 21:44:32.841,1.0,raw_recalls,Volkswagen,Golf,2020.0,"[{'Manufacturer': 'Volkswagen Group of America, Inc.', 'NHTSACampaignNumber': '22V815000', 'parkIt': False, 'parkOutSide': False, 'overTheAirUpdate': False, 'ReportReceivedDate': '31/10/2022', 'Component': 'TIRES:PRESSURE MONITORING AND REGULATING SYSTEMS', 'Summary': 'Volkswagen Group of America, Inc. (Volkswagen) is recalling certain 2019 Volkswagen Tiguan LWB, Golf Sportswagen A7, Golf Alltrack, Golf R GP, Audi Q3, Audi A3 Cabriolet, 2019-2020 Jetta NF, Jetta GLI, Golf GTI, Atlas, Golf A7, Audi A3, 2020-2021 Atlas Cross Sport, and 2021 Atlas FL vehicles.  The tire pressure monitoring system may not detect an air pressure loss in adequate time when deflating occurs among all four tires simultaneously.  As such, these vehicles fail to comply with the requirements of Federal Motor Vehicle Safety Standard number 138, ""Tire Pressure Monitoring Systems.""', 'Consequence': 'An undetected sudden loss of pressure in all four tires increases the risk of a crash.', 'Remedy': ""Dealers will update the TPMS software, free of charge.  Owner notification letters were mailed November 18, 2022.  Owners may contact Volkswagen's customer service at 1-800-893-5298 or Audi\x92s customer service at 1-800-253-2834.  Volkswagen's numbers for this recall are (Audi) 45J7, and (VW) 45J6 and 45J8."", 'Notes': 'Owners may also contact the National Highway Traffic Safety Administration Vehicle Safety Hotline at 1-888-327-4236 (TTY 1-800-424-9153), or go to www.safercar.gov.', 'ModelYear': '2020', 'Make': 'VOLKSWAGEN', 'Model': 'GOLF'}, {'Manufacturer': 'Volkswagen Group of America, Inc.', 'NHTSACampaignNumber': '24V110000', 'parkIt': False, 'parkOutSide': False, 'overTheAirUpdate': False, 'NHTSAActionNumber': 'RQ23007', 'ReportReceivedDate': '14/02/2024', 'Component': 'FUEL SYSTEM, GASOLINE', 'Summary': 'Volkswagen Group of America, Inc. (Volkswagen) is recalling certain front-wheel drive 2015-2020 Audi A3 Sedan, 2015-2019 Audi A3 Cabriolet, 2019-2020 Volkswagen Jetta GLI, 2018 Golf Sportwagen GP, 2018-2019 Golf Sportwagen A7, 2015-2017 Golf Sportwagen, 2015-2020 Golf GTI, and 2015-2020 Golf A7 vehicles.  Due to a problem with a suction jet pump seal inside the fuel tank, fuel may flow into the evaporative emissions (EVAP) system and possibly leak out of the charcoal canister.', 'Consequence': 'A fuel leak in the presence of an ignition source increases the risk of a fire.', 'Remedy': ""Dealers will replace the suction pump, free of charge.  Final owner notification letters for Audi owners were mailed on July 25, 2024.  Final owner letters for VW owners were mailed on August 13, 2024.  Owners may contact Volkswagen customer service at 1-800-893-5298 or Audi customer service at 1-800-253-2834.  Volkswagen's numbers for this recall are VW: 20UF/Audi: 20YF.  Vehicles that were previously recalled under 16V-647 will need to have the new remedy completed.  This recall expands and replaces previous recall number 16V-647."", 'Notes': 'Owners may also contact the National Highway Traffic Safety Administration Vehicle Safety Hotline at 1-888-327-4236 (TTY 1-800-424-9153), or go to www.nhtsa.gov.', 'ModelYear': '2020', 'Make': 'VOLKSWAGEN', 'Model': 'GOLF'}]",,,https://api.nhtsa.gov/recalls/recallsByVehicle?make=Volkswagen&model=Golf&modelYear=2020,,,,,,,2026-04-26T21:44:32.839261,json_api,,,,,,,,,,,,,,,,,,,,,,,,,,,,,,,,,,,,,
dynamic_scraping,2026-04-26 21:44:34.612,1.0,raw_recalls,Volkswagen,Passat,2020.0,"[{'Manufacturer': 'Volkswagen Group of America, Inc.', 'NHTSACampaignNumber': '19V389000', 'parkIt': False, 'parkOutSide': False, 'overTheAirUpdate': False, 'ReportReceivedDate': '22/05/2019', 'Component': 'EXTERIOR LIGHTING:HEADLIGHTS', 'Summary': 'Volkswagen Group of America, Inc. (Volkswagen) is recalling certain 2012-2020 Volkswagen Passat and 2018-2019 Atlas vehicles.  The blocking cap disabling the adjustment of the headlight\'s horizontal aim may not have been installed.  As such, these vehicles fail to conform to Federal Motor Vehicle Safety Standard (FMVSS) number 108, ""Lamps, Reflective Devices, and Associated Equipment.""', 'Consequence': 'Without the blocking cap, the headlight aim can be adjusted out of specification, reducing visibility and increasing the risk of a crash.', 'Remedy': ""Volkswagen will notify owners, and dealers will inspect and, as necessary, block the headlight horizontal adjustment, free of charge.  The recall began July 16, 2019.  Owners may contact Volkswagen customer service at 1-800-253-2834.  Volkswagen's number for this recall is 94L9."", 'Notes': 'Owners may also contact the National Highway Traffic Safety Administration Vehicle Safety Hotline at 1-888-327-4236 (TTY 1-800-424-9153), or go to www.safercar.gov.', 'ModelYear': '2020', 'Make': 'VOLKSWAGEN', 'Model': 'PASSAT'}, {'Manufacturer': 'Volkswagen Group of America, Inc.', 'NHTSACampaignNumber': '19V218000', 'parkIt': False, 'parkOutSide': False, 'overTheAirUpdate': False, 'ReportReceivedDate': '20/03/2019', 'Component': 'AIR BAGS:SIDE/WINDOW', 'Summary': 'Volkswagen Group of America, Inc. (Volkswagen) is recalling certain 2019 Atlas and 2020 Passat vehicles.  An incorrect driver and/or front passenger side impact air bag may have been installed.', 'Consequence': 'In an event of a side impact crash, an incorrect side airbag may not deploy as intended, increasing the risk of injury.', 'Remedy': ""Volkswagen has inspected and replaced the side air bags, free of charge.  The recall was completed in April 2019.  Owners may contact Volkswagen customer service at 1-800-893-5298.  Volkswagen's number for this recall is 69Y8."", 'Notes': 'Owners may also contact the National Highway Traffic Safety Administration Vehicle Safety Hotline at 1-888-327-4236 (TTY 1-800-424-9153), or go to www.safercar.gov.', 'ModelYear': '2020', 'Make': 'VOLKSWAGEN', 'Model': 'PASSAT'}, {'Manufacturer': 'Volkswagen Group of America, Inc.', 'NHTSACampaignNumber': '20V533000', 'parkIt': False, 'parkOutSide': False, 'overTheAirUpdate': False, 'ReportReceivedDate': '02/09/2020', 'Component': 'AIR BAGS:PASSENGER SIDE FRONTAL:CUSHION', 'Summary': 'Volkswagen Group of America, Inc. (Volkswagen) is recalling certain 2020 Passat vehicles.  The passenger frontal air bag may have been folded incorrectly affecting its deployment force.  As such, these vehicles fail to comply with the requirements of Federal Motor Vehicle Safety Standard number 208, ""Occupant Crash Protection.""', 'Consequence': 'An incorrectly folded air bag can deploy with too much force, increasing the risk of injury.', 'Remedy': ""Volkswagen will notify owners, and dealers will replace the passenger frontal air bag, free of charge.  The recall began October 14, 2020.  Owners may contact Volkswagen customer service at 1-888-241-2289.  Volkswagen's number for this recall is 69AY."", 'Notes': 'Owners may also contact the National Highway Traffic Safety Administration Vehicle Safety Hotline at 1-888-327-4236 (TTY 1-800-424-9153), or go to www.safercar.gov.', 'ModelYear': '2020', 'Make': 'VOLKSWAGEN', 'Model': 'PASSAT'}]",,,https://api.nhtsa.gov/recalls/recallsByVehicle?make=Volkswagen&model=Passat&modelYear=2020,,,,,,,2026-04-26T21:44:34.608641,json_api,,,,,,,,,,,,,,,,,,,,,,,,,,,,,,,,,,,,,
selenium_scraping,2026-04-26 21:44:39.222,1.0,raw_recalls,,,,,,,https://www.wikipedia.org/wiki/Audi,,,,,,,2026-04-26T21:44:39.138256,selenium,,,Audi - Wikipedia,,,,,"Audi AG[a] is a German automotive manufacturer of luxury vehicles headquartered in Ingolstadt, Bavaria, Germany. As a wholly owned subsidiary of the Volkswagen Group, Audi produces vehicles in nine production facilities worldwide. The origins of the company are complex, dating back to the early 20th century and the initial enterprises (Horch and the Audiwerke) founded by engineer August Horch. Two other manufacturers (DKW and Wanderer) also contributed to the foundation of Auto Union in 1932. The modern Audi era began in the 1960s, when Auto Union was acquired by Volkswagen from Daimler-Benz.[7] Volkswagen relaunched the Audi brand with the 1965 introduction of the Audi F103 series, and merged Auto Union with NSU Motorenwerke in 1969, thus creating the present-day form of the company.",,,,,,,,,,,,,,,,,,,,,,,,,,,,,
ocr_image,2026-04-26 21:44:39.492,1.0,raw_recalls,,,,,audi_a4.jpg,image_ocr,/Users/elmedin.karisiksystemverification.com/Documents/private/Automotive-Industry-Tracker/data/raw/images/audi_a4.jpg,2026-04-26T21:44:39.486720,pytesseract,,,,,,,,"i mH I ui Le

",,,,,,,,,,,,,,,,,,,,,,,,,,,,,,,,,,,
ocr_image,2026-04-26 21:44:39.709,1.0,raw_recalls,,,,,volkswagen_golf.jpg,image_ocr,/Users/elmedin.karisiksystemverification.com/Documents/private/Automotive-Industry-Tracker/data/raw/images/volkswagen_golf.jpg,2026-04-26T21:44:39.708666,pytesseract,,,,,,,,,,,,,,,,,,,,,,,,,,,,,,,,,,,,,,,,,,,
ocr_image,2026-04-26 21:44:39.931,1.0,raw_recalls,,,,,volkswagen_id4.jpg,image_ocr,/Users/elmedin.karisiksystemverification.com/Documents/private/Automotive-Industry-Tracker/data/raw/images/volkswagen_id4.jpg,2026-04-26T21:44:39.930646,pytesseract,,,,,,,,,,,,,,,,,,,,,,,,,,,,,,,,,,,,,,,,,,,
ocr_image,2026-04-26 21:44:41.103,1.0,raw_recalls,,,,,test_scan.png,image_ocr,/Users/elmedin.karisiksystemverification.com/Documents/private/Automotive-Industry-Tracker/data/raw/images/test_scan.png,2026-04-26T21:44:41.102656,pytesseract,,,,,,,"The 2022 Audi RS6 Avant is a high-performance wagon that combines supercar power with everyday practicality. Under the hood, it boasts a 4.0-liter twin-turbocharged V8 engine
producing 591 horsepower and 590 Ib-ft of torque, enabling a 0-60 mph time of just 3.5 seconds. Equipped with Audi's Quattro all-wheel-drive system, adaptive air suspension, and dynamic
Steering, the RS6 delivers exceptional handling and comfort. Its aggressive design features wide fenders, a black honeycomb grille, and large oval exhaust tips, giving it a commanding
Toad presence, With a luxurious, tech-filled interior and ample cargo space, the RSG Avant is the ultimate blend of performance, luxury, and practicality.

Engine: 4.01 V8 Top speed: 190mph
Power: 591bhp 0-60: 31sec
Torque: 799nm Year: 2022
Weight: 2,282kg Country: German
","Cnnr RS6

The 2022 Audi RSG Avant is a high-performance wagon that combines supercar power with everyday practicality. Under the hood, it boasts a 4.0-liter twin-turbocharged V8 engine
producing 591 horsepower and 590 Ib-ft of torque, enabling a 0-60 mph time of just 3.5 seconds. Equipped with Audi's Quattro all-wheel-drive system, adaptive air suspension, and dynamic
steering, the RSG delivers exceptional handling and comfort. Its aggressive design features wide fenders, a black honeycomb grille, and large oval exhaust tips, giving it a commanding
road presence, With a luxurious, tech-filled interior and ample cargo space, the RS6 Avant is the ultimate blend of performance, luxury, and practicality.

Engine: 4.01 V8 Top speed: 190mph
Power: 591bhp 0-60: 31sec
Torque: 799nm Year: 2022
Weight: 2,282kg Country: German

",,,,,,,,,,,,,,,,,,,,,,,,,,,,,,,,,,,
ocr_image,2026-04-26 21:44:41.339,1.0,raw_recalls,,,,,volkswagen_passat.jpg,image_ocr,/Users/elmedin.karisiksystemverification.com/Documents/private/Automotive-Industry-Tracker/data/raw/images/volkswagen_passat.jpg,2026-04-26T21:44:41.338262,pytesseract,,,,,,,,"| it i i

",,,,,,,,,,,,,,,,,,,,,,,,,,,,,,,,,,,
ocr_scanned_pdf,2026-04-26 21:44:41.832,1.0,raw_recalls,,,,,scanned_report.pdf,scanned_pdf_ocr,/Users/elmedin.karisiksystemverification.com/Documents/private/Automotive-Industry-Tracker/data/raw/scanned/scanned_report.pdf,2026-04-26T21:44:41.831863,pytesseract+pdf2image,"[{'page_number': 1, 'text': 'Automotive Industry Recall Report 2020\n\nIntroduction\n\nThis report provides an overview of vehicle recalls issued in 2020 for major automotive brands including\nAudi, Volkswagen, and Skoda. Data sourced from NHTSA.\n\nRecall Summary Table (with borders)\n\nMake Model | Year | Recalls\n\nRecall Summary Table (without borders)\nMake Model Year Recalls\nAudi A4 2020 3\nVolkswagen Golf 2020 2\nVolkswagen Passat 2020 3\n\n'}]",,,,,,,,,,,,,,,,,,,,,,,,,,,,,,,,,,,,,,,,,,
image_processing,2026-04-26 21:44:42.395,1.0,raw_recalls,,,,,audi_a4.jpg,,vehicle_image,,,,,,,,automotive,,,,,,,,,/Users/elmedin.karisiksystemverification.com/Documents/private/Automotive-Industry-Tracker/data/raw/images/audi_a4.jpg,/Users/elmedin.karisiksystemverification.com/Documents/private/Automotive-Industry-Tracker/data/processed/resized/audi_a4_resized.jpg,/Users/elmedin.karisiksystemverification.com/Documents/private/Automotive-Industry-Tracker/data/processed/thumbnails/audi_a4_thumb.jpg,/Users/elmedin.karisiksystemverification.com/Documents/private/Automotive-Industry-Tracker/data/processed/webp/audi_a4.webp,JPEG,RGB,960.0,500.0,157.31,audi_a4.jpg,Unknown,Unknown,Unknown,Unknown,Unknown,Unknown,Unknown,Unknown,No GPS data,2026-04-26T21:44:42.390501,2026-04-26T21:44:42.390555,,,,,,,,
image_processing,2026-04-26 21:44:42.523,1.0,raw_recalls,,,,,volkswagen_golf.jpg,,vehicle_image,,,,,,,,automotive,,,,,,,,,/Users/elmedin.karisiksystemverification.com/Documents/private/Automotive-Industry-Tracker/data/raw/images/volkswagen_golf.jpg,/Users/elmedin.karisiksystemverification.com/Documents/private/Automotive-Industry-Tracker/data/processed/resized/volkswagen_golf_resized.jpg,/Users/elmedin.karisiksystemverification.com/Documents/private/Automotive-Industry-Tracker/data/processed/thumbnails/volkswagen_golf_thumb.jpg,/Users/elmedin.karisiksystemverification.com/Documents/private/Automotive-Industry-Tracker/data/processed/webp/volkswagen_golf.webp,JPEG,RGB,960.0,490.0,121.7,volkswagen_golf.jpg,Unknown,Unknown,Unknown,Unknown,Unknown,Unknown,Unknown,Unknown,No GPS data,2026-04-26T21:44:42.523122,2026-04-26T21:44:42.523170,,,,,,,,
image_processing,2026-04-26 21:44:42.669,1.0,raw_recalls,,,,,volkswagen_id4.jpg,,vehicle_image,,,,,,,,automotive,,,,,,,,,/Users/elmedin.karisiksystemverification.com/Documents/private/Automotive-Industry-Tracker/data/raw/images/volkswagen_id4.jpg,/Users/elmedin.karisiksystemverification.com/Documents/private/Automotive-Industry-Tracker/data/processed/resized/volkswagen_id4_resized.jpg,/Users/elmedin.karisiksystemverification.com/Documents/private/Automotive-Industry-Tracker/data/processed/thumbnails/volkswagen_id4_thumb.jpg,/Users/elmedin.karisiksystemverification.com/Documents/private/Automotive-Industry-Tracker/data/processed/webp/volkswagen_id4.webp,JPEG,RGB,960.0,533.0,131.99,volkswagen_id4.jpg,Unknown,Unknown,Unknown,Unknown,Unknown,Unknown,Unknown,Unknown,No GPS data,2026-04-26T21:44:42.668387,2026-04-26T21:44:42.668433,,,,,,,,
image_processing,2026-04-26 21:44:44.174,1.0,raw_recalls,,,,,test_scan.png,,vehicle_image,,,,,,,,automotive,,,,,,,,,/Users/elmedin.karisiksystemverification.com/Documents/private/Automotive-Industry-Tracker/data/raw/images/test_scan.png,/Users/elmedin.karisiksystemverification.com/Documents/private/Automotive-Industry-Tracker/data/processed/resized/test_scan_resized.png,/Users/elmedin.karisiksystemverification.com/Documents/private/Automotive-Industry-Tracker/data/processed/thumbnails/test_scan_thumb.png,/Users/elmedin.karisiksystemverification.com/Documents/private/Automotive-Industry-Tracker/data/processed/webp/test_scan.webp,WEBP,RGBA,1946.0,1946.0,117.6,test_scan.png,Unknown,Unknown,Unknown,Unknown,Unknown,Unknown,Unknown,1,No GPS data,2026-04-26T21:44:44.174052,2026-04-26T21:44:44.174091,,,,,,,,
image_processing,2026-04-26 21:44:44.312,1.0,raw_recalls,,,,,volkswagen_passat.jpg,,vehicle_image,,,,,,,,automotive,,,,,,,,,/Users/elmedin.karisiksystemverification.com/Documents/private/Automotive-Industry-Tracker/data/raw/images/volkswagen_passat.jpg,/Users/elmedin.karisiksystemverification.com/Documents/private/Automotive-Industry-Tracker/data/processed/resized/volkswagen_passat_resized.jpg,/Users/elmedin.karisiksystemverification.com/Documents/private/Automotive-Industry-Tracker/data/processed/thumbnails/volkswagen_passat_thumb.jpg,/Users/elmedin.karisiksystemverification.com/Documents/private/Automotive-Industry-Tracker/data/processed/webp/volkswagen_passat.webp,JPEG,RGB,960.0,484.0,146.75,volkswagen_passat.jpg,Unknown,Unknown,Unknown,Unknown,Unknown,Unknown,Unknown,Unknown,No GPS data,2026-04-26T21:44:44.312218,2026-04-26T21:44:44.312262,,,,,,,,
word_extraction,2026-04-26 21:46:02.561,1.0,raw_recalls,,,,,automotive_report.docx,word,/Users/elmedin.karisiksystemverification.com/Documents/private/Automotive-Industry-Tracker/data/raw/word/automotive_report.docx,2026-04-26T21:46:02.343256,python-docx,,"[{'style': 'Title', 'text': 'Automotive Industry Recall Report 2020'}, {'style': 'Normal', 'text': 'This report provides an overview of vehicle recalls issued in 2020. Data sourced from NHTSA database covering major VW Group vehicles.'}, {'style': 'Heading 1', 'text': 'Recall Overview'}, {'style': 'Normal', 'text': 'In 2020, several VW Group vehicles were subject to safety recalls. The recalls covered issues ranging from airbag defects to engine problems.'}, {'style': 'Heading 2', 'text': 'Table with Borders'}, {'style': 'Heading 2', 'text': 'Table without Borders'}, {'style': 'Heading 1', 'text': 'Two-Column Section'}, {'style': 'Normal', 'text': 'Left Column: Audi A4 had 3 recalls in 2020 including airbag and brake issues.'}, {'style': 'Normal', 'text': 'Right Column: Volkswagen Golf had 2 recalls related to electrical systems.'}]","[{'table_index': 0, 'data': [['Make', 'Model', 'Year', 'Recalls'], ['Audi', 'A4', '2020', '3'], ['Volkswagen', 'Golf', '2020', '2'], ['Volkswagen', 'Passat', '2020', '3']]}, {'table_index': 1, 'data': [['Make', 'Model', 'Year', 'Recalls'], ['Audi', 'A4', '2020', '3'], ['Volkswagen', 'Golf', '2020', '2'], ['Volkswagen', 'Passat', '2020', '3']]}]",,,,,,,,,,,,,,,,,,,,,,,,,,,,,,,,,,,,,,,,
excel_extraction,2026-04-26 21:46:02.723,1.0,raw_recalls,,,,,automotive_data.xlsx,excel,/Users/elmedin.karisiksystemverification.com/Documents/private/Automotive-Industry-Tracker/data/raw/excel/automotive_data.xlsx,2026-04-26T21:46:02.684292,openpyxl,,,,"[{'sheet_name': 'Recall Summary', 'rows': [['Make', 'Model', 'Year', 'Recall Count', 'Affected Units', 'Total Cost (USD)'], ['Audi', 'A4', '2020', '3', '15000', '2500000'], ['Volkswagen', 'Golf', '2020', '2', '8200', '1200000'], ['Volkswagen', 'Passat', '2020', '3', '5100', '980000'], ['TOTAL', '', '', '=SUM(D2:D4)', '=SUM(E2:E4)', '=SUM(F2:F4)']]}, {'sheet_name': 'Component Details', 'rows': [['Component', 'Issue', 'Make', 'Model', 'Affected Units'], ['Airbag', 'Inflator rupture', 'Audi', 'A4', '15000'], ['Brakes', 'Brake fluid leak', 'Volkswagen', 'Golf', '8200'], ['Engine', 'Oil pressure loss', 'Volkswagen', 'Passat', '5100']]}]",,,,,,,,,,,,,,,,,,,,,,,,,,,,,,,,,,,,,,,
nhtsa_api,2026-04-26 21:46:05.888,1.0,raw_recalls,Audi,A4,2020.0,"[{'Manufacturer': 'Volkswagen Group of America, Inc.', 'NHTSACampaignNumber': '22V034000', 'parkIt': False, 'parkOutSide': False, 'overTheAirUpdate': False, 'ReportReceivedDate': '26/01/2022', 'Component': 'TIRES', 'Summary': 'Volkswagen Group of America, Inc. (Audi) is recalling certain 2019-2021 Audi A5 Sportback, RS5 Coupe, RS5 Sportback, S5 Sportback, 2020-2021 A4 Allroad, A4 Sedan, A5 Cabriolet, A5 Coupe, A6 Allroad, A6 Sedan, A7, A8, Q5, S4 Sedan, S5 Coupe, S5 Cabriolet, S6 Sedan, S7, S8, SQ5, 2021 Q5 Sportback, Q7, Q8, RS6 Avant, RS7, RSQ8, SQ5 Sportback, SQ7, and SQ8 vehicles.  The rear axle alignment may not have been inspected after the repairs for Recall 21V-295 (42L1) were performed.', 'Consequence': 'Rear axle misalignment may cause premature or uneven tire wear, increasing the risk of a crash.', 'Remedy': ""Dealers will inspect the rear axle, adjust the alignment as necessary, and replace any prematurely or unevenly worn tires, free of charge.  Owner notification letters were mailed March 3, 2022.  Owners may contact Audi customer service at 1-800-253-2834.  Audi's number for this recall is 42L5."", 'Notes': 'Owners may also contact the National Highway Traffic Safety Administration Vehicle Safety Hotline at 1-888-327-4236 (TTY 1-800-424-9153), or go to www.nhtsa.gov.', 'ModelYear': '2020', 'Make': 'AUDI', 'Model': 'A4'}, {'Manufacturer': 'Volkswagen Group of America, Inc.', 'NHTSACampaignNumber': '21V295000', 'parkIt': False, 'parkOutSide': False, 'overTheAirUpdate': False, 'ReportReceivedDate': '26/04/2021', 'Component': 'SUSPENSION:REAR:AXLE:NON-POWERED AXLE ASSEMBLY', 'Summary': 'Volkswagen Group of America, Inc. (Audi) is recalling certain 2021 Q7, Q8, Q5 Sportback, SQ5 Sportback, RS6 Avant, RS7, RS Q8, 2020-2021 Audi S6 sedan, Q5, A8, S8, A7, A6 Allroad, A5 Cabriolet, A4 sedan, A4 Allroad, SQ5, S7, A6 sedan, S5 coupe, S4 sedan, S5 Cabriolet, A5 coupe, 2019-2021 RS5 coupe, A5 Sportback, S5 Sportback, RS5 Sportback vehicles.  The lock nut on the trailing arm of the rear axle may break due to stress corrosion.', 'Consequence': 'A broken lock nut may misalign the rear axle, causing a loss of control and increasing the risk of a crash.', 'Remedy': ""Dealers will replace the lock nuts and, if necessary, the associated bolts, free of charge.  Owner notification letters were mailed June 4, 2021.  Owners may contact Audi customer service at 1-800-253-2834.  Audi's number for this recall is 42L1."", 'Notes': 'Owners may also contact the National Highway Traffic Safety Administration Vehicle Safety Hotline at 1-888-327-4236 (TTY 1-800-424-9153), or go to www.safercar.gov.', 'ModelYear': '2020', 'Make': 'AUDI', 'Model': 'A4'}, {'Manufacturer': 'Volkswagen Group of America, Inc.', 'NHTSACampaignNumber': '21V874000', 'parkIt': False, 'parkOutSide': False, 'overTheAirUpdate': False, 'ReportReceivedDate': '10/11/2021', 'Component': 'SEATS', 'Summary': 'Volkswagen Group of America, Inc. (Audi) is recalling certain 2017-2020 A4 Allroad, A4 Sedan, 2018-2019 RS5 Coupe, 2019 RS5 Sportback, 2018-2020 A5 Cabriolet, A5 Coupe, A5 Sportback, S4 Sedan, S5 Cabriolet, S5 Coupe, and Audi S5 Sportback vehicles.  The cable connecting the seat heater to the Passenger Occupant Detection System (PODS) may have a contact fault, causing the software to misdiagnose a malfunction and disable the passenger air bag.', 'Consequence': 'A disabled passenger air bag increases the risk of injury in the event of a crash.', 'Remedy': ""Dealers will replace the connecting cable and either the heating mat or entire seat cover, free of charge.  Owner notification letters were mailed January 7, 2022.  Owners may contact Audi customer service at 1-800-253-2834.  Audi's number for this recall is 74E3.  This recall is an expansion of Recall 19V-547 (74D9).  Vehicles previously repaired under 19V-547 will need to return for the new remedy."", 'Notes': 'Owners may also contact the National Highway Traffic Safety Administration Vehicle Safety Hotline at 1-888-327-4236 (TTY 1-800-424-9153), or go to www.nhtsa.gov.', 'ModelYear': '2020', 'Make': 'AUDI', 'Model': 'A4'}]",,,,,,,,,,,,,,,,,,,,,,,,,,,,,,,,,,,,,,,,,,,,,,,,
nhtsa_api,2026-04-26 21:46:05.905,1.0,raw_recalls,Volkswagen,Golf,2020.0,"[{'Manufacturer': 'Volkswagen Group of America, Inc.', 'NHTSACampaignNumber': '22V815000', 'parkIt': False, 'parkOutSide': False, 'overTheAirUpdate': False, 'ReportReceivedDate': '31/10/2022', 'Component': 'TIRES:PRESSURE MONITORING AND REGULATING SYSTEMS', 'Summary': 'Volkswagen Group of America, Inc. (Volkswagen) is recalling certain 2019 Volkswagen Tiguan LWB, Golf Sportswagen A7, Golf Alltrack, Golf R GP, Audi Q3, Audi A3 Cabriolet, 2019-2020 Jetta NF, Jetta GLI, Golf GTI, Atlas, Golf A7, Audi A3, 2020-2021 Atlas Cross Sport, and 2021 Atlas FL vehicles.  The tire pressure monitoring system may not detect an air pressure loss in adequate time when deflating occurs among all four tires simultaneously.  As such, these vehicles fail to comply with the requirements of Federal Motor Vehicle Safety Standard number 138, ""Tire Pressure Monitoring Systems.""', 'Consequence': 'An undetected sudden loss of pressure in all four tires increases the risk of a crash.', 'Remedy': ""Dealers will update the TPMS software, free of charge.  Owner notification letters were mailed November 18, 2022.  Owners may contact Volkswagen's customer service at 1-800-893-5298 or Audi\x92s customer service at 1-800-253-2834.  Volkswagen's numbers for this recall are (Audi) 45J7, and (VW) 45J6 and 45J8."", 'Notes': 'Owners may also contact the National Highway Traffic Safety Administration Vehicle Safety Hotline at 1-888-327-4236 (TTY 1-800-424-9153), or go to www.safercar.gov.', 'ModelYear': '2020', 'Make': 'VOLKSWAGEN', 'Model': 'GOLF'}, {'Manufacturer': 'Volkswagen Group of America, Inc.', 'NHTSACampaignNumber': '24V110000', 'parkIt': False, 'parkOutSide': False, 'overTheAirUpdate': False, 'NHTSAActionNumber': 'RQ23007', 'ReportReceivedDate': '14/02/2024', 'Component': 'FUEL SYSTEM, GASOLINE', 'Summary': 'Volkswagen Group of America, Inc. (Volkswagen) is recalling certain front-wheel drive 2015-2020 Audi A3 Sedan, 2015-2019 Audi A3 Cabriolet, 2019-2020 Volkswagen Jetta GLI, 2018 Golf Sportwagen GP, 2018-2019 Golf Sportwagen A7, 2015-2017 Golf Sportwagen, 2015-2020 Golf GTI, and 2015-2020 Golf A7 vehicles.  Due to a problem with a suction jet pump seal inside the fuel tank, fuel may flow into the evaporative emissions (EVAP) system and possibly leak out of the charcoal canister.', 'Consequence': 'A fuel leak in the presence of an ignition source increases the risk of a fire.', 'Remedy': ""Dealers will replace the suction pump, free of charge.  Final owner notification letters for Audi owners were mailed on July 25, 2024.  Final owner letters for VW owners were mailed on August 13, 2024.  Owners may contact Volkswagen customer service at 1-800-893-5298 or Audi customer service at 1-800-253-2834.  Volkswagen's numbers for this recall are VW: 20UF/Audi: 20YF.  Vehicles that were previously recalled under 16V-647 will need to have the new remedy completed.  This recall expands and replaces previous recall number 16V-647."", 'Notes': 'Owners may also contact the National Highway Traffic Safety Administration Vehicle Safety Hotline at 1-888-327-4236 (TTY 1-800-424-9153), or go to www.nhtsa.gov.', 'ModelYear': '2020', 'Make': 'VOLKSWAGEN', 'Model': 'GOLF'}]",,,,,,,,,,,,,,,,,,,,,,,,,,,,,,,,,,,,,,,,,,,,,,,,
nhtsa_api,2026-04-26 21:46:05.919,1.0,raw_recalls,Volkswagen,Passat,2020.0,"[{'Manufacturer': 'Volkswagen Group of America, Inc.', 'NHTSACampaignNumber': '19V389000', 'parkIt': False, 'parkOutSide': False, 'overTheAirUpdate': False, 'ReportReceivedDate': '22/05/2019', 'Component': 'EXTERIOR LIGHTING:HEADLIGHTS', 'Summary': 'Volkswagen Group of America, Inc. (Volkswagen) is recalling certain 2012-2020 Volkswagen Passat and 2018-2019 Atlas vehicles.  The blocking cap disabling the adjustment of the headlight\'s horizontal aim may not have been installed.  As such, these vehicles fail to conform to Federal Motor Vehicle Safety Standard (FMVSS) number 108, ""Lamps, Reflective Devices, and Associated Equipment.""', 'Consequence': 'Without the blocking cap, the headlight aim can be adjusted out of specification, reducing visibility and increasing the risk of a crash.', 'Remedy': ""Volkswagen will notify owners, and dealers will inspect and, as necessary, block the headlight horizontal adjustment, free of charge.  The recall began July 16, 2019.  Owners may contact Volkswagen customer service at 1-800-253-2834.  Volkswagen's number for this recall is 94L9."", 'Notes': 'Owners may also contact the National Highway Traffic Safety Administration Vehicle Safety Hotline at 1-888-327-4236 (TTY 1-800-424-9153), or go to www.safercar.gov.', 'ModelYear': '2020', 'Make': 'VOLKSWAGEN', 'Model': 'PASSAT'}, {'Manufacturer': 'Volkswagen Group of America, Inc.', 'NHTSACampaignNumber': '19V218000', 'parkIt': False, 'parkOutSide': False, 'overTheAirUpdate': False, 'ReportReceivedDate': '20/03/2019', 'Component': 'AIR BAGS:SIDE/WINDOW', 'Summary': 'Volkswagen Group of America, Inc. (Volkswagen) is recalling certain 2019 Atlas and 2020 Passat vehicles.  An incorrect driver and/or front passenger side impact air bag may have been installed.', 'Consequence': 'In an event of a side impact crash, an incorrect side airbag may not deploy as intended, increasing the risk of injury.', 'Remedy': ""Volkswagen has inspected and replaced the side air bags, free of charge.  The recall was completed in April 2019.  Owners may contact Volkswagen customer service at 1-800-893-5298.  Volkswagen's number for this recall is 69Y8."", 'Notes': 'Owners may also contact the National Highway Traffic Safety Administration Vehicle Safety Hotline at 1-888-327-4236 (TTY 1-800-424-9153), or go to www.safercar.gov.', 'ModelYear': '2020', 'Make': 'VOLKSWAGEN', 'Model': 'PASSAT'}, {'Manufacturer': 'Volkswagen Group of America, Inc.', 'NHTSACampaignNumber': '20V533000', 'parkIt': False, 'parkOutSide': False, 'overTheAirUpdate': False, 'ReportReceivedDate': '02/09/2020', 'Component': 'AIR BAGS:PASSENGER SIDE FRONTAL:CUSHION', 'Summary': 'Volkswagen Group of America, Inc. (Volkswagen) is recalling certain 2020 Passat vehicles.  The passenger frontal air bag may have been folded incorrectly affecting its deployment force.  As such, these vehicles fail to comply with the requirements of Federal Motor Vehicle Safety Standard number 208, ""Occupant Crash Protection.""', 'Consequence': 'An incorrectly folded air bag can deploy with too much force, increasing the risk of injury.', 'Remedy': ""Volkswagen will notify owners, and dealers will replace the passenger frontal air bag, free of charge.  The recall began October 14, 2020.  Owners may contact Volkswagen customer service at 1-888-241-2289.  Volkswagen's number for this recall is 69AY."", 'Notes': 'Owners may also contact the National Highway Traffic Safety Administration Vehicle Safety Hotline at 1-888-327-4236 (TTY 1-800-424-9153), or go to www.safercar.gov.', 'ModelYear': '2020', 'Make': 'VOLKSWAGEN', 'Model': 'PASSAT'}]",,,,,,,,,,,,,,,,,,,,,,,,,,,,,,,,,,,,,,,,,,,,,,,,
pdf_extraction,2026-04-26 21:46:05.959,1.0,raw_recalls,,,,,automotive_report_twocolumn.pdf,pdf,/Users/elmedin.karisiksystemverification.com/Documents/private/Automotive-Industry-Tracker/data/raw/pdf/automotive_report_twocolumn.pdf,2026-04-26T21:46:05.925909,pdfplumber,"[{'page_number': 1, 'text': 'Automotive Two-Column Report\nAudi A4 Recalls Volkswagen Golf Recalls\nThe Audi A4 2020 had 3 recalls related to airbag, The Volkswagen Golf 2020 had 2 recalls related to\nbrake, and engine issues reported to NHTSA. electrical systems and fuel systems.\nComponent Recall Details (with borders)\nComponent Issue Affected Units\nAirbag Inflator rupture 15,000\nBrakes Brake fluid leak 8,200\nEngine Oil pressure loss 5,100\nComponent Recall Details (without borders)\nComponent Issue Affected Units\nAirbag Inflator rupture 15,000\nBrakes Brake fluid leak 8,200\nEngine Oil pressure loss 5,100', 'tables': [[['Component', 'Issue', 'Affected Units'], ['Airbag', 'Inflator rupture', '15,000'], ['Brakes', 'Brake fluid leak', '8,200'], ['Engine', 'Oil pressure loss', '5,100']]]}]",,,,,,,,,,,,,,,,,,,,,,,,,,,,,,,,,,,,,,,,,,
pdf_extraction,2026-04-26 21:46:05.983,1.0,raw_recalls,,,,,automotive_report_normal.pdf,pdf,/Users/elmedin.karisiksystemverification.com/Documents/private/Automotive-Industry-Tracker/data/raw/pdf/automotive_report_normal.pdf,2026-04-26T21:46:05.962112,pdfplumber,"[{'page_number': 1, 'text': 'Automotive Industry Recall Report 2020\nIntroduction\nThis report provides an overview of vehicle recalls issued in 2020 for major automotive brands including\nAudi, Volkswagen, and Skoda. Data sourced from NHTSA.\nRecall Summary Table (with borders)\nMake Model Year Recalls\nAudi A4 2020 3\nVolkswagen Golf 2020 2\nVolkswagen Passat 2020 3\nRecall Summary Table (without borders)\nMake Model Year Recalls\nAudi A4 2020 3\nVolkswagen Golf 2020 2\nVolkswagen Passat 2020 3', 'tables': [[['Make', 'Model', 'Year', 'Recalls'], ['Audi', 'A4', '2020', '3'], ['Volkswagen', 'Golf', '2020', '2'], ['Volkswagen', 'Passat', '2020', '3']]]}]",,,,,,,,,,,,,,,,,,,,,,,,,,,,,,,,,,,,,,,,,,
word_extraction,2026-04-26 21:46:06.188,1.0,raw_recalls,,,,,automotive_report.docx,word,/Users/elmedin.karisiksystemverification.com/Documents/private/Automotive-Industry-Tracker/data/raw/word/automotive_report.docx,2026-04-26T21:46:05.986965,python-docx,,"[{'style': 'Title', 'text': 'Automotive Industry Recall Report 2020'}, {'style': 'Normal', 'text': 'This report provides an overview of vehicle recalls issued in 2020. Data sourced from NHTSA database covering major VW Group vehicles.'}, {'style': 'Heading 1', 'text': 'Recall Overview'}, {'style': 'Normal', 'text': 'In 2020, several VW Group vehicles were subject to safety recalls. The recalls covered issues ranging from airbag defects to engine problems.'}, {'style': 'Heading 2', 'text': 'Table with Borders'}, {'style': 'Heading 2', 'text': 'Table without Borders'}, {'style': 'Heading 1', 'text': 'Two-Column Section'}, {'style': 'Normal', 'text': 'Left Column: Audi A4 had 3 recalls in 2020 including airbag and brake issues.'}, {'style': 'Normal', 'text': 'Right Column: Volkswagen Golf had 2 recalls related to electrical systems.'}]","[{'table_index': 0, 'data': [['Make', 'Model', 'Year', 'Recalls'], ['Audi', 'A4', '2020', '3'], ['Volkswagen', 'Golf', '2020', '2'], ['Volkswagen', 'Passat', '2020', '3']]}, {'table_index': 1, 'data': [['Make', 'Model', 'Year', 'Recalls'], ['Audi', 'A4', '2020', '3'], ['Volkswagen', 'Golf', '2020', '2'], ['Volkswagen', 'Passat', '2020', '3']]}]",,,,,,,,,,,,,,,,,,,,,,,,,,,,,,,,,,,,,,,,
excel_extraction,2026-04-26 21:46:06.228,1.0,raw_recalls,,,,,automotive_data.xlsx,excel,/Users/elmedin.karisiksystemverification.com/Documents/private/Automotive-Industry-Tracker/data/raw/excel/automotive_data.xlsx,2026-04-26T21:46:06.195279,openpyxl,,,,"[{'sheet_name': 'Recall Summary', 'rows': [['Make', 'Model', 'Year', 'Recall Count', 'Affected Units', 'Total Cost (USD)'], ['Audi', 'A4', '2020', '3', '15000', '2500000'], ['Volkswagen', 'Golf', '2020', '2', '8200', '1200000'], ['Volkswagen', 'Passat', '2020', '3', '5100', '980000'], ['TOTAL', '', '', '=SUM(D2:D4)', '=SUM(E2:E4)', '=SUM(F2:F4)']]}, {'sheet_name': 'Component Details', 'rows': [['Component', 'Issue', 'Make', 'Model', 'Affected Units'], ['Airbag', 'Inflator rupture', 'Audi', 'A4', '15000'], ['Brakes', 'Brake fluid leak', 'Volkswagen', 'Golf', '8200'], ['Engine', 'Oil pressure loss', 'Volkswagen', 'Passat', '5100']]}]",,,,,,,,,,,,,,,,,,,,,,,,,,,,,,,,,,,,,,,
web_scraping,2026-04-26 21:46:06.242,1.0,raw_recalls,,,,,,,local_html/page_1.html,,,,,,,2026-04-26T21:46:06.237185,,,,Audi A4 2020,"Luxury sedan with 2.0L TFSI engine, 190hp. Known for premium interior and advanced driver assistance.","$39,900",/cars/audi-a4-2020,1.0,,,,,,,,,,,,,,,,,,,,,,,,,,,,,,
web_scraping,2026-04-26 21:46:06.251,1.0,raw_recalls,,,,,,,local_html/page_1.html,,,,,,,2026-04-26T21:46:06.237345,,,,Audi A4 2019,Previous generation A4 with quattro all-wheel drive. Excellent safety ratings from NHTSA.,"$36,500",/cars/audi-a4-2019,1.0,,,,,,,,,,,,,,,,,,,,,,,,,,,,,,
web_scraping,2026-04-26 21:46:06.255,1.0,raw_recalls,,,,,,,local_html/page_1.html,,,,,,,2026-04-26T21:46:06.237474,,,,Audi A4 2018,Reliable executive sedan. NHTSA recall issued for airbag inflator replacement.,"$33,200",/cars/audi-a4-2018,1.0,,,,,,,,,,,,,,,,,,,,,,,,,,,,,,
web_scraping,2026-04-26 21:46:06.260,1.0,raw_recalls,,,,,,,local_html/page_2.html,,,,,,,2026-04-26T21:46:06.238266,,,,Volkswagen Golf 2020,Compact hatchback with 1.4L TSI engine. Popular choice in European markets.,"$23,195",/cars/volkswagen-golf-2020,2.0,,,,,,,,,,,,,,,,,,,,,,,,,,,,,,
web_scraping,2026-04-26 21:46:06.263,1.0,raw_recalls,,,,,,,local_html/page_2.html,,,,,,,2026-04-26T21:46:06.238395,,,,Volkswagen Golf 2019,"Award-winning hatchback. NHTSA recall for brake system defect affecting 8,200 units.","$21,500",/cars/volkswagen-golf-2019,2.0,,,,,,,,,,,,,,,,,,,,,,,,,,,,,,
web_scraping,2026-04-26 21:46:06.275,1.0,raw_recalls,,,,,,,local_html/page_2.html,,,,,,,2026-04-26T21:46:06.238521,,,,Volkswagen Golf GTI 2020,Performance variant with 228hp turbocharged engine and sport suspension.,"$29,995",/cars/volkswagen-golf-gti-2020,2.0,,,,,,,,,,,,,,,,,,,,,,,,,,,,,,
web_scraping,2026-04-26 21:46:06.320,1.0,raw_recalls,,,,,,,local_html/page_3.html,,,,,,,2026-04-26T21:46:06.239216,,,,Volkswagen Passat 2020,Midsize sedan with spacious interior. NHTSA recall for fuel pump defect.,"$24,990",/cars/volkswagen-passat-2020,3.0,,,,,,,,,,,,,,,,,,,,,,,,,,,,,,
web_scraping,2026-04-26 21:46:06.330,1.0,raw_recalls,,,,,,,local_html/page_3.html,,,,,,,2026-04-26T21:46:06.239347,,,,Volkswagen Passat 2019,Business-class sedan with advanced connectivity features and comfort.,"$22,800",/cars/volkswagen-passat-2019,3.0,,,,,,,,,,,,,,,,,,,,,,,,,,,,,,
web_scraping,2026-04-26 21:46:06.336,1.0,raw_recalls,,,,,,,local_html/page_3.html,,,,,,,2026-04-26T21:46:06.239512,,,,Skoda Octavia 2020,Czech-made sedan offering exceptional value. Part of VW Group platform.,"$19,990",/cars/skoda-octavia-2020,3.0,,,,,,,,,,,,,,,,,,,,,,,,,,,,,,
dynamic_scraping,2026-04-26 21:46:08.104,1.0,raw_recalls,Audi,A4,2020.0,"[{'Manufacturer': 'Volkswagen Group of America, Inc.', 'NHTSACampaignNumber': '22V034000', 'parkIt': False, 'parkOutSide': False, 'overTheAirUpdate': False, 'ReportReceivedDate': '26/01/2022', 'Component': 'TIRES', 'Summary': 'Volkswagen Group of America, Inc. (Audi) is recalling certain 2019-2021 Audi A5 Sportback, RS5 Coupe, RS5 Sportback, S5 Sportback, 2020-2021 A4 Allroad, A4 Sedan, A5 Cabriolet, A5 Coupe, A6 Allroad, A6 Sedan, A7, A8, Q5, S4 Sedan, S5 Coupe, S5 Cabriolet, S6 Sedan, S7, S8, SQ5, 2021 Q5 Sportback, Q7, Q8, RS6 Avant, RS7, RSQ8, SQ5 Sportback, SQ7, and SQ8 vehicles.  The rear axle alignment may not have been inspected after the repairs for Recall 21V-295 (42L1) were performed.', 'Consequence': 'Rear axle misalignment may cause premature or uneven tire wear, increasing the risk of a crash.', 'Remedy': ""Dealers will inspect the rear axle, adjust the alignment as necessary, and replace any prematurely or unevenly worn tires, free of charge.  Owner notification letters were mailed March 3, 2022.  Owners may contact Audi customer service at 1-800-253-2834.  Audi's number for this recall is 42L5."", 'Notes': 'Owners may also contact the National Highway Traffic Safety Administration Vehicle Safety Hotline at 1-888-327-4236 (TTY 1-800-424-9153), or go to www.nhtsa.gov.', 'ModelYear': '2020', 'Make': 'AUDI', 'Model': 'A4'}, {'Manufacturer': 'Volkswagen Group of America, Inc.', 'NHTSACampaignNumber': '21V295000', 'parkIt': False, 'parkOutSide': False, 'overTheAirUpdate': False, 'ReportReceivedDate': '26/04/2021', 'Component': 'SUSPENSION:REAR:AXLE:NON-POWERED AXLE ASSEMBLY', 'Summary': 'Volkswagen Group of America, Inc. (Audi) is recalling certain 2021 Q7, Q8, Q5 Sportback, SQ5 Sportback, RS6 Avant, RS7, RS Q8, 2020-2021 Audi S6 sedan, Q5, A8, S8, A7, A6 Allroad, A5 Cabriolet, A4 sedan, A4 Allroad, SQ5, S7, A6 sedan, S5 coupe, S4 sedan, S5 Cabriolet, A5 coupe, 2019-2021 RS5 coupe, A5 Sportback, S5 Sportback, RS5 Sportback vehicles.  The lock nut on the trailing arm of the rear axle may break due to stress corrosion.', 'Consequence': 'A broken lock nut may misalign the rear axle, causing a loss of control and increasing the risk of a crash.', 'Remedy': ""Dealers will replace the lock nuts and, if necessary, the associated bolts, free of charge.  Owner notification letters were mailed June 4, 2021.  Owners may contact Audi customer service at 1-800-253-2834.  Audi's number for this recall is 42L1."", 'Notes': 'Owners may also contact the National Highway Traffic Safety Administration Vehicle Safety Hotline at 1-888-327-4236 (TTY 1-800-424-9153), or go to www.safercar.gov.', 'ModelYear': '2020', 'Make': 'AUDI', 'Model': 'A4'}, {'Manufacturer': 'Volkswagen Group of America, Inc.', 'NHTSACampaignNumber': '21V874000', 'parkIt': False, 'parkOutSide': False, 'overTheAirUpdate': False, 'ReportReceivedDate': '10/11/2021', 'Component': 'SEATS', 'Summary': 'Volkswagen Group of America, Inc. (Audi) is recalling certain 2017-2020 A4 Allroad, A4 Sedan, 2018-2019 RS5 Coupe, 2019 RS5 Sportback, 2018-2020 A5 Cabriolet, A5 Coupe, A5 Sportback, S4 Sedan, S5 Cabriolet, S5 Coupe, and Audi S5 Sportback vehicles.  The cable connecting the seat heater to the Passenger Occupant Detection System (PODS) may have a contact fault, causing the software to misdiagnose a malfunction and disable the passenger air bag.', 'Consequence': 'A disabled passenger air bag increases the risk of injury in the event of a crash.', 'Remedy': ""Dealers will replace the connecting cable and either the heating mat or entire seat cover, free of charge.  Owner notification letters were mailed January 7, 2022.  Owners may contact Audi customer service at 1-800-253-2834.  Audi's number for this recall is 74E3.  This recall is an expansion of Recall 19V-547 (74D9).  Vehicles previously repaired under 19V-547 will need to return for the new remedy."", 'Notes': 'Owners may also contact the National Highway Traffic Safety Administration Vehicle Safety Hotline at 1-888-327-4236 (TTY 1-800-424-9153), or go to www.nhtsa.gov.', 'ModelYear': '2020', 'Make': 'AUDI', 'Model': 'A4'}]",,,https://api.nhtsa.gov/recalls/recallsByVehicle?make=Audi&model=A4&modelYear=2020,,,,,,,2026-04-26T21:46:08.095256,json_api,,,,,,,,,,,,,,,,,,,,,,,,,,,,,,,,,,,,,
dynamic_scraping,2026-04-26 21:46:09.820,1.0,raw_recalls,Volkswagen,Golf,2020.0,"[{'Manufacturer': 'Volkswagen Group of America, Inc.', 'NHTSACampaignNumber': '22V815000', 'parkIt': False, 'parkOutSide': False, 'overTheAirUpdate': False, 'ReportReceivedDate': '31/10/2022', 'Component': 'TIRES:PRESSURE MONITORING AND REGULATING SYSTEMS', 'Summary': 'Volkswagen Group of America, Inc. (Volkswagen) is recalling certain 2019 Volkswagen Tiguan LWB, Golf Sportswagen A7, Golf Alltrack, Golf R GP, Audi Q3, Audi A3 Cabriolet, 2019-2020 Jetta NF, Jetta GLI, Golf GTI, Atlas, Golf A7, Audi A3, 2020-2021 Atlas Cross Sport, and 2021 Atlas FL vehicles.  The tire pressure monitoring system may not detect an air pressure loss in adequate time when deflating occurs among all four tires simultaneously.  As such, these vehicles fail to comply with the requirements of Federal Motor Vehicle Safety Standard number 138, ""Tire Pressure Monitoring Systems.""', 'Consequence': 'An undetected sudden loss of pressure in all four tires increases the risk of a crash.', 'Remedy': ""Dealers will update the TPMS software, free of charge.  Owner notification letters were mailed November 18, 2022.  Owners may contact Volkswagen's customer service at 1-800-893-5298 or Audi\x92s customer service at 1-800-253-2834.  Volkswagen's numbers for this recall are (Audi) 45J7, and (VW) 45J6 and 45J8."", 'Notes': 'Owners may also contact the National Highway Traffic Safety Administration Vehicle Safety Hotline at 1-888-327-4236 (TTY 1-800-424-9153), or go to www.safercar.gov.', 'ModelYear': '2020', 'Make': 'VOLKSWAGEN', 'Model': 'GOLF'}, {'Manufacturer': 'Volkswagen Group of America, Inc.', 'NHTSACampaignNumber': '24V110000', 'parkIt': False, 'parkOutSide': False, 'overTheAirUpdate': False, 'NHTSAActionNumber': 'RQ23007', 'ReportReceivedDate': '14/02/2024', 'Component': 'FUEL SYSTEM, GASOLINE', 'Summary': 'Volkswagen Group of America, Inc. (Volkswagen) is recalling certain front-wheel drive 2015-2020 Audi A3 Sedan, 2015-2019 Audi A3 Cabriolet, 2019-2020 Volkswagen Jetta GLI, 2018 Golf Sportwagen GP, 2018-2019 Golf Sportwagen A7, 2015-2017 Golf Sportwagen, 2015-2020 Golf GTI, and 2015-2020 Golf A7 vehicles.  Due to a problem with a suction jet pump seal inside the fuel tank, fuel may flow into the evaporative emissions (EVAP) system and possibly leak out of the charcoal canister.', 'Consequence': 'A fuel leak in the presence of an ignition source increases the risk of a fire.', 'Remedy': ""Dealers will replace the suction pump, free of charge.  Final owner notification letters for Audi owners were mailed on July 25, 2024.  Final owner letters for VW owners were mailed on August 13, 2024.  Owners may contact Volkswagen customer service at 1-800-893-5298 or Audi customer service at 1-800-253-2834.  Volkswagen's numbers for this recall are VW: 20UF/Audi: 20YF.  Vehicles that were previously recalled under 16V-647 will need to have the new remedy completed.  This recall expands and replaces previous recall number 16V-647."", 'Notes': 'Owners may also contact the National Highway Traffic Safety Administration Vehicle Safety Hotline at 1-888-327-4236 (TTY 1-800-424-9153), or go to www.nhtsa.gov.', 'ModelYear': '2020', 'Make': 'VOLKSWAGEN', 'Model': 'GOLF'}]",,,https://api.nhtsa.gov/recalls/recallsByVehicle?make=Volkswagen&model=Golf&modelYear=2020,,,,,,,2026-04-26T21:46:09.818613,json_api,,,,,,,,,,,,,,,,,,,,,,,,,,,,,,,,,,,,,
dynamic_scraping,2026-04-26 21:46:11.599,1.0,raw_recalls,Volkswagen,Passat,2020.0,"[{'Manufacturer': 'Volkswagen Group of America, Inc.', 'NHTSACampaignNumber': '19V389000', 'parkIt': False, 'parkOutSide': False, 'overTheAirUpdate': False, 'ReportReceivedDate': '22/05/2019', 'Component': 'EXTERIOR LIGHTING:HEADLIGHTS', 'Summary': 'Volkswagen Group of America, Inc. (Volkswagen) is recalling certain 2012-2020 Volkswagen Passat and 2018-2019 Atlas vehicles.  The blocking cap disabling the adjustment of the headlight\'s horizontal aim may not have been installed.  As such, these vehicles fail to conform to Federal Motor Vehicle Safety Standard (FMVSS) number 108, ""Lamps, Reflective Devices, and Associated Equipment.""', 'Consequence': 'Without the blocking cap, the headlight aim can be adjusted out of specification, reducing visibility and increasing the risk of a crash.', 'Remedy': ""Volkswagen will notify owners, and dealers will inspect and, as necessary, block the headlight horizontal adjustment, free of charge.  The recall began July 16, 2019.  Owners may contact Volkswagen customer service at 1-800-253-2834.  Volkswagen's number for this recall is 94L9."", 'Notes': 'Owners may also contact the National Highway Traffic Safety Administration Vehicle Safety Hotline at 1-888-327-4236 (TTY 1-800-424-9153), or go to www.safercar.gov.', 'ModelYear': '2020', 'Make': 'VOLKSWAGEN', 'Model': 'PASSAT'}, {'Manufacturer': 'Volkswagen Group of America, Inc.', 'NHTSACampaignNumber': '19V218000', 'parkIt': False, 'parkOutSide': False, 'overTheAirUpdate': False, 'ReportReceivedDate': '20/03/2019', 'Component': 'AIR BAGS:SIDE/WINDOW', 'Summary': 'Volkswagen Group of America, Inc. (Volkswagen) is recalling certain 2019 Atlas and 2020 Passat vehicles.  An incorrect driver and/or front passenger side impact air bag may have been installed.', 'Consequence': 'In an event of a side impact crash, an incorrect side airbag may not deploy as intended, increasing the risk of injury.', 'Remedy': ""Volkswagen has inspected and replaced the side air bags, free of charge.  The recall was completed in April 2019.  Owners may contact Volkswagen customer service at 1-800-893-5298.  Volkswagen's number for this recall is 69Y8."", 'Notes': 'Owners may also contact the National Highway Traffic Safety Administration Vehicle Safety Hotline at 1-888-327-4236 (TTY 1-800-424-9153), or go to www.safercar.gov.', 'ModelYear': '2020', 'Make': 'VOLKSWAGEN', 'Model': 'PASSAT'}, {'Manufacturer': 'Volkswagen Group of America, Inc.', 'NHTSACampaignNumber': '20V533000', 'parkIt': False, 'parkOutSide': False, 'overTheAirUpdate': False, 'ReportReceivedDate': '02/09/2020', 'Component': 'AIR BAGS:PASSENGER SIDE FRONTAL:CUSHION', 'Summary': 'Volkswagen Group of America, Inc. (Volkswagen) is recalling certain 2020 Passat vehicles.  The passenger frontal air bag may have been folded incorrectly affecting its deployment force.  As such, these vehicles fail to comply with the requirements of Federal Motor Vehicle Safety Standard number 208, ""Occupant Crash Protection.""', 'Consequence': 'An incorrectly folded air bag can deploy with too much force, increasing the risk of injury.', 'Remedy': ""Volkswagen will notify owners, and dealers will replace the passenger frontal air bag, free of charge.  The recall began October 14, 2020.  Owners may contact Volkswagen customer service at 1-888-241-2289.  Volkswagen's number for this recall is 69AY."", 'Notes': 'Owners may also contact the National Highway Traffic Safety Administration Vehicle Safety Hotline at 1-888-327-4236 (TTY 1-800-424-9153), or go to www.safercar.gov.', 'ModelYear': '2020', 'Make': 'VOLKSWAGEN', 'Model': 'PASSAT'}]",,,https://api.nhtsa.gov/recalls/recallsByVehicle?make=Volkswagen&model=Passat&modelYear=2020,,,,,,,2026-04-26T21:46:11.597047,json_api,,,,,,,,,,,,,,,,,,,,,,,,,,,,,,,,,,,,,
selenium_scraping,2026-04-26 21:46:16.140,1.0,raw_recalls,,,,,,,https://www.wikipedia.org/wiki/Audi,,,,,,,2026-04-26T21:46:16.053046,selenium,,,Audi - Wikipedia,,,,,"Audi AG[a] is a German automotive manufacturer of luxury vehicles headquartered in Ingolstadt, Bavaria, Germany. As a wholly owned subsidiary of the Volkswagen Group, Audi produces vehicles in nine production facilities worldwide. The origins of the company are complex, dating back to the early 20th century and the initial enterprises (Horch and the Audiwerke) founded by engineer August Horch. Two other manufacturers (DKW and Wanderer) also contributed to the foundation of Auto Union in 1932. The modern Audi era began in the 1960s, when Auto Union was acquired by Volkswagen from Daimler-Benz.[7] Volkswagen relaunched the Audi brand with the 1965 introduction of the Audi F103 series, and merged Auto Union with NSU Motorenwerke in 1969, thus creating the present-day form of the company.",,,,,,,,,,,,,,,,,,,,,,,,,,,,,
ocr_image,2026-04-26 21:46:16.410,1.0,raw_recalls,,,,,audi_a4.jpg,image_ocr,/Users/elmedin.karisiksystemverification.com/Documents/private/Automotive-Industry-Tracker/data/raw/images/audi_a4.jpg,2026-04-26T21:46:16.405152,pytesseract,,,,,,,,"i mH I ui Le

",,,,,,,,,,,,,,,,,,,,,,,,,,,,,,,,,,,
ocr_image,2026-04-26 21:46:16.630,1.0,raw_recalls,,,,,volkswagen_golf.jpg,image_ocr,/Users/elmedin.karisiksystemverification.com/Documents/private/Automotive-Industry-Tracker/data/raw/images/volkswagen_golf.jpg,2026-04-26T21:46:16.628780,pytesseract,,,,,,,,,,,,,,,,,,,,,,,,,,,,,,,,,,,,,,,,,,,
ocr_image,2026-04-26 21:46:16.852,1.0,raw_recalls,,,,,volkswagen_id4.jpg,image_ocr,/Users/elmedin.karisiksystemverification.com/Documents/private/Automotive-Industry-Tracker/data/raw/images/volkswagen_id4.jpg,2026-04-26T21:46:16.851411,pytesseract,,,,,,,,,,,,,,,,,,,,,,,,,,,,,,,,,,,,,,,,,,,
ocr_image,2026-04-26 21:46:18.017,1.0,raw_recalls,,,,,test_scan.png,image_ocr,/Users/elmedin.karisiksystemverification.com/Documents/private/Automotive-Industry-Tracker/data/raw/images/test_scan.png,2026-04-26T21:46:18.016079,pytesseract,,,,,,,"The 2022 Audi RS6 Avant is a high-performance wagon that combines supercar power with everyday practicality. Under the hood, it boasts a 4.0-liter twin-turbocharged V8 engine
producing 591 horsepower and 590 Ib-ft of torque, enabling a 0-60 mph time of just 3.5 seconds. Equipped with Audi's Quattro all-wheel-drive system, adaptive air suspension, and dynamic
Steering, the RS6 delivers exceptional handling and comfort. Its aggressive design features wide fenders, a black honeycomb grille, and large oval exhaust tips, giving it a commanding
Toad presence, With a luxurious, tech-filled interior and ample cargo space, the RSG Avant is the ultimate blend of performance, luxury, and practicality.

Engine: 4.01 V8 Top speed: 190mph
Power: 591bhp 0-60: 31sec
Torque: 799nm Year: 2022
Weight: 2,282kg Country: German
","Cnnr RS6

The 2022 Audi RSG Avant is a high-performance wagon that combines supercar power with everyday practicality. Under the hood, it boasts a 4.0-liter twin-turbocharged V8 engine
producing 591 horsepower and 590 Ib-ft of torque, enabling a 0-60 mph time of just 3.5 seconds. Equipped with Audi's Quattro all-wheel-drive system, adaptive air suspension, and dynamic
steering, the RSG delivers exceptional handling and comfort. Its aggressive design features wide fenders, a black honeycomb grille, and large oval exhaust tips, giving it a commanding
road presence, With a luxurious, tech-filled interior and ample cargo space, the RS6 Avant is the ultimate blend of performance, luxury, and practicality.

Engine: 4.01 V8 Top speed: 190mph
Power: 591bhp 0-60: 31sec
Torque: 799nm Year: 2022
Weight: 2,282kg Country: German

",,,,,,,,,,,,,,,,,,,,,,,,,,,,,,,,,,,
ocr_image,2026-04-26 21:46:18.252,1.0,raw_recalls,,,,,volkswagen_passat.jpg,image_ocr,/Users/elmedin.karisiksystemverification.com/Documents/private/Automotive-Industry-Tracker/data/raw/images/volkswagen_passat.jpg,2026-04-26T21:46:18.251236,pytesseract,,,,,,,,"| it i i

",,,,,,,,,,,,,,,,,,,,,,,,,,,,,,,,,,,
ocr_scanned_pdf,2026-04-26 21:46:18.740,1.0,raw_recalls,,,,,scanned_report.pdf,scanned_pdf_ocr,/Users/elmedin.karisiksystemverification.com/Documents/private/Automotive-Industry-Tracker/data/raw/scanned/scanned_report.pdf,2026-04-26T21:46:18.739590,pytesseract+pdf2image,"[{'page_number': 1, 'text': 'Automotive Industry Recall Report 2020\n\nIntroduction\n\nThis report provides an overview of vehicle recalls issued in 2020 for major automotive brands including\nAudi, Volkswagen, and Skoda. Data sourced from NHTSA.\n\nRecall Summary Table (with borders)\n\nMake Model | Year | Recalls\n\nRecall Summary Table (without borders)\nMake Model Year Recalls\nAudi A4 2020 3\nVolkswagen Golf 2020 2\nVolkswagen Passat 2020 3\n\n'}]",,,,,,,,,,,,,,,,,,,,,,,,,,,,,,,,,,,,,,,,,,
image_processing,2026-04-26 21:46:19.349,1.0,raw_recalls,,,,,audi_a4.jpg,,vehicle_image,,,,,,,,automotive,,,,,,,,,/Users/elmedin.karisiksystemverification.com/Documents/private/Automotive-Industry-Tracker/data/raw/images/audi_a4.jpg,/Users/elmedin.karisiksystemverification.com/Documents/private/Automotive-Industry-Tracker/data/processed/resized/audi_a4_resized.jpg,/Users/elmedin.karisiksystemverification.com/Documents/private/Automotive-Industry-Tracker/data/processed/thumbnails/audi_a4_thumb.jpg,/Users/elmedin.karisiksystemverification.com/Documents/private/Automotive-Industry-Tracker/data/processed/webp/audi_a4.webp,JPEG,RGB,960.0,500.0,157.31,audi_a4.jpg,Unknown,Unknown,Unknown,Unknown,Unknown,Unknown,Unknown,Unknown,No GPS data,2026-04-26T21:46:19.344227,2026-04-26T21:46:19.344290,,,,,,,,
image_processing,2026-04-26 21:46:19.478,1.0,raw_recalls,,,,,volkswagen_golf.jpg,,vehicle_image,,,,,,,,automotive,,,,,,,,,/Users/elmedin.karisiksystemverification.com/Documents/private/Automotive-Industry-Tracker/data/raw/images/volkswagen_golf.jpg,/Users/elmedin.karisiksystemverification.com/Documents/private/Automotive-Industry-Tracker/data/processed/resized/volkswagen_golf_resized.jpg,/Users/elmedin.karisiksystemverification.com/Documents/private/Automotive-Industry-Tracker/data/processed/thumbnails/volkswagen_golf_thumb.jpg,/Users/elmedin.karisiksystemverification.com/Documents/private/Automotive-Industry-Tracker/data/processed/webp/volkswagen_golf.webp,JPEG,RGB,960.0,490.0,121.7,volkswagen_golf.jpg,Unknown,Unknown,Unknown,Unknown,Unknown,Unknown,Unknown,Unknown,No GPS data,2026-04-26T21:46:19.477537,2026-04-26T21:46:19.477579,,,,,,,,
image_processing,2026-04-26 21:46:19.623,1.0,raw_recalls,,,,,volkswagen_id4.jpg,,vehicle_image,,,,,,,,automotive,,,,,,,,,/Users/elmedin.karisiksystemverification.com/Documents/private/Automotive-Industry-Tracker/data/raw/images/volkswagen_id4.jpg,/Users/elmedin.karisiksystemverification.com/Documents/private/Automotive-Industry-Tracker/data/processed/resized/volkswagen_id4_resized.jpg,/Users/elmedin.karisiksystemverification.com/Documents/private/Automotive-Industry-Tracker/data/processed/thumbnails/volkswagen_id4_thumb.jpg,/Users/elmedin.karisiksystemverification.com/Documents/private/Automotive-Industry-Tracker/data/processed/webp/volkswagen_id4.webp,JPEG,RGB,960.0,533.0,131.99,volkswagen_id4.jpg,Unknown,Unknown,Unknown,Unknown,Unknown,Unknown,Unknown,Unknown,No GPS data,2026-04-26T21:46:19.622701,2026-04-26T21:46:19.622747,,,,,,,,
image_processing,2026-04-26 21:46:21.092,1.0,raw_recalls,,,,,test_scan.png,,vehicle_image,,,,,,,,automotive,,,,,,,,,/Users/elmedin.karisiksystemverification.com/Documents/private/Automotive-Industry-Tracker/data/raw/images/test_scan.png,/Users/elmedin.karisiksystemverification.com/Documents/private/Automotive-Industry-Tracker/data/processed/resized/test_scan_resized.png,/Users/elmedin.karisiksystemverification.com/Documents/private/Automotive-Industry-Tracker/data/processed/thumbnails/test_scan_thumb.png,/Users/elmedin.karisiksystemverification.com/Documents/private/Automotive-Industry-Tracker/data/processed/webp/test_scan.webp,WEBP,RGBA,1946.0,1946.0,117.6,test_scan.png,Unknown,Unknown,Unknown,Unknown,Unknown,Unknown,Unknown,1,No GPS data,2026-04-26T21:46:21.091812,2026-04-26T21:46:21.091853,,,,,,,,
image_processing,2026-04-26 21:46:21.228,1.0,raw_recalls,,,,,volkswagen_passat.jpg,,vehicle_image,,,,,,,,automotive,,,,,,,,,/Users/elmedin.karisiksystemverification.com/Documents/private/Automotive-Industry-Tracker/data/raw/images/volkswagen_passat.jpg,/Users/elmedin.karisiksystemverification.com/Documents/private/Automotive-Industry-Tracker/data/processed/resized/volkswagen_passat_resized.jpg,/Users/elmedin.karisiksystemverification.com/Documents/private/Automotive-Industry-Tracker/data/processed/thumbnails/volkswagen_passat_thumb.jpg,/Users/elmedin.karisiksystemverification.com/Documents/private/Automotive-Industry-Tracker/data/processed/webp/volkswagen_passat.webp,JPEG,RGB,960.0,484.0,146.75,volkswagen_passat.jpg,Unknown,Unknown,Unknown,Unknown,Unknown,Unknown,Unknown,Unknown,No GPS data,2026-04-26T21:46:21.227408,2026-04-26T21:46:21.227450,,,,,,,,
word_extraction,2026-04-26 21:47:54.824,1.0,raw_recalls,,,,,automotive_report.docx,word,/Users/elmedin.karisiksystemverification.com/Documents/private/Automotive-Industry-Tracker/data/raw/word/automotive_report.docx,2026-04-26T21:47:54.609431,python-docx,,"[{'style': 'Title', 'text': 'Automotive Industry Recall Report 2020'}, {'style': 'Normal', 'text': 'This report provides an overview of vehicle recalls issued in 2020. Data sourced from NHTSA database covering major VW Group vehicles.'}, {'style': 'Heading 1', 'text': 'Recall Overview'}, {'style': 'Normal', 'text': 'In 2020, several VW Group vehicles were subject to safety recalls. The recalls covered issues ranging from airbag defects to engine problems.'}, {'style': 'Heading 2', 'text': 'Table with Borders'}, {'style': 'Heading 2', 'text': 'Table without Borders'}, {'style': 'Heading 1', 'text': 'Two-Column Section'}, {'style': 'Normal', 'text': 'Left Column: Audi A4 had 3 recalls in 2020 including airbag and brake issues.'}, {'style': 'Normal', 'text': 'Right Column: Volkswagen Golf had 2 recalls related to electrical systems.'}]","[{'table_index': 0, 'data': [['Make', 'Model', 'Year', 'Recalls'], ['Audi', 'A4', '2020', '3'], ['Volkswagen', 'Golf', '2020', '2'], ['Volkswagen', 'Passat', '2020', '3']]}, {'table_index': 1, 'data': [['Make', 'Model', 'Year', 'Recalls'], ['Audi', 'A4', '2020', '3'], ['Volkswagen', 'Golf', '2020', '2'], ['Volkswagen', 'Passat', '2020', '3']]}]",,,,,,,,,,,,,,,,,,,,,,,,,,,,,,,,,,,,,,,,
excel_extraction,2026-04-26 21:47:54.987,1.0,raw_recalls,,,,,automotive_data.xlsx,excel,/Users/elmedin.karisiksystemverification.com/Documents/private/Automotive-Industry-Tracker/data/raw/excel/automotive_data.xlsx,2026-04-26T21:47:54.947157,openpyxl,,,,"[{'sheet_name': 'Recall Summary', 'rows': [['Make', 'Model', 'Year', 'Recall Count', 'Affected Units', 'Total Cost (USD)'], ['Audi', 'A4', '2020', '3', '15000', '2500000'], ['Volkswagen', 'Golf', '2020', '2', '8200', '1200000'], ['Volkswagen', 'Passat', '2020', '3', '5100', '980000'], ['TOTAL', '', '', '=SUM(D2:D4)', '=SUM(E2:E4)', '=SUM(F2:F4)']]}, {'sheet_name': 'Component Details', 'rows': [['Component', 'Issue', 'Make', 'Model', 'Affected Units'], ['Airbag', 'Inflator rupture', 'Audi', 'A4', '15000'], ['Brakes', 'Brake fluid leak', 'Volkswagen', 'Golf', '8200'], ['Engine', 'Oil pressure loss', 'Volkswagen', 'Passat', '5100']]}]",,,,,,,,,,,,,,,,,,,,,,,,,,,,,,,,,,,,,,,
nhtsa_api,2026-04-26 21:47:58.141,1.0,raw_recalls,Audi,A4,2020.0,"[{'Manufacturer': 'Volkswagen Group of America, Inc.', 'NHTSACampaignNumber': '22V034000', 'parkIt': False, 'parkOutSide': False, 'overTheAirUpdate': False, 'ReportReceivedDate': '26/01/2022', 'Component': 'TIRES', 'Summary': 'Volkswagen Group of America, Inc. (Audi) is recalling certain 2019-2021 Audi A5 Sportback, RS5 Coupe, RS5 Sportback, S5 Sportback, 2020-2021 A4 Allroad, A4 Sedan, A5 Cabriolet, A5 Coupe, A6 Allroad, A6 Sedan, A7, A8, Q5, S4 Sedan, S5 Coupe, S5 Cabriolet, S6 Sedan, S7, S8, SQ5, 2021 Q5 Sportback, Q7, Q8, RS6 Avant, RS7, RSQ8, SQ5 Sportback, SQ7, and SQ8 vehicles.  The rear axle alignment may not have been inspected after the repairs for Recall 21V-295 (42L1) were performed.', 'Consequence': 'Rear axle misalignment may cause premature or uneven tire wear, increasing the risk of a crash.', 'Remedy': ""Dealers will inspect the rear axle, adjust the alignment as necessary, and replace any prematurely or unevenly worn tires, free of charge.  Owner notification letters were mailed March 3, 2022.  Owners may contact Audi customer service at 1-800-253-2834.  Audi's number for this recall is 42L5."", 'Notes': 'Owners may also contact the National Highway Traffic Safety Administration Vehicle Safety Hotline at 1-888-327-4236 (TTY 1-800-424-9153), or go to www.nhtsa.gov.', 'ModelYear': '2020', 'Make': 'AUDI', 'Model': 'A4'}, {'Manufacturer': 'Volkswagen Group of America, Inc.', 'NHTSACampaignNumber': '21V295000', 'parkIt': False, 'parkOutSide': False, 'overTheAirUpdate': False, 'ReportReceivedDate': '26/04/2021', 'Component': 'SUSPENSION:REAR:AXLE:NON-POWERED AXLE ASSEMBLY', 'Summary': 'Volkswagen Group of America, Inc. (Audi) is recalling certain 2021 Q7, Q8, Q5 Sportback, SQ5 Sportback, RS6 Avant, RS7, RS Q8, 2020-2021 Audi S6 sedan, Q5, A8, S8, A7, A6 Allroad, A5 Cabriolet, A4 sedan, A4 Allroad, SQ5, S7, A6 sedan, S5 coupe, S4 sedan, S5 Cabriolet, A5 coupe, 2019-2021 RS5 coupe, A5 Sportback, S5 Sportback, RS5 Sportback vehicles.  The lock nut on the trailing arm of the rear axle may break due to stress corrosion.', 'Consequence': 'A broken lock nut may misalign the rear axle, causing a loss of control and increasing the risk of a crash.', 'Remedy': ""Dealers will replace the lock nuts and, if necessary, the associated bolts, free of charge.  Owner notification letters were mailed June 4, 2021.  Owners may contact Audi customer service at 1-800-253-2834.  Audi's number for this recall is 42L1."", 'Notes': 'Owners may also contact the National Highway Traffic Safety Administration Vehicle Safety Hotline at 1-888-327-4236 (TTY 1-800-424-9153), or go to www.safercar.gov.', 'ModelYear': '2020', 'Make': 'AUDI', 'Model': 'A4'}, {'Manufacturer': 'Volkswagen Group of America, Inc.', 'NHTSACampaignNumber': '21V874000', 'parkIt': False, 'parkOutSide': False, 'overTheAirUpdate': False, 'ReportReceivedDate': '10/11/2021', 'Component': 'SEATS', 'Summary': 'Volkswagen Group of America, Inc. (Audi) is recalling certain 2017-2020 A4 Allroad, A4 Sedan, 2018-2019 RS5 Coupe, 2019 RS5 Sportback, 2018-2020 A5 Cabriolet, A5 Coupe, A5 Sportback, S4 Sedan, S5 Cabriolet, S5 Coupe, and Audi S5 Sportback vehicles.  The cable connecting the seat heater to the Passenger Occupant Detection System (PODS) may have a contact fault, causing the software to misdiagnose a malfunction and disable the passenger air bag.', 'Consequence': 'A disabled passenger air bag increases the risk of injury in the event of a crash.', 'Remedy': ""Dealers will replace the connecting cable and either the heating mat or entire seat cover, free of charge.  Owner notification letters were mailed January 7, 2022.  Owners may contact Audi customer service at 1-800-253-2834.  Audi's number for this recall is 74E3.  This recall is an expansion of Recall 19V-547 (74D9).  Vehicles previously repaired under 19V-547 will need to return for the new remedy."", 'Notes': 'Owners may also contact the National Highway Traffic Safety Administration Vehicle Safety Hotline at 1-888-327-4236 (TTY 1-800-424-9153), or go to www.nhtsa.gov.', 'ModelYear': '2020', 'Make': 'AUDI', 'Model': 'A4'}]",,,,,,,,,,,,,,,,,,,,,,,,,,,,,,,,,,,,,,,,,,,,,,,,
nhtsa_api,2026-04-26 21:47:58.152,1.0,raw_recalls,Volkswagen,Golf,2020.0,"[{'Manufacturer': 'Volkswagen Group of America, Inc.', 'NHTSACampaignNumber': '22V815000', 'parkIt': False, 'parkOutSide': False, 'overTheAirUpdate': False, 'ReportReceivedDate': '31/10/2022', 'Component': 'TIRES:PRESSURE MONITORING AND REGULATING SYSTEMS', 'Summary': 'Volkswagen Group of America, Inc. (Volkswagen) is recalling certain 2019 Volkswagen Tiguan LWB, Golf Sportswagen A7, Golf Alltrack, Golf R GP, Audi Q3, Audi A3 Cabriolet, 2019-2020 Jetta NF, Jetta GLI, Golf GTI, Atlas, Golf A7, Audi A3, 2020-2021 Atlas Cross Sport, and 2021 Atlas FL vehicles.  The tire pressure monitoring system may not detect an air pressure loss in adequate time when deflating occurs among all four tires simultaneously.  As such, these vehicles fail to comply with the requirements of Federal Motor Vehicle Safety Standard number 138, ""Tire Pressure Monitoring Systems.""', 'Consequence': 'An undetected sudden loss of pressure in all four tires increases the risk of a crash.', 'Remedy': ""Dealers will update the TPMS software, free of charge.  Owner notification letters were mailed November 18, 2022.  Owners may contact Volkswagen's customer service at 1-800-893-5298 or Audi\x92s customer service at 1-800-253-2834.  Volkswagen's numbers for this recall are (Audi) 45J7, and (VW) 45J6 and 45J8."", 'Notes': 'Owners may also contact the National Highway Traffic Safety Administration Vehicle Safety Hotline at 1-888-327-4236 (TTY 1-800-424-9153), or go to www.safercar.gov.', 'ModelYear': '2020', 'Make': 'VOLKSWAGEN', 'Model': 'GOLF'}, {'Manufacturer': 'Volkswagen Group of America, Inc.', 'NHTSACampaignNumber': '24V110000', 'parkIt': False, 'parkOutSide': False, 'overTheAirUpdate': False, 'NHTSAActionNumber': 'RQ23007', 'ReportReceivedDate': '14/02/2024', 'Component': 'FUEL SYSTEM, GASOLINE', 'Summary': 'Volkswagen Group of America, Inc. (Volkswagen) is recalling certain front-wheel drive 2015-2020 Audi A3 Sedan, 2015-2019 Audi A3 Cabriolet, 2019-2020 Volkswagen Jetta GLI, 2018 Golf Sportwagen GP, 2018-2019 Golf Sportwagen A7, 2015-2017 Golf Sportwagen, 2015-2020 Golf GTI, and 2015-2020 Golf A7 vehicles.  Due to a problem with a suction jet pump seal inside the fuel tank, fuel may flow into the evaporative emissions (EVAP) system and possibly leak out of the charcoal canister.', 'Consequence': 'A fuel leak in the presence of an ignition source increases the risk of a fire.', 'Remedy': ""Dealers will replace the suction pump, free of charge.  Final owner notification letters for Audi owners were mailed on July 25, 2024.  Final owner letters for VW owners were mailed on August 13, 2024.  Owners may contact Volkswagen customer service at 1-800-893-5298 or Audi customer service at 1-800-253-2834.  Volkswagen's numbers for this recall are VW: 20UF/Audi: 20YF.  Vehicles that were previously recalled under 16V-647 will need to have the new remedy completed.  This recall expands and replaces previous recall number 16V-647."", 'Notes': 'Owners may also contact the National Highway Traffic Safety Administration Vehicle Safety Hotline at 1-888-327-4236 (TTY 1-800-424-9153), or go to www.nhtsa.gov.', 'ModelYear': '2020', 'Make': 'VOLKSWAGEN', 'Model': 'GOLF'}]",,,,,,,,,,,,,,,,,,,,,,,,,,,,,,,,,,,,,,,,,,,,,,,,
nhtsa_api,2026-04-26 21:47:58.163,1.0,raw_recalls,Volkswagen,Passat,2020.0,"[{'Manufacturer': 'Volkswagen Group of America, Inc.', 'NHTSACampaignNumber': '19V389000', 'parkIt': False, 'parkOutSide': False, 'overTheAirUpdate': False, 'ReportReceivedDate': '22/05/2019', 'Component': 'EXTERIOR LIGHTING:HEADLIGHTS', 'Summary': 'Volkswagen Group of America, Inc. (Volkswagen) is recalling certain 2012-2020 Volkswagen Passat and 2018-2019 Atlas vehicles.  The blocking cap disabling the adjustment of the headlight\'s horizontal aim may not have been installed.  As such, these vehicles fail to conform to Federal Motor Vehicle Safety Standard (FMVSS) number 108, ""Lamps, Reflective Devices, and Associated Equipment.""', 'Consequence': 'Without the blocking cap, the headlight aim can be adjusted out of specification, reducing visibility and increasing the risk of a crash.', 'Remedy': ""Volkswagen will notify owners, and dealers will inspect and, as necessary, block the headlight horizontal adjustment, free of charge.  The recall began July 16, 2019.  Owners may contact Volkswagen customer service at 1-800-253-2834.  Volkswagen's number for this recall is 94L9."", 'Notes': 'Owners may also contact the National Highway Traffic Safety Administration Vehicle Safety Hotline at 1-888-327-4236 (TTY 1-800-424-9153), or go to www.safercar.gov.', 'ModelYear': '2020', 'Make': 'VOLKSWAGEN', 'Model': 'PASSAT'}, {'Manufacturer': 'Volkswagen Group of America, Inc.', 'NHTSACampaignNumber': '19V218000', 'parkIt': False, 'parkOutSide': False, 'overTheAirUpdate': False, 'ReportReceivedDate': '20/03/2019', 'Component': 'AIR BAGS:SIDE/WINDOW', 'Summary': 'Volkswagen Group of America, Inc. (Volkswagen) is recalling certain 2019 Atlas and 2020 Passat vehicles.  An incorrect driver and/or front passenger side impact air bag may have been installed.', 'Consequence': 'In an event of a side impact crash, an incorrect side airbag may not deploy as intended, increasing the risk of injury.', 'Remedy': ""Volkswagen has inspected and replaced the side air bags, free of charge.  The recall was completed in April 2019.  Owners may contact Volkswagen customer service at 1-800-893-5298.  Volkswagen's number for this recall is 69Y8."", 'Notes': 'Owners may also contact the National Highway Traffic Safety Administration Vehicle Safety Hotline at 1-888-327-4236 (TTY 1-800-424-9153), or go to www.safercar.gov.', 'ModelYear': '2020', 'Make': 'VOLKSWAGEN', 'Model': 'PASSAT'}, {'Manufacturer': 'Volkswagen Group of America, Inc.', 'NHTSACampaignNumber': '20V533000', 'parkIt': False, 'parkOutSide': False, 'overTheAirUpdate': False, 'ReportReceivedDate': '02/09/2020', 'Component': 'AIR BAGS:PASSENGER SIDE FRONTAL:CUSHION', 'Summary': 'Volkswagen Group of America, Inc. (Volkswagen) is recalling certain 2020 Passat vehicles.  The passenger frontal air bag may have been folded incorrectly affecting its deployment force.  As such, these vehicles fail to comply with the requirements of Federal Motor Vehicle Safety Standard number 208, ""Occupant Crash Protection.""', 'Consequence': 'An incorrectly folded air bag can deploy with too much force, increasing the risk of injury.', 'Remedy': ""Volkswagen will notify owners, and dealers will replace the passenger frontal air bag, free of charge.  The recall began October 14, 2020.  Owners may contact Volkswagen customer service at 1-888-241-2289.  Volkswagen's number for this recall is 69AY."", 'Notes': 'Owners may also contact the National Highway Traffic Safety Administration Vehicle Safety Hotline at 1-888-327-4236 (TTY 1-800-424-9153), or go to www.safercar.gov.', 'ModelYear': '2020', 'Make': 'VOLKSWAGEN', 'Model': 'PASSAT'}]",,,,,,,,,,,,,,,,,,,,,,,,,,,,,,,,,,,,,,,,,,,,,,,,
pdf_extraction,2026-04-26 21:47:58.206,1.0,raw_recalls,,,,,automotive_report_twocolumn.pdf,pdf,/Users/elmedin.karisiksystemverification.com/Documents/private/Automotive-Industry-Tracker/data/raw/pdf/automotive_report_twocolumn.pdf,2026-04-26T21:47:58.172352,pdfplumber,"[{'page_number': 1, 'text': 'Automotive Two-Column Report\nAudi A4 Recalls Volkswagen Golf Recalls\nThe Audi A4 2020 had 3 recalls related to airbag, The Volkswagen Golf 2020 had 2 recalls related to\nbrake, and engine issues reported to NHTSA. electrical systems and fuel systems.\nComponent Recall Details (with borders)\nComponent Issue Affected Units\nAirbag Inflator rupture 15,000\nBrakes Brake fluid leak 8,200\nEngine Oil pressure loss 5,100\nComponent Recall Details (without borders)\nComponent Issue Affected Units\nAirbag Inflator rupture 15,000\nBrakes Brake fluid leak 8,200\nEngine Oil pressure loss 5,100', 'tables': [[['Component', 'Issue', 'Affected Units'], ['Airbag', 'Inflator rupture', '15,000'], ['Brakes', 'Brake fluid leak', '8,200'], ['Engine', 'Oil pressure loss', '5,100']]]}]",,,,,,,,,,,,,,,,,,,,,,,,,,,,,,,,,,,,,,,,,,
pdf_extraction,2026-04-26 21:47:58.230,1.0,raw_recalls,,,,,automotive_report_normal.pdf,pdf,/Users/elmedin.karisiksystemverification.com/Documents/private/Automotive-Industry-Tracker/data/raw/pdf/automotive_report_normal.pdf,2026-04-26T21:47:58.209390,pdfplumber,"[{'page_number': 1, 'text': 'Automotive Industry Recall Report 2020\nIntroduction\nThis report provides an overview of vehicle recalls issued in 2020 for major automotive brands including\nAudi, Volkswagen, and Skoda. Data sourced from NHTSA.\nRecall Summary Table (with borders)\nMake Model Year Recalls\nAudi A4 2020 3\nVolkswagen Golf 2020 2\nVolkswagen Passat 2020 3\nRecall Summary Table (without borders)\nMake Model Year Recalls\nAudi A4 2020 3\nVolkswagen Golf 2020 2\nVolkswagen Passat 2020 3', 'tables': [[['Make', 'Model', 'Year', 'Recalls'], ['Audi', 'A4', '2020', '3'], ['Volkswagen', 'Golf', '2020', '2'], ['Volkswagen', 'Passat', '2020', '3']]]}]",,,,,,,,,,,,,,,,,,,,,,,,,,,,,,,,,,,,,,,,,,
word_extraction,2026-04-26 21:47:58.440,1.0,raw_recalls,,,,,automotive_report.docx,word,/Users/elmedin.karisiksystemverification.com/Documents/private/Automotive-Industry-Tracker/data/raw/word/automotive_report.docx,2026-04-26T21:47:58.233764,python-docx,,"[{'style': 'Title', 'text': 'Automotive Industry Recall Report 2020'}, {'style': 'Normal', 'text': 'This report provides an overview of vehicle recalls issued in 2020. Data sourced from NHTSA database covering major VW Group vehicles.'}, {'style': 'Heading 1', 'text': 'Recall Overview'}, {'style': 'Normal', 'text': 'In 2020, several VW Group vehicles were subject to safety recalls. The recalls covered issues ranging from airbag defects to engine problems.'}, {'style': 'Heading 2', 'text': 'Table with Borders'}, {'style': 'Heading 2', 'text': 'Table without Borders'}, {'style': 'Heading 1', 'text': 'Two-Column Section'}, {'style': 'Normal', 'text': 'Left Column: Audi A4 had 3 recalls in 2020 including airbag and brake issues.'}, {'style': 'Normal', 'text': 'Right Column: Volkswagen Golf had 2 recalls related to electrical systems.'}]","[{'table_index': 0, 'data': [['Make', 'Model', 'Year', 'Recalls'], ['Audi', 'A4', '2020', '3'], ['Volkswagen', 'Golf', '2020', '2'], ['Volkswagen', 'Passat', '2020', '3']]}, {'table_index': 1, 'data': [['Make', 'Model', 'Year', 'Recalls'], ['Audi', 'A4', '2020', '3'], ['Volkswagen', 'Golf', '2020', '2'], ['Volkswagen', 'Passat', '2020', '3']]}]",,,,,,,,,,,,,,,,,,,,,,,,,,,,,,,,,,,,,,,,
excel_extraction,2026-04-26 21:47:58.480,1.0,raw_recalls,,,,,automotive_data.xlsx,excel,/Users/elmedin.karisiksystemverification.com/Documents/private/Automotive-Industry-Tracker/data/raw/excel/automotive_data.xlsx,2026-04-26T21:47:58.445638,openpyxl,,,,"[{'sheet_name': 'Recall Summary', 'rows': [['Make', 'Model', 'Year', 'Recall Count', 'Affected Units', 'Total Cost (USD)'], ['Audi', 'A4', '2020', '3', '15000', '2500000'], ['Volkswagen', 'Golf', '2020', '2', '8200', '1200000'], ['Volkswagen', 'Passat', '2020', '3', '5100', '980000'], ['TOTAL', '', '', '=SUM(D2:D4)', '=SUM(E2:E4)', '=SUM(F2:F4)']]}, {'sheet_name': 'Component Details', 'rows': [['Component', 'Issue', 'Make', 'Model', 'Affected Units'], ['Airbag', 'Inflator rupture', 'Audi', 'A4', '15000'], ['Brakes', 'Brake fluid leak', 'Volkswagen', 'Golf', '8200'], ['Engine', 'Oil pressure loss', 'Volkswagen', 'Passat', '5100']]}]",,,,,,,,,,,,,,,,,,,,,,,,,,,,,,,,,,,,,,,
web_scraping,2026-04-26 21:47:58.490,1.0,raw_recalls,,,,,,,local_html/page_1.html,,,,,,,2026-04-26T21:47:58.486098,,,,Audi A4 2020,"Luxury sedan with 2.0L TFSI engine, 190hp. Known for premium interior and advanced driver assistance.","$39,900",/cars/audi-a4-2020,1.0,,,,,,,,,,,,,,,,,,,,,,,,,,,,,,
web_scraping,2026-04-26 21:47:58.494,1.0,raw_recalls,,,,,,,local_html/page_1.html,,,,,,,2026-04-26T21:47:58.486240,,,,Audi A4 2019,Previous generation A4 with quattro all-wheel drive. Excellent safety ratings from NHTSA.,"$36,500",/cars/audi-a4-2019,1.0,,,,,,,,,,,,,,,,,,,,,,,,,,,,,,
web_scraping,2026-04-26 21:47:58.501,1.0,raw_recalls,,,,,,,local_html/page_1.html,,,,,,,2026-04-26T21:47:58.486360,,,,Audi A4 2018,Reliable executive sedan. NHTSA recall issued for airbag inflator replacement.,"$33,200",/cars/audi-a4-2018,1.0,,,,,,,,,,,,,,,,,,,,,,,,,,,,,,
web_scraping,2026-04-26 21:47:58.504,1.0,raw_recalls,,,,,,,local_html/page_2.html,,,,,,,2026-04-26T21:47:58.487117,,,,Volkswagen Golf 2020,Compact hatchback with 1.4L TSI engine. Popular choice in European markets.,"$23,195",/cars/volkswagen-golf-2020,2.0,,,,,,,,,,,,,,,,,,,,,,,,,,,,,,
web_scraping,2026-04-26 21:47:58.509,1.0,raw_recalls,,,,,,,local_html/page_2.html,,,,,,,2026-04-26T21:47:58.487240,,,,Volkswagen Golf 2019,"Award-winning hatchback. NHTSA recall for brake system defect affecting 8,200 units.","$21,500",/cars/volkswagen-golf-2019,2.0,,,,,,,,,,,,,,,,,,,,,,,,,,,,,,
web_scraping,2026-04-26 21:47:58.511,1.0,raw_recalls,,,,,,,local_html/page_2.html,,,,,,,2026-04-26T21:47:58.487357,,,,Volkswagen Golf GTI 2020,Performance variant with 228hp turbocharged engine and sport suspension.,"$29,995",/cars/volkswagen-golf-gti-2020,2.0,,,,,,,,,,,,,,,,,,,,,,,,,,,,,,
web_scraping,2026-04-26 21:47:58.516,1.0,raw_recalls,,,,,,,local_html/page_3.html,,,,,,,2026-04-26T21:47:58.488024,,,,Volkswagen Passat 2020,Midsize sedan with spacious interior. NHTSA recall for fuel pump defect.,"$24,990",/cars/volkswagen-passat-2020,3.0,,,,,,,,,,,,,,,,,,,,,,,,,,,,,,
web_scraping,2026-04-26 21:47:58.525,1.0,raw_recalls,,,,,,,local_html/page_3.html,,,,,,,2026-04-26T21:47:58.488149,,,,Volkswagen Passat 2019,Business-class sedan with advanced connectivity features and comfort.,"$22,800",/cars/volkswagen-passat-2019,3.0,,,,,,,,,,,,,,,,,,,,,,,,,,,,,,
web_scraping,2026-04-26 21:47:58.529,1.0,raw_recalls,,,,,,,local_html/page_3.html,,,,,,,2026-04-26T21:47:58.488271,,,,Skoda Octavia 2020,Czech-made sedan offering exceptional value. Part of VW Group platform.,"$19,990",/cars/skoda-octavia-2020,3.0,,,,,,,,,,,,,,,,,,,,,,,,,,,,,,
dynamic_scraping,2026-04-26 21:48:00.285,1.0,raw_recalls,Audi,A4,2020.0,"[{'Manufacturer': 'Volkswagen Group of America, Inc.', 'NHTSACampaignNumber': '22V034000', 'parkIt': False, 'parkOutSide': False, 'overTheAirUpdate': False, 'ReportReceivedDate': '26/01/2022', 'Component': 'TIRES', 'Summary': 'Volkswagen Group of America, Inc. (Audi) is recalling certain 2019-2021 Audi A5 Sportback, RS5 Coupe, RS5 Sportback, S5 Sportback, 2020-2021 A4 Allroad, A4 Sedan, A5 Cabriolet, A5 Coupe, A6 Allroad, A6 Sedan, A7, A8, Q5, S4 Sedan, S5 Coupe, S5 Cabriolet, S6 Sedan, S7, S8, SQ5, 2021 Q5 Sportback, Q7, Q8, RS6 Avant, RS7, RSQ8, SQ5 Sportback, SQ7, and SQ8 vehicles.  The rear axle alignment may not have been inspected after the repairs for Recall 21V-295 (42L1) were performed.', 'Consequence': 'Rear axle misalignment may cause premature or uneven tire wear, increasing the risk of a crash.', 'Remedy': ""Dealers will inspect the rear axle, adjust the alignment as necessary, and replace any prematurely or unevenly worn tires, free of charge.  Owner notification letters were mailed March 3, 2022.  Owners may contact Audi customer service at 1-800-253-2834.  Audi's number for this recall is 42L5."", 'Notes': 'Owners may also contact the National Highway Traffic Safety Administration Vehicle Safety Hotline at 1-888-327-4236 (TTY 1-800-424-9153), or go to www.nhtsa.gov.', 'ModelYear': '2020', 'Make': 'AUDI', 'Model': 'A4'}, {'Manufacturer': 'Volkswagen Group of America, Inc.', 'NHTSACampaignNumber': '21V295000', 'parkIt': False, 'parkOutSide': False, 'overTheAirUpdate': False, 'ReportReceivedDate': '26/04/2021', 'Component': 'SUSPENSION:REAR:AXLE:NON-POWERED AXLE ASSEMBLY', 'Summary': 'Volkswagen Group of America, Inc. (Audi) is recalling certain 2021 Q7, Q8, Q5 Sportback, SQ5 Sportback, RS6 Avant, RS7, RS Q8, 2020-2021 Audi S6 sedan, Q5, A8, S8, A7, A6 Allroad, A5 Cabriolet, A4 sedan, A4 Allroad, SQ5, S7, A6 sedan, S5 coupe, S4 sedan, S5 Cabriolet, A5 coupe, 2019-2021 RS5 coupe, A5 Sportback, S5 Sportback, RS5 Sportback vehicles.  The lock nut on the trailing arm of the rear axle may break due to stress corrosion.', 'Consequence': 'A broken lock nut may misalign the rear axle, causing a loss of control and increasing the risk of a crash.', 'Remedy': ""Dealers will replace the lock nuts and, if necessary, the associated bolts, free of charge.  Owner notification letters were mailed June 4, 2021.  Owners may contact Audi customer service at 1-800-253-2834.  Audi's number for this recall is 42L1."", 'Notes': 'Owners may also contact the National Highway Traffic Safety Administration Vehicle Safety Hotline at 1-888-327-4236 (TTY 1-800-424-9153), or go to www.safercar.gov.', 'ModelYear': '2020', 'Make': 'AUDI', 'Model': 'A4'}, {'Manufacturer': 'Volkswagen Group of America, Inc.', 'NHTSACampaignNumber': '21V874000', 'parkIt': False, 'parkOutSide': False, 'overTheAirUpdate': False, 'ReportReceivedDate': '10/11/2021', 'Component': 'SEATS', 'Summary': 'Volkswagen Group of America, Inc. (Audi) is recalling certain 2017-2020 A4 Allroad, A4 Sedan, 2018-2019 RS5 Coupe, 2019 RS5 Sportback, 2018-2020 A5 Cabriolet, A5 Coupe, A5 Sportback, S4 Sedan, S5 Cabriolet, S5 Coupe, and Audi S5 Sportback vehicles.  The cable connecting the seat heater to the Passenger Occupant Detection System (PODS) may have a contact fault, causing the software to misdiagnose a malfunction and disable the passenger air bag.', 'Consequence': 'A disabled passenger air bag increases the risk of injury in the event of a crash.', 'Remedy': ""Dealers will replace the connecting cable and either the heating mat or entire seat cover, free of charge.  Owner notification letters were mailed January 7, 2022.  Owners may contact Audi customer service at 1-800-253-2834.  Audi's number for this recall is 74E3.  This recall is an expansion of Recall 19V-547 (74D9).  Vehicles previously repaired under 19V-547 will need to return for the new remedy."", 'Notes': 'Owners may also contact the National Highway Traffic Safety Administration Vehicle Safety Hotline at 1-888-327-4236 (TTY 1-800-424-9153), or go to www.nhtsa.gov.', 'ModelYear': '2020', 'Make': 'AUDI', 'Model': 'A4'}]",,,https://api.nhtsa.gov/recalls/recallsByVehicle?make=Audi&model=A4&modelYear=2020,,,,,,,2026-04-26T21:48:00.276241,json_api,,,,,,,,,,,,,,,,,,,,,,,,,,,,,,,,,,,,,
dynamic_scraping,2026-04-26 21:48:01.993,1.0,raw_recalls,Volkswagen,Golf,2020.0,"[{'Manufacturer': 'Volkswagen Group of America, Inc.', 'NHTSACampaignNumber': '22V815000', 'parkIt': False, 'parkOutSide': False, 'overTheAirUpdate': False, 'ReportReceivedDate': '31/10/2022', 'Component': 'TIRES:PRESSURE MONITORING AND REGULATING SYSTEMS', 'Summary': 'Volkswagen Group of America, Inc. (Volkswagen) is recalling certain 2019 Volkswagen Tiguan LWB, Golf Sportswagen A7, Golf Alltrack, Golf R GP, Audi Q3, Audi A3 Cabriolet, 2019-2020 Jetta NF, Jetta GLI, Golf GTI, Atlas, Golf A7, Audi A3, 2020-2021 Atlas Cross Sport, and 2021 Atlas FL vehicles.  The tire pressure monitoring system may not detect an air pressure loss in adequate time when deflating occurs among all four tires simultaneously.  As such, these vehicles fail to comply with the requirements of Federal Motor Vehicle Safety Standard number 138, ""Tire Pressure Monitoring Systems.""', 'Consequence': 'An undetected sudden loss of pressure in all four tires increases the risk of a crash.', 'Remedy': ""Dealers will update the TPMS software, free of charge.  Owner notification letters were mailed November 18, 2022.  Owners may contact Volkswagen's customer service at 1-800-893-5298 or Audi\x92s customer service at 1-800-253-2834.  Volkswagen's numbers for this recall are (Audi) 45J7, and (VW) 45J6 and 45J8."", 'Notes': 'Owners may also contact the National Highway Traffic Safety Administration Vehicle Safety Hotline at 1-888-327-4236 (TTY 1-800-424-9153), or go to www.safercar.gov.', 'ModelYear': '2020', 'Make': 'VOLKSWAGEN', 'Model': 'GOLF'}, {'Manufacturer': 'Volkswagen Group of America, Inc.', 'NHTSACampaignNumber': '24V110000', 'parkIt': False, 'parkOutSide': False, 'overTheAirUpdate': False, 'NHTSAActionNumber': 'RQ23007', 'ReportReceivedDate': '14/02/2024', 'Component': 'FUEL SYSTEM, GASOLINE', 'Summary': 'Volkswagen Group of America, Inc. (Volkswagen) is recalling certain front-wheel drive 2015-2020 Audi A3 Sedan, 2015-2019 Audi A3 Cabriolet, 2019-2020 Volkswagen Jetta GLI, 2018 Golf Sportwagen GP, 2018-2019 Golf Sportwagen A7, 2015-2017 Golf Sportwagen, 2015-2020 Golf GTI, and 2015-2020 Golf A7 vehicles.  Due to a problem with a suction jet pump seal inside the fuel tank, fuel may flow into the evaporative emissions (EVAP) system and possibly leak out of the charcoal canister.', 'Consequence': 'A fuel leak in the presence of an ignition source increases the risk of a fire.', 'Remedy': ""Dealers will replace the suction pump, free of charge.  Final owner notification letters for Audi owners were mailed on July 25, 2024.  Final owner letters for VW owners were mailed on August 13, 2024.  Owners may contact Volkswagen customer service at 1-800-893-5298 or Audi customer service at 1-800-253-2834.  Volkswagen's numbers for this recall are VW: 20UF/Audi: 20YF.  Vehicles that were previously recalled under 16V-647 will need to have the new remedy completed.  This recall expands and replaces previous recall number 16V-647."", 'Notes': 'Owners may also contact the National Highway Traffic Safety Administration Vehicle Safety Hotline at 1-888-327-4236 (TTY 1-800-424-9153), or go to www.nhtsa.gov.', 'ModelYear': '2020', 'Make': 'VOLKSWAGEN', 'Model': 'GOLF'}]",,,https://api.nhtsa.gov/recalls/recallsByVehicle?make=Volkswagen&model=Golf&modelYear=2020,,,,,,,2026-04-26T21:48:01.991333,json_api,,,,,,,,,,,,,,,,,,,,,,,,,,,,,,,,,,,,,
dynamic_scraping,2026-04-26 21:48:03.700,1.0,raw_recalls,Volkswagen,Passat,2020.0,"[{'Manufacturer': 'Volkswagen Group of America, Inc.', 'NHTSACampaignNumber': '19V389000', 'parkIt': False, 'parkOutSide': False, 'overTheAirUpdate': False, 'ReportReceivedDate': '22/05/2019', 'Component': 'EXTERIOR LIGHTING:HEADLIGHTS', 'Summary': 'Volkswagen Group of America, Inc. (Volkswagen) is recalling certain 2012-2020 Volkswagen Passat and 2018-2019 Atlas vehicles.  The blocking cap disabling the adjustment of the headlight\'s horizontal aim may not have been installed.  As such, these vehicles fail to conform to Federal Motor Vehicle Safety Standard (FMVSS) number 108, ""Lamps, Reflective Devices, and Associated Equipment.""', 'Consequence': 'Without the blocking cap, the headlight aim can be adjusted out of specification, reducing visibility and increasing the risk of a crash.', 'Remedy': ""Volkswagen will notify owners, and dealers will inspect and, as necessary, block the headlight horizontal adjustment, free of charge.  The recall began July 16, 2019.  Owners may contact Volkswagen customer service at 1-800-253-2834.  Volkswagen's number for this recall is 94L9."", 'Notes': 'Owners may also contact the National Highway Traffic Safety Administration Vehicle Safety Hotline at 1-888-327-4236 (TTY 1-800-424-9153), or go to www.safercar.gov.', 'ModelYear': '2020', 'Make': 'VOLKSWAGEN', 'Model': 'PASSAT'}, {'Manufacturer': 'Volkswagen Group of America, Inc.', 'NHTSACampaignNumber': '19V218000', 'parkIt': False, 'parkOutSide': False, 'overTheAirUpdate': False, 'ReportReceivedDate': '20/03/2019', 'Component': 'AIR BAGS:SIDE/WINDOW', 'Summary': 'Volkswagen Group of America, Inc. (Volkswagen) is recalling certain 2019 Atlas and 2020 Passat vehicles.  An incorrect driver and/or front passenger side impact air bag may have been installed.', 'Consequence': 'In an event of a side impact crash, an incorrect side airbag may not deploy as intended, increasing the risk of injury.', 'Remedy': ""Volkswagen has inspected and replaced the side air bags, free of charge.  The recall was completed in April 2019.  Owners may contact Volkswagen customer service at 1-800-893-5298.  Volkswagen's number for this recall is 69Y8."", 'Notes': 'Owners may also contact the National Highway Traffic Safety Administration Vehicle Safety Hotline at 1-888-327-4236 (TTY 1-800-424-9153), or go to www.safercar.gov.', 'ModelYear': '2020', 'Make': 'VOLKSWAGEN', 'Model': 'PASSAT'}, {'Manufacturer': 'Volkswagen Group of America, Inc.', 'NHTSACampaignNumber': '20V533000', 'parkIt': False, 'parkOutSide': False, 'overTheAirUpdate': False, 'ReportReceivedDate': '02/09/2020', 'Component': 'AIR BAGS:PASSENGER SIDE FRONTAL:CUSHION', 'Summary': 'Volkswagen Group of America, Inc. (Volkswagen) is recalling certain 2020 Passat vehicles.  The passenger frontal air bag may have been folded incorrectly affecting its deployment force.  As such, these vehicles fail to comply with the requirements of Federal Motor Vehicle Safety Standard number 208, ""Occupant Crash Protection.""', 'Consequence': 'An incorrectly folded air bag can deploy with too much force, increasing the risk of injury.', 'Remedy': ""Volkswagen will notify owners, and dealers will replace the passenger frontal air bag, free of charge.  The recall began October 14, 2020.  Owners may contact Volkswagen customer service at 1-888-241-2289.  Volkswagen's number for this recall is 69AY."", 'Notes': 'Owners may also contact the National Highway Traffic Safety Administration Vehicle Safety Hotline at 1-888-327-4236 (TTY 1-800-424-9153), or go to www.safercar.gov.', 'ModelYear': '2020', 'Make': 'VOLKSWAGEN', 'Model': 'PASSAT'}]",,,https://api.nhtsa.gov/recalls/recallsByVehicle?make=Volkswagen&model=Passat&modelYear=2020,,,,,,,2026-04-26T21:48:03.698486,json_api,,,,,,,,,,,,,,,,,,,,,,,,,,,,,,,,,,,,,
selenium_scraping,2026-04-26 21:48:08.252,1.0,raw_recalls,,,,,,,https://www.wikipedia.org/wiki/Audi,,,,,,,2026-04-26T21:48:08.165710,selenium,,,Audi - Wikipedia,,,,,"Audi AG[a] is a German automotive manufacturer of luxury vehicles headquartered in Ingolstadt, Bavaria, Germany. As a wholly owned subsidiary of the Volkswagen Group, Audi produces vehicles in nine production facilities worldwide. The origins of the company are complex, dating back to the early 20th century and the initial enterprises (Horch and the Audiwerke) founded by engineer August Horch. Two other manufacturers (DKW and Wanderer) also contributed to the foundation of Auto Union in 1932. The modern Audi era began in the 1960s, when Auto Union was acquired by Volkswagen from Daimler-Benz.[7] Volkswagen relaunched the Audi brand with the 1965 introduction of the Audi F103 series, and merged Auto Union with NSU Motorenwerke in 1969, thus creating the present-day form of the company.",,,,,,,,,,,,,,,,,,,,,,,,,,,,,
ocr_image,2026-04-26 21:48:08.527,1.0,raw_recalls,,,,,audi_a4.jpg,image_ocr,/Users/elmedin.karisiksystemverification.com/Documents/private/Automotive-Industry-Tracker/data/raw/images/audi_a4.jpg,2026-04-26T21:48:08.521713,pytesseract,,,,,,,,"i mH I ui Le

",,,,,,,,,,,,,,,,,,,,,,,,,,,,,,,,,,,
ocr_image,2026-04-26 21:48:08.743,1.0,raw_recalls,,,,,volkswagen_golf.jpg,image_ocr,/Users/elmedin.karisiksystemverification.com/Documents/private/Automotive-Industry-Tracker/data/raw/images/volkswagen_golf.jpg,2026-04-26T21:48:08.742550,pytesseract,,,,,,,,,,,,,,,,,,,,,,,,,,,,,,,,,,,,,,,,,,,
ocr_image,2026-04-26 21:48:08.966,1.0,raw_recalls,,,,,volkswagen_id4.jpg,image_ocr,/Users/elmedin.karisiksystemverification.com/Documents/private/Automotive-Industry-Tracker/data/raw/images/volkswagen_id4.jpg,2026-04-26T21:48:08.964868,pytesseract,,,,,,,,,,,,,,,,,,,,,,,,,,,,,,,,,,,,,,,,,,,
ocr_image,2026-04-26 21:48:10.138,1.0,raw_recalls,,,,,test_scan.png,image_ocr,/Users/elmedin.karisiksystemverification.com/Documents/private/Automotive-Industry-Tracker/data/raw/images/test_scan.png,2026-04-26T21:48:10.137420,pytesseract,,,,,,,"The 2022 Audi RS6 Avant is a high-performance wagon that combines supercar power with everyday practicality. Under the hood, it boasts a 4.0-liter twin-turbocharged V8 engine
producing 591 horsepower and 590 Ib-ft of torque, enabling a 0-60 mph time of just 3.5 seconds. Equipped with Audi's Quattro all-wheel-drive system, adaptive air suspension, and dynamic
Steering, the RS6 delivers exceptional handling and comfort. Its aggressive design features wide fenders, a black honeycomb grille, and large oval exhaust tips, giving it a commanding
Toad presence, With a luxurious, tech-filled interior and ample cargo space, the RSG Avant is the ultimate blend of performance, luxury, and practicality.

Engine: 4.01 V8 Top speed: 190mph
Power: 591bhp 0-60: 31sec
Torque: 799nm Year: 2022
Weight: 2,282kg Country: German
","Cnnr RS6

The 2022 Audi RSG Avant is a high-performance wagon that combines supercar power with everyday practicality. Under the hood, it boasts a 4.0-liter twin-turbocharged V8 engine
producing 591 horsepower and 590 Ib-ft of torque, enabling a 0-60 mph time of just 3.5 seconds. Equipped with Audi's Quattro all-wheel-drive system, adaptive air suspension, and dynamic
steering, the RSG delivers exceptional handling and comfort. Its aggressive design features wide fenders, a black honeycomb grille, and large oval exhaust tips, giving it a commanding
road presence, With a luxurious, tech-filled interior and ample cargo space, the RS6 Avant is the ultimate blend of performance, luxury, and practicality.

Engine: 4.01 V8 Top speed: 190mph
Power: 591bhp 0-60: 31sec
Torque: 799nm Year: 2022
Weight: 2,282kg Country: German

",,,,,,,,,,,,,,,,,,,,,,,,,,,,,,,,,,,
ocr_image,2026-04-26 21:48:10.373,1.0,raw_recalls,,,,,volkswagen_passat.jpg,image_ocr,/Users/elmedin.karisiksystemverification.com/Documents/private/Automotive-Industry-Tracker/data/raw/images/volkswagen_passat.jpg,2026-04-26T21:48:10.371955,pytesseract,,,,,,,,"| it i i

",,,,,,,,,,,,,,,,,,,,,,,,,,,,,,,,,,,
ocr_scanned_pdf,2026-04-26 21:48:10.866,1.0,raw_recalls,,,,,scanned_report.pdf,scanned_pdf_ocr,/Users/elmedin.karisiksystemverification.com/Documents/private/Automotive-Industry-Tracker/data/raw/scanned/scanned_report.pdf,2026-04-26T21:48:10.865316,pytesseract+pdf2image,"[{'page_number': 1, 'text': 'Automotive Industry Recall Report 2020\n\nIntroduction\n\nThis report provides an overview of vehicle recalls issued in 2020 for major automotive brands including\nAudi, Volkswagen, and Skoda. Data sourced from NHTSA.\n\nRecall Summary Table (with borders)\n\nMake Model | Year | Recalls\n\nRecall Summary Table (without borders)\nMake Model Year Recalls\nAudi A4 2020 3\nVolkswagen Golf 2020 2\nVolkswagen Passat 2020 3\n\n'}]",,,,,,,,,,,,,,,,,,,,,,,,,,,,,,,,,,,,,,,,,,
image_processing,2026-04-26 21:48:11.489,1.0,raw_recalls,,,,,audi_a4.jpg,,vehicle_image,,,,,,,,automotive,,,,,,,,,/Users/elmedin.karisiksystemverification.com/Documents/private/Automotive-Industry-Tracker/data/raw/images/audi_a4.jpg,/Users/elmedin.karisiksystemverification.com/Documents/private/Automotive-Industry-Tracker/data/processed/resized/audi_a4_resized.jpg,/Users/elmedin.karisiksystemverification.com/Documents/private/Automotive-Industry-Tracker/data/processed/thumbnails/audi_a4_thumb.jpg,/Users/elmedin.karisiksystemverification.com/Documents/private/Automotive-Industry-Tracker/data/processed/webp/audi_a4.webp,JPEG,RGB,960.0,500.0,157.31,audi_a4.jpg,Unknown,Unknown,Unknown,Unknown,Unknown,Unknown,Unknown,Unknown,No GPS data,2026-04-26T21:48:11.484305,2026-04-26T21:48:11.484360,,,,,,,,
image_processing,2026-04-26 21:48:11.617,1.0,raw_recalls,,,,,volkswagen_golf.jpg,,vehicle_image,,,,,,,,automotive,,,,,,,,,/Users/elmedin.karisiksystemverification.com/Documents/private/Automotive-Industry-Tracker/data/raw/images/volkswagen_golf.jpg,/Users/elmedin.karisiksystemverification.com/Documents/private/Automotive-Industry-Tracker/data/processed/resized/volkswagen_golf_resized.jpg,/Users/elmedin.karisiksystemverification.com/Documents/private/Automotive-Industry-Tracker/data/processed/thumbnails/volkswagen_golf_thumb.jpg,/Users/elmedin.karisiksystemverification.com/Documents/private/Automotive-Industry-Tracker/data/processed/webp/volkswagen_golf.webp,JPEG,RGB,960.0,490.0,121.7,volkswagen_golf.jpg,Unknown,Unknown,Unknown,Unknown,Unknown,Unknown,Unknown,Unknown,No GPS data,2026-04-26T21:48:11.617023,2026-04-26T21:48:11.617069,,,,,,,,
image_processing,2026-04-26 21:48:11.761,1.0,raw_recalls,,,,,volkswagen_id4.jpg,,vehicle_image,,,,,,,,automotive,,,,,,,,,/Users/elmedin.karisiksystemverification.com/Documents/private/Automotive-Industry-Tracker/data/raw/images/volkswagen_id4.jpg,/Users/elmedin.karisiksystemverification.com/Documents/private/Automotive-Industry-Tracker/data/processed/resized/volkswagen_id4_resized.jpg,/Users/elmedin.karisiksystemverification.com/Documents/private/Automotive-Industry-Tracker/data/processed/thumbnails/volkswagen_id4_thumb.jpg,/Users/elmedin.karisiksystemverification.com/Documents/private/Automotive-Industry-Tracker/data/processed/webp/volkswagen_id4.webp,JPEG,RGB,960.0,533.0,131.99,volkswagen_id4.jpg,Unknown,Unknown,Unknown,Unknown,Unknown,Unknown,Unknown,Unknown,No GPS data,2026-04-26T21:48:11.760250,2026-04-26T21:48:11.760293,,,,,,,,
image_processing,2026-04-26 21:48:13.220,1.0,raw_recalls,,,,,test_scan.png,,vehicle_image,,,,,,,,automotive,,,,,,,,,/Users/elmedin.karisiksystemverification.com/Documents/private/Automotive-Industry-Tracker/data/raw/images/test_scan.png,/Users/elmedin.karisiksystemverification.com/Documents/private/Automotive-Industry-Tracker/data/processed/resized/test_scan_resized.png,/Users/elmedin.karisiksystemverification.com/Documents/private/Automotive-Industry-Tracker/data/processed/thumbnails/test_scan_thumb.png,/Users/elmedin.karisiksystemverification.com/Documents/private/Automotive-Industry-Tracker/data/processed/webp/test_scan.webp,WEBP,RGBA,1946.0,1946.0,117.6,test_scan.png,Unknown,Unknown,Unknown,Unknown,Unknown,Unknown,Unknown,1,No GPS data,2026-04-26T21:48:13.219396,2026-04-26T21:48:13.219435,,,,,,,,
image_processing,2026-04-26 21:48:13.356,1.0,raw_recalls,,,,,volkswagen_passat.jpg,,vehicle_image,,,,,,,,automotive,,,,,,,,,/Users/elmedin.karisiksystemverification.com/Documents/private/Automotive-Industry-Tracker/data/raw/images/volkswagen_passat.jpg,/Users/elmedin.karisiksystemverification.com/Documents/private/Automotive-Industry-Tracker/data/processed/resized/volkswagen_passat_resized.jpg,/Users/elmedin.karisiksystemverification.com/Documents/private/Automotive-Industry-Tracker/data/processed/thumbnails/volkswagen_passat_thumb.jpg,/Users/elmedin.karisiksystemverification.com/Documents/private/Automotive-Industry-Tracker/data/processed/webp/volkswagen_passat.webp,JPEG,RGB,960.0,484.0,146.75,volkswagen_passat.jpg,Unknown,Unknown,Unknown,Unknown,Unknown,Unknown,Unknown,Unknown,No GPS data,2026-04-26T21:48:13.355226,2026-04-26T21:48:13.355282,,,,,,,,
word_extraction,2026-04-26 21:49:58.275,1.0,raw_recalls,,,,,automotive_report.docx,word,/Users/elmedin.karisiksystemverification.com/Documents/private/Automotive-Industry-Tracker/data/raw/word/automotive_report.docx,2026-04-26T21:49:58.067405,python-docx,,"[{'style': 'Title', 'text': 'Automotive Industry Recall Report 2020'}, {'style': 'Normal', 'text': 'This report provides an overview of vehicle recalls issued in 2020. Data sourced from NHTSA database covering major VW Group vehicles.'}, {'style': 'Heading 1', 'text': 'Recall Overview'}, {'style': 'Normal', 'text': 'In 2020, several VW Group vehicles were subject to safety recalls. The recalls covered issues ranging from airbag defects to engine problems.'}, {'style': 'Heading 2', 'text': 'Table with Borders'}, {'style': 'Heading 2', 'text': 'Table without Borders'}, {'style': 'Heading 1', 'text': 'Two-Column Section'}, {'style': 'Normal', 'text': 'Left Column: Audi A4 had 3 recalls in 2020 including airbag and brake issues.'}, {'style': 'Normal', 'text': 'Right Column: Volkswagen Golf had 2 recalls related to electrical systems.'}]","[{'table_index': 0, 'data': [['Make', 'Model', 'Year', 'Recalls'], ['Audi', 'A4', '2020', '3'], ['Volkswagen', 'Golf', '2020', '2'], ['Volkswagen', 'Passat', '2020', '3']]}, {'table_index': 1, 'data': [['Make', 'Model', 'Year', 'Recalls'], ['Audi', 'A4', '2020', '3'], ['Volkswagen', 'Golf', '2020', '2'], ['Volkswagen', 'Passat', '2020', '3']]}]",,,,,,,,,,,,,,,,,,,,,,,,,,,,,,,,,,,,,,,,
excel_extraction,2026-04-26 21:49:58.438,1.0,raw_recalls,,,,,automotive_data.xlsx,excel,/Users/elmedin.karisiksystemverification.com/Documents/private/Automotive-Industry-Tracker/data/raw/excel/automotive_data.xlsx,2026-04-26T21:49:58.399104,openpyxl,,,,"[{'sheet_name': 'Recall Summary', 'rows': [['Make', 'Model', 'Year', 'Recall Count', 'Affected Units', 'Total Cost (USD)'], ['Audi', 'A4', '2020', '3', '15000', '2500000'], ['Volkswagen', 'Golf', '2020', '2', '8200', '1200000'], ['Volkswagen', 'Passat', '2020', '3', '5100', '980000'], ['TOTAL', '', '', '=SUM(D2:D4)', '=SUM(E2:E4)', '=SUM(F2:F4)']]}, {'sheet_name': 'Component Details', 'rows': [['Component', 'Issue', 'Make', 'Model', 'Affected Units'], ['Airbag', 'Inflator rupture', 'Audi', 'A4', '15000'], ['Brakes', 'Brake fluid leak', 'Volkswagen', 'Golf', '8200'], ['Engine', 'Oil pressure loss', 'Volkswagen', 'Passat', '5100']]}]",,,,,,,,,,,,,,,,,,,,,,,,,,,,,,,,,,,,,,,
nhtsa_api,2026-04-26 21:50:01.564,1.0,raw_recalls,Audi,A4,2020.0,"[{'Manufacturer': 'Volkswagen Group of America, Inc.', 'NHTSACampaignNumber': '22V034000', 'parkIt': False, 'parkOutSide': False, 'overTheAirUpdate': False, 'ReportReceivedDate': '26/01/2022', 'Component': 'TIRES', 'Summary': 'Volkswagen Group of America, Inc. (Audi) is recalling certain 2019-2021 Audi A5 Sportback, RS5 Coupe, RS5 Sportback, S5 Sportback, 2020-2021 A4 Allroad, A4 Sedan, A5 Cabriolet, A5 Coupe, A6 Allroad, A6 Sedan, A7, A8, Q5, S4 Sedan, S5 Coupe, S5 Cabriolet, S6 Sedan, S7, S8, SQ5, 2021 Q5 Sportback, Q7, Q8, RS6 Avant, RS7, RSQ8, SQ5 Sportback, SQ7, and SQ8 vehicles.  The rear axle alignment may not have been inspected after the repairs for Recall 21V-295 (42L1) were performed.', 'Consequence': 'Rear axle misalignment may cause premature or uneven tire wear, increasing the risk of a crash.', 'Remedy': ""Dealers will inspect the rear axle, adjust the alignment as necessary, and replace any prematurely or unevenly worn tires, free of charge.  Owner notification letters were mailed March 3, 2022.  Owners may contact Audi customer service at 1-800-253-2834.  Audi's number for this recall is 42L5."", 'Notes': 'Owners may also contact the National Highway Traffic Safety Administration Vehicle Safety Hotline at 1-888-327-4236 (TTY 1-800-424-9153), or go to www.nhtsa.gov.', 'ModelYear': '2020', 'Make': 'AUDI', 'Model': 'A4'}, {'Manufacturer': 'Volkswagen Group of America, Inc.', 'NHTSACampaignNumber': '21V295000', 'parkIt': False, 'parkOutSide': False, 'overTheAirUpdate': False, 'ReportReceivedDate': '26/04/2021', 'Component': 'SUSPENSION:REAR:AXLE:NON-POWERED AXLE ASSEMBLY', 'Summary': 'Volkswagen Group of America, Inc. (Audi) is recalling certain 2021 Q7, Q8, Q5 Sportback, SQ5 Sportback, RS6 Avant, RS7, RS Q8, 2020-2021 Audi S6 sedan, Q5, A8, S8, A7, A6 Allroad, A5 Cabriolet, A4 sedan, A4 Allroad, SQ5, S7, A6 sedan, S5 coupe, S4 sedan, S5 Cabriolet, A5 coupe, 2019-2021 RS5 coupe, A5 Sportback, S5 Sportback, RS5 Sportback vehicles.  The lock nut on the trailing arm of the rear axle may break due to stress corrosion.', 'Consequence': 'A broken lock nut may misalign the rear axle, causing a loss of control and increasing the risk of a crash.', 'Remedy': ""Dealers will replace the lock nuts and, if necessary, the associated bolts, free of charge.  Owner notification letters were mailed June 4, 2021.  Owners may contact Audi customer service at 1-800-253-2834.  Audi's number for this recall is 42L1."", 'Notes': 'Owners may also contact the National Highway Traffic Safety Administration Vehicle Safety Hotline at 1-888-327-4236 (TTY 1-800-424-9153), or go to www.safercar.gov.', 'ModelYear': '2020', 'Make': 'AUDI', 'Model': 'A4'}, {'Manufacturer': 'Volkswagen Group of America, Inc.', 'NHTSACampaignNumber': '21V874000', 'parkIt': False, 'parkOutSide': False, 'overTheAirUpdate': False, 'ReportReceivedDate': '10/11/2021', 'Component': 'SEATS', 'Summary': 'Volkswagen Group of America, Inc. (Audi) is recalling certain 2017-2020 A4 Allroad, A4 Sedan, 2018-2019 RS5 Coupe, 2019 RS5 Sportback, 2018-2020 A5 Cabriolet, A5 Coupe, A5 Sportback, S4 Sedan, S5 Cabriolet, S5 Coupe, and Audi S5 Sportback vehicles.  The cable connecting the seat heater to the Passenger Occupant Detection System (PODS) may have a contact fault, causing the software to misdiagnose a malfunction and disable the passenger air bag.', 'Consequence': 'A disabled passenger air bag increases the risk of injury in the event of a crash.', 'Remedy': ""Dealers will replace the connecting cable and either the heating mat or entire seat cover, free of charge.  Owner notification letters were mailed January 7, 2022.  Owners may contact Audi customer service at 1-800-253-2834.  Audi's number for this recall is 74E3.  This recall is an expansion of Recall 19V-547 (74D9).  Vehicles previously repaired under 19V-547 will need to return for the new remedy."", 'Notes': 'Owners may also contact the National Highway Traffic Safety Administration Vehicle Safety Hotline at 1-888-327-4236 (TTY 1-800-424-9153), or go to www.nhtsa.gov.', 'ModelYear': '2020', 'Make': 'AUDI', 'Model': 'A4'}]",,,,,,,,,,,,,,,,,,,,,,,,,,,,,,,,,,,,,,,,,,,,,,,,
nhtsa_api,2026-04-26 21:50:01.573,1.0,raw_recalls,Volkswagen,Golf,2020.0,"[{'Manufacturer': 'Volkswagen Group of America, Inc.', 'NHTSACampaignNumber': '22V815000', 'parkIt': False, 'parkOutSide': False, 'overTheAirUpdate': False, 'ReportReceivedDate': '31/10/2022', 'Component': 'TIRES:PRESSURE MONITORING AND REGULATING SYSTEMS', 'Summary': 'Volkswagen Group of America, Inc. (Volkswagen) is recalling certain 2019 Volkswagen Tiguan LWB, Golf Sportswagen A7, Golf Alltrack, Golf R GP, Audi Q3, Audi A3 Cabriolet, 2019-2020 Jetta NF, Jetta GLI, Golf GTI, Atlas, Golf A7, Audi A3, 2020-2021 Atlas Cross Sport, and 2021 Atlas FL vehicles.  The tire pressure monitoring system may not detect an air pressure loss in adequate time when deflating occurs among all four tires simultaneously.  As such, these vehicles fail to comply with the requirements of Federal Motor Vehicle Safety Standard number 138, ""Tire Pressure Monitoring Systems.""', 'Consequence': 'An undetected sudden loss of pressure in all four tires increases the risk of a crash.', 'Remedy': ""Dealers will update the TPMS software, free of charge.  Owner notification letters were mailed November 18, 2022.  Owners may contact Volkswagen's customer service at 1-800-893-5298 or Audi\x92s customer service at 1-800-253-2834.  Volkswagen's numbers for this recall are (Audi) 45J7, and (VW) 45J6 and 45J8."", 'Notes': 'Owners may also contact the National Highway Traffic Safety Administration Vehicle Safety Hotline at 1-888-327-4236 (TTY 1-800-424-9153), or go to www.safercar.gov.', 'ModelYear': '2020', 'Make': 'VOLKSWAGEN', 'Model': 'GOLF'}, {'Manufacturer': 'Volkswagen Group of America, Inc.', 'NHTSACampaignNumber': '24V110000', 'parkIt': False, 'parkOutSide': False, 'overTheAirUpdate': False, 'NHTSAActionNumber': 'RQ23007', 'ReportReceivedDate': '14/02/2024', 'Component': 'FUEL SYSTEM, GASOLINE', 'Summary': 'Volkswagen Group of America, Inc. (Volkswagen) is recalling certain front-wheel drive 2015-2020 Audi A3 Sedan, 2015-2019 Audi A3 Cabriolet, 2019-2020 Volkswagen Jetta GLI, 2018 Golf Sportwagen GP, 2018-2019 Golf Sportwagen A7, 2015-2017 Golf Sportwagen, 2015-2020 Golf GTI, and 2015-2020 Golf A7 vehicles.  Due to a problem with a suction jet pump seal inside the fuel tank, fuel may flow into the evaporative emissions (EVAP) system and possibly leak out of the charcoal canister.', 'Consequence': 'A fuel leak in the presence of an ignition source increases the risk of a fire.', 'Remedy': ""Dealers will replace the suction pump, free of charge.  Final owner notification letters for Audi owners were mailed on July 25, 2024.  Final owner letters for VW owners were mailed on August 13, 2024.  Owners may contact Volkswagen customer service at 1-800-893-5298 or Audi customer service at 1-800-253-2834.  Volkswagen's numbers for this recall are VW: 20UF/Audi: 20YF.  Vehicles that were previously recalled under 16V-647 will need to have the new remedy completed.  This recall expands and replaces previous recall number 16V-647."", 'Notes': 'Owners may also contact the National Highway Traffic Safety Administration Vehicle Safety Hotline at 1-888-327-4236 (TTY 1-800-424-9153), or go to www.nhtsa.gov.', 'ModelYear': '2020', 'Make': 'VOLKSWAGEN', 'Model': 'GOLF'}]",,,,,,,,,,,,,,,,,,,,,,,,,,,,,,,,,,,,,,,,,,,,,,,,
nhtsa_api,2026-04-26 21:50:01.580,1.0,raw_recalls,Volkswagen,Passat,2020.0,"[{'Manufacturer': 'Volkswagen Group of America, Inc.', 'NHTSACampaignNumber': '19V389000', 'parkIt': False, 'parkOutSide': False, 'overTheAirUpdate': False, 'ReportReceivedDate': '22/05/2019', 'Component': 'EXTERIOR LIGHTING:HEADLIGHTS', 'Summary': 'Volkswagen Group of America, Inc. (Volkswagen) is recalling certain 2012-2020 Volkswagen Passat and 2018-2019 Atlas vehicles.  The blocking cap disabling the adjustment of the headlight\'s horizontal aim may not have been installed.  As such, these vehicles fail to conform to Federal Motor Vehicle Safety Standard (FMVSS) number 108, ""Lamps, Reflective Devices, and Associated Equipment.""', 'Consequence': 'Without the blocking cap, the headlight aim can be adjusted out of specification, reducing visibility and increasing the risk of a crash.', 'Remedy': ""Volkswagen will notify owners, and dealers will inspect and, as necessary, block the headlight horizontal adjustment, free of charge.  The recall began July 16, 2019.  Owners may contact Volkswagen customer service at 1-800-253-2834.  Volkswagen's number for this recall is 94L9."", 'Notes': 'Owners may also contact the National Highway Traffic Safety Administration Vehicle Safety Hotline at 1-888-327-4236 (TTY 1-800-424-9153), or go to www.safercar.gov.', 'ModelYear': '2020', 'Make': 'VOLKSWAGEN', 'Model': 'PASSAT'}, {'Manufacturer': 'Volkswagen Group of America, Inc.', 'NHTSACampaignNumber': '19V218000', 'parkIt': False, 'parkOutSide': False, 'overTheAirUpdate': False, 'ReportReceivedDate': '20/03/2019', 'Component': 'AIR BAGS:SIDE/WINDOW', 'Summary': 'Volkswagen Group of America, Inc. (Volkswagen) is recalling certain 2019 Atlas and 2020 Passat vehicles.  An incorrect driver and/or front passenger side impact air bag may have been installed.', 'Consequence': 'In an event of a side impact crash, an incorrect side airbag may not deploy as intended, increasing the risk of injury.', 'Remedy': ""Volkswagen has inspected and replaced the side air bags, free of charge.  The recall was completed in April 2019.  Owners may contact Volkswagen customer service at 1-800-893-5298.  Volkswagen's number for this recall is 69Y8."", 'Notes': 'Owners may also contact the National Highway Traffic Safety Administration Vehicle Safety Hotline at 1-888-327-4236 (TTY 1-800-424-9153), or go to www.safercar.gov.', 'ModelYear': '2020', 'Make': 'VOLKSWAGEN', 'Model': 'PASSAT'}, {'Manufacturer': 'Volkswagen Group of America, Inc.', 'NHTSACampaignNumber': '20V533000', 'parkIt': False, 'parkOutSide': False, 'overTheAirUpdate': False, 'ReportReceivedDate': '02/09/2020', 'Component': 'AIR BAGS:PASSENGER SIDE FRONTAL:CUSHION', 'Summary': 'Volkswagen Group of America, Inc. (Volkswagen) is recalling certain 2020 Passat vehicles.  The passenger frontal air bag may have been folded incorrectly affecting its deployment force.  As such, these vehicles fail to comply with the requirements of Federal Motor Vehicle Safety Standard number 208, ""Occupant Crash Protection.""', 'Consequence': 'An incorrectly folded air bag can deploy with too much force, increasing the risk of injury.', 'Remedy': ""Volkswagen will notify owners, and dealers will replace the passenger frontal air bag, free of charge.  The recall began October 14, 2020.  Owners may contact Volkswagen customer service at 1-888-241-2289.  Volkswagen's number for this recall is 69AY."", 'Notes': 'Owners may also contact the National Highway Traffic Safety Administration Vehicle Safety Hotline at 1-888-327-4236 (TTY 1-800-424-9153), or go to www.safercar.gov.', 'ModelYear': '2020', 'Make': 'VOLKSWAGEN', 'Model': 'PASSAT'}]",,,,,,,,,,,,,,,,,,,,,,,,,,,,,,,,,,,,,,,,,,,,,,,,
pdf_extraction,2026-04-26 21:50:01.617,1.0,raw_recalls,,,,,automotive_report_twocolumn.pdf,pdf,/Users/elmedin.karisiksystemverification.com/Documents/private/Automotive-Industry-Tracker/data/raw/pdf/automotive_report_twocolumn.pdf,2026-04-26T21:50:01.585683,pdfplumber,"[{'page_number': 1, 'text': 'Automotive Two-Column Report\nAudi A4 Recalls Volkswagen Golf Recalls\nThe Audi A4 2020 had 3 recalls related to airbag, The Volkswagen Golf 2020 had 2 recalls related to\nbrake, and engine issues reported to NHTSA. electrical systems and fuel systems.\nComponent Recall Details (with borders)\nComponent Issue Affected Units\nAirbag Inflator rupture 15,000\nBrakes Brake fluid leak 8,200\nEngine Oil pressure loss 5,100\nComponent Recall Details (without borders)\nComponent Issue Affected Units\nAirbag Inflator rupture 15,000\nBrakes Brake fluid leak 8,200\nEngine Oil pressure loss 5,100', 'tables': [[['Component', 'Issue', 'Affected Units'], ['Airbag', 'Inflator rupture', '15,000'], ['Brakes', 'Brake fluid leak', '8,200'], ['Engine', 'Oil pressure loss', '5,100']]]}]",,,,,,,,,,,,,,,,,,,,,,,,,,,,,,,,,,,,,,,,,,
pdf_extraction,2026-04-26 21:50:01.641,1.0,raw_recalls,,,,,automotive_report_normal.pdf,pdf,/Users/elmedin.karisiksystemverification.com/Documents/private/Automotive-Industry-Tracker/data/raw/pdf/automotive_report_normal.pdf,2026-04-26T21:50:01.620891,pdfplumber,"[{'page_number': 1, 'text': 'Automotive Industry Recall Report 2020\nIntroduction\nThis report provides an overview of vehicle recalls issued in 2020 for major automotive brands including\nAudi, Volkswagen, and Skoda. Data sourced from NHTSA.\nRecall Summary Table (with borders)\nMake Model Year Recalls\nAudi A4 2020 3\nVolkswagen Golf 2020 2\nVolkswagen Passat 2020 3\nRecall Summary Table (without borders)\nMake Model Year Recalls\nAudi A4 2020 3\nVolkswagen Golf 2020 2\nVolkswagen Passat 2020 3', 'tables': [[['Make', 'Model', 'Year', 'Recalls'], ['Audi', 'A4', '2020', '3'], ['Volkswagen', 'Golf', '2020', '2'], ['Volkswagen', 'Passat', '2020', '3']]]}]",,,,,,,,,,,,,,,,,,,,,,,,,,,,,,,,,,,,,,,,,,
word_extraction,2026-04-26 21:50:01.845,1.0,raw_recalls,,,,,automotive_report.docx,word,/Users/elmedin.karisiksystemverification.com/Documents/private/Automotive-Industry-Tracker/data/raw/word/automotive_report.docx,2026-04-26T21:50:01.645485,python-docx,,"[{'style': 'Title', 'text': 'Automotive Industry Recall Report 2020'}, {'style': 'Normal', 'text': 'This report provides an overview of vehicle recalls issued in 2020. Data sourced from NHTSA database covering major VW Group vehicles.'}, {'style': 'Heading 1', 'text': 'Recall Overview'}, {'style': 'Normal', 'text': 'In 2020, several VW Group vehicles were subject to safety recalls. The recalls covered issues ranging from airbag defects to engine problems.'}, {'style': 'Heading 2', 'text': 'Table with Borders'}, {'style': 'Heading 2', 'text': 'Table without Borders'}, {'style': 'Heading 1', 'text': 'Two-Column Section'}, {'style': 'Normal', 'text': 'Left Column: Audi A4 had 3 recalls in 2020 including airbag and brake issues.'}, {'style': 'Normal', 'text': 'Right Column: Volkswagen Golf had 2 recalls related to electrical systems.'}]","[{'table_index': 0, 'data': [['Make', 'Model', 'Year', 'Recalls'], ['Audi', 'A4', '2020', '3'], ['Volkswagen', 'Golf', '2020', '2'], ['Volkswagen', 'Passat', '2020', '3']]}, {'table_index': 1, 'data': [['Make', 'Model', 'Year', 'Recalls'], ['Audi', 'A4', '2020', '3'], ['Volkswagen', 'Golf', '2020', '2'], ['Volkswagen', 'Passat', '2020', '3']]}]",,,,,,,,,,,,,,,,,,,,,,,,,,,,,,,,,,,,,,,,
excel_extraction,2026-04-26 21:50:01.884,1.0,raw_recalls,,,,,automotive_data.xlsx,excel,/Users/elmedin.karisiksystemverification.com/Documents/private/Automotive-Industry-Tracker/data/raw/excel/automotive_data.xlsx,2026-04-26T21:50:01.850629,openpyxl,,,,"[{'sheet_name': 'Recall Summary', 'rows': [['Make', 'Model', 'Year', 'Recall Count', 'Affected Units', 'Total Cost (USD)'], ['Audi', 'A4', '2020', '3', '15000', '2500000'], ['Volkswagen', 'Golf', '2020', '2', '8200', '1200000'], ['Volkswagen', 'Passat', '2020', '3', '5100', '980000'], ['TOTAL', '', '', '=SUM(D2:D4)', '=SUM(E2:E4)', '=SUM(F2:F4)']]}, {'sheet_name': 'Component Details', 'rows': [['Component', 'Issue', 'Make', 'Model', 'Affected Units'], ['Airbag', 'Inflator rupture', 'Audi', 'A4', '15000'], ['Brakes', 'Brake fluid leak', 'Volkswagen', 'Golf', '8200'], ['Engine', 'Oil pressure loss', 'Volkswagen', 'Passat', '5100']]}]",,,,,,,,,,,,,,,,,,,,,,,,,,,,,,,,,,,,,,,
web_scraping,2026-04-26 21:50:01.898,1.0,raw_recalls,,,,,,,local_html/page_1.html,,,,,,,2026-04-26T21:50:01.893738,,,,Audi A4 2020,"Luxury sedan with 2.0L TFSI engine, 190hp. Known for premium interior and advanced driver assistance.","$39,900",/cars/audi-a4-2020,1.0,,,,,,,,,,,,,,,,,,,,,,,,,,,,,,
web_scraping,2026-04-26 21:50:01.905,1.0,raw_recalls,,,,,,,local_html/page_1.html,,,,,,,2026-04-26T21:50:01.893891,,,,Audi A4 2019,Previous generation A4 with quattro all-wheel drive. Excellent safety ratings from NHTSA.,"$36,500",/cars/audi-a4-2019,1.0,,,,,,,,,,,,,,,,,,,,,,,,,,,,,,
web_scraping,2026-04-26 21:50:01.909,1.0,raw_recalls,,,,,,,local_html/page_1.html,,,,,,,2026-04-26T21:50:01.894014,,,,Audi A4 2018,Reliable executive sedan. NHTSA recall issued for airbag inflator replacement.,"$33,200",/cars/audi-a4-2018,1.0,,,,,,,,,,,,,,,,,,,,,,,,,,,,,,
web_scraping,2026-04-26 21:50:01.914,1.0,raw_recalls,,,,,,,local_html/page_2.html,,,,,,,2026-04-26T21:50:01.894800,,,,Volkswagen Golf 2020,Compact hatchback with 1.4L TSI engine. Popular choice in European markets.,"$23,195",/cars/volkswagen-golf-2020,2.0,,,,,,,,,,,,,,,,,,,,,,,,,,,,,,
web_scraping,2026-04-26 21:50:01.917,1.0,raw_recalls,,,,,,,local_html/page_2.html,,,,,,,2026-04-26T21:50:01.894932,,,,Volkswagen Golf 2019,"Award-winning hatchback. NHTSA recall for brake system defect affecting 8,200 units.","$21,500",/cars/volkswagen-golf-2019,2.0,,,,,,,,,,,,,,,,,,,,,,,,,,,,,,
web_scraping,2026-04-26 21:50:01.921,1.0,raw_recalls,,,,,,,local_html/page_2.html,,,,,,,2026-04-26T21:50:01.895055,,,,Volkswagen Golf GTI 2020,Performance variant with 228hp turbocharged engine and sport suspension.,"$29,995",/cars/volkswagen-golf-gti-2020,2.0,,,,,,,,,,,,,,,,,,,,,,,,,,,,,,
web_scraping,2026-04-26 21:50:01.924,1.0,raw_recalls,,,,,,,local_html/page_3.html,,,,,,,2026-04-26T21:50:01.895750,,,,Volkswagen Passat 2020,Midsize sedan with spacious interior. NHTSA recall for fuel pump defect.,"$24,990",/cars/volkswagen-passat-2020,3.0,,,,,,,,,,,,,,,,,,,,,,,,,,,,,,
web_scraping,2026-04-26 21:50:01.928,1.0,raw_recalls,,,,,,,local_html/page_3.html,,,,,,,2026-04-26T21:50:01.895875,,,,Volkswagen Passat 2019,Business-class sedan with advanced connectivity features and comfort.,"$22,800",/cars/volkswagen-passat-2019,3.0,,,,,,,,,,,,,,,,,,,,,,,,,,,,,,
web_scraping,2026-04-26 21:50:01.932,1.0,raw_recalls,,,,,,,local_html/page_3.html,,,,,,,2026-04-26T21:50:01.895997,,,,Skoda Octavia 2020,Czech-made sedan offering exceptional value. Part of VW Group platform.,"$19,990",/cars/skoda-octavia-2020,3.0,,,,,,,,,,,,,,,,,,,,,,,,,,,,,,
dynamic_scraping,2026-04-26 21:50:03.651,1.0,raw_recalls,Audi,A4,2020.0,"[{'Manufacturer': 'Volkswagen Group of America, Inc.', 'NHTSACampaignNumber': '22V034000', 'parkIt': False, 'parkOutSide': False, 'overTheAirUpdate': False, 'ReportReceivedDate': '26/01/2022', 'Component': 'TIRES', 'Summary': 'Volkswagen Group of America, Inc. (Audi) is recalling certain 2019-2021 Audi A5 Sportback, RS5 Coupe, RS5 Sportback, S5 Sportback, 2020-2021 A4 Allroad, A4 Sedan, A5 Cabriolet, A5 Coupe, A6 Allroad, A6 Sedan, A7, A8, Q5, S4 Sedan, S5 Coupe, S5 Cabriolet, S6 Sedan, S7, S8, SQ5, 2021 Q5 Sportback, Q7, Q8, RS6 Avant, RS7, RSQ8, SQ5 Sportback, SQ7, and SQ8 vehicles.  The rear axle alignment may not have been inspected after the repairs for Recall 21V-295 (42L1) were performed.', 'Consequence': 'Rear axle misalignment may cause premature or uneven tire wear, increasing the risk of a crash.', 'Remedy': ""Dealers will inspect the rear axle, adjust the alignment as necessary, and replace any prematurely or unevenly worn tires, free of charge.  Owner notification letters were mailed March 3, 2022.  Owners may contact Audi customer service at 1-800-253-2834.  Audi's number for this recall is 42L5."", 'Notes': 'Owners may also contact the National Highway Traffic Safety Administration Vehicle Safety Hotline at 1-888-327-4236 (TTY 1-800-424-9153), or go to www.nhtsa.gov.', 'ModelYear': '2020', 'Make': 'AUDI', 'Model': 'A4'}, {'Manufacturer': 'Volkswagen Group of America, Inc.', 'NHTSACampaignNumber': '21V295000', 'parkIt': False, 'parkOutSide': False, 'overTheAirUpdate': False, 'ReportReceivedDate': '26/04/2021', 'Component': 'SUSPENSION:REAR:AXLE:NON-POWERED AXLE ASSEMBLY', 'Summary': 'Volkswagen Group of America, Inc. (Audi) is recalling certain 2021 Q7, Q8, Q5 Sportback, SQ5 Sportback, RS6 Avant, RS7, RS Q8, 2020-2021 Audi S6 sedan, Q5, A8, S8, A7, A6 Allroad, A5 Cabriolet, A4 sedan, A4 Allroad, SQ5, S7, A6 sedan, S5 coupe, S4 sedan, S5 Cabriolet, A5 coupe, 2019-2021 RS5 coupe, A5 Sportback, S5 Sportback, RS5 Sportback vehicles.  The lock nut on the trailing arm of the rear axle may break due to stress corrosion.', 'Consequence': 'A broken lock nut may misalign the rear axle, causing a loss of control and increasing the risk of a crash.', 'Remedy': ""Dealers will replace the lock nuts and, if necessary, the associated bolts, free of charge.  Owner notification letters were mailed June 4, 2021.  Owners may contact Audi customer service at 1-800-253-2834.  Audi's number for this recall is 42L1."", 'Notes': 'Owners may also contact the National Highway Traffic Safety Administration Vehicle Safety Hotline at 1-888-327-4236 (TTY 1-800-424-9153), or go to www.safercar.gov.', 'ModelYear': '2020', 'Make': 'AUDI', 'Model': 'A4'}, {'Manufacturer': 'Volkswagen Group of America, Inc.', 'NHTSACampaignNumber': '21V874000', 'parkIt': False, 'parkOutSide': False, 'overTheAirUpdate': False, 'ReportReceivedDate': '10/11/2021', 'Component': 'SEATS', 'Summary': 'Volkswagen Group of America, Inc. (Audi) is recalling certain 2017-2020 A4 Allroad, A4 Sedan, 2018-2019 RS5 Coupe, 2019 RS5 Sportback, 2018-2020 A5 Cabriolet, A5 Coupe, A5 Sportback, S4 Sedan, S5 Cabriolet, S5 Coupe, and Audi S5 Sportback vehicles.  The cable connecting the seat heater to the Passenger Occupant Detection System (PODS) may have a contact fault, causing the software to misdiagnose a malfunction and disable the passenger air bag.', 'Consequence': 'A disabled passenger air bag increases the risk of injury in the event of a crash.', 'Remedy': ""Dealers will replace the connecting cable and either the heating mat or entire seat cover, free of charge.  Owner notification letters were mailed January 7, 2022.  Owners may contact Audi customer service at 1-800-253-2834.  Audi's number for this recall is 74E3.  This recall is an expansion of Recall 19V-547 (74D9).  Vehicles previously repaired under 19V-547 will need to return for the new remedy."", 'Notes': 'Owners may also contact the National Highway Traffic Safety Administration Vehicle Safety Hotline at 1-888-327-4236 (TTY 1-800-424-9153), or go to www.nhtsa.gov.', 'ModelYear': '2020', 'Make': 'AUDI', 'Model': 'A4'}]",,,https://api.nhtsa.gov/recalls/recallsByVehicle?make=Audi&model=A4&modelYear=2020,,,,,,,2026-04-26T21:50:03.644467,json_api,,,,,,,,,,,,,,,,,,,,,,,,,,,,,,,,,,,,,
dynamic_scraping,2026-04-26 21:50:05.423,1.0,raw_recalls,Volkswagen,Golf,2020.0,"[{'Manufacturer': 'Volkswagen Group of America, Inc.', 'NHTSACampaignNumber': '22V815000', 'parkIt': False, 'parkOutSide': False, 'overTheAirUpdate': False, 'ReportReceivedDate': '31/10/2022', 'Component': 'TIRES:PRESSURE MONITORING AND REGULATING SYSTEMS', 'Summary': 'Volkswagen Group of America, Inc. (Volkswagen) is recalling certain 2019 Volkswagen Tiguan LWB, Golf Sportswagen A7, Golf Alltrack, Golf R GP, Audi Q3, Audi A3 Cabriolet, 2019-2020 Jetta NF, Jetta GLI, Golf GTI, Atlas, Golf A7, Audi A3, 2020-2021 Atlas Cross Sport, and 2021 Atlas FL vehicles.  The tire pressure monitoring system may not detect an air pressure loss in adequate time when deflating occurs among all four tires simultaneously.  As such, these vehicles fail to comply with the requirements of Federal Motor Vehicle Safety Standard number 138, ""Tire Pressure Monitoring Systems.""', 'Consequence': 'An undetected sudden loss of pressure in all four tires increases the risk of a crash.', 'Remedy': ""Dealers will update the TPMS software, free of charge.  Owner notification letters were mailed November 18, 2022.  Owners may contact Volkswagen's customer service at 1-800-893-5298 or Audi\x92s customer service at 1-800-253-2834.  Volkswagen's numbers for this recall are (Audi) 45J7, and (VW) 45J6 and 45J8."", 'Notes': 'Owners may also contact the National Highway Traffic Safety Administration Vehicle Safety Hotline at 1-888-327-4236 (TTY 1-800-424-9153), or go to www.safercar.gov.', 'ModelYear': '2020', 'Make': 'VOLKSWAGEN', 'Model': 'GOLF'}, {'Manufacturer': 'Volkswagen Group of America, Inc.', 'NHTSACampaignNumber': '24V110000', 'parkIt': False, 'parkOutSide': False, 'overTheAirUpdate': False, 'NHTSAActionNumber': 'RQ23007', 'ReportReceivedDate': '14/02/2024', 'Component': 'FUEL SYSTEM, GASOLINE', 'Summary': 'Volkswagen Group of America, Inc. (Volkswagen) is recalling certain front-wheel drive 2015-2020 Audi A3 Sedan, 2015-2019 Audi A3 Cabriolet, 2019-2020 Volkswagen Jetta GLI, 2018 Golf Sportwagen GP, 2018-2019 Golf Sportwagen A7, 2015-2017 Golf Sportwagen, 2015-2020 Golf GTI, and 2015-2020 Golf A7 vehicles.  Due to a problem with a suction jet pump seal inside the fuel tank, fuel may flow into the evaporative emissions (EVAP) system and possibly leak out of the charcoal canister.', 'Consequence': 'A fuel leak in the presence of an ignition source increases the risk of a fire.', 'Remedy': ""Dealers will replace the suction pump, free of charge.  Final owner notification letters for Audi owners were mailed on July 25, 2024.  Final owner letters for VW owners were mailed on August 13, 2024.  Owners may contact Volkswagen customer service at 1-800-893-5298 or Audi customer service at 1-800-253-2834.  Volkswagen's numbers for this recall are VW: 20UF/Audi: 20YF.  Vehicles that were previously recalled under 16V-647 will need to have the new remedy completed.  This recall expands and replaces previous recall number 16V-647."", 'Notes': 'Owners may also contact the National Highway Traffic Safety Administration Vehicle Safety Hotline at 1-888-327-4236 (TTY 1-800-424-9153), or go to www.nhtsa.gov.', 'ModelYear': '2020', 'Make': 'VOLKSWAGEN', 'Model': 'GOLF'}]",,,https://api.nhtsa.gov/recalls/recallsByVehicle?make=Volkswagen&model=Golf&modelYear=2020,,,,,,,2026-04-26T21:50:05.420760,json_api,,,,,,,,,,,,,,,,,,,,,,,,,,,,,,,,,,,,,
dynamic_scraping,2026-04-26 21:50:07.150,1.0,raw_recalls,Volkswagen,Passat,2020.0,"[{'Manufacturer': 'Volkswagen Group of America, Inc.', 'NHTSACampaignNumber': '19V389000', 'parkIt': False, 'parkOutSide': False, 'overTheAirUpdate': False, 'ReportReceivedDate': '22/05/2019', 'Component': 'EXTERIOR LIGHTING:HEADLIGHTS', 'Summary': 'Volkswagen Group of America, Inc. (Volkswagen) is recalling certain 2012-2020 Volkswagen Passat and 2018-2019 Atlas vehicles.  The blocking cap disabling the adjustment of the headlight\'s horizontal aim may not have been installed.  As such, these vehicles fail to conform to Federal Motor Vehicle Safety Standard (FMVSS) number 108, ""Lamps, Reflective Devices, and Associated Equipment.""', 'Consequence': 'Without the blocking cap, the headlight aim can be adjusted out of specification, reducing visibility and increasing the risk of a crash.', 'Remedy': ""Volkswagen will notify owners, and dealers will inspect and, as necessary, block the headlight horizontal adjustment, free of charge.  The recall began July 16, 2019.  Owners may contact Volkswagen customer service at 1-800-253-2834.  Volkswagen's number for this recall is 94L9."", 'Notes': 'Owners may also contact the National Highway Traffic Safety Administration Vehicle Safety Hotline at 1-888-327-4236 (TTY 1-800-424-9153), or go to www.safercar.gov.', 'ModelYear': '2020', 'Make': 'VOLKSWAGEN', 'Model': 'PASSAT'}, {'Manufacturer': 'Volkswagen Group of America, Inc.', 'NHTSACampaignNumber': '19V218000', 'parkIt': False, 'parkOutSide': False, 'overTheAirUpdate': False, 'ReportReceivedDate': '20/03/2019', 'Component': 'AIR BAGS:SIDE/WINDOW', 'Summary': 'Volkswagen Group of America, Inc. (Volkswagen) is recalling certain 2019 Atlas and 2020 Passat vehicles.  An incorrect driver and/or front passenger side impact air bag may have been installed.', 'Consequence': 'In an event of a side impact crash, an incorrect side airbag may not deploy as intended, increasing the risk of injury.', 'Remedy': ""Volkswagen has inspected and replaced the side air bags, free of charge.  The recall was completed in April 2019.  Owners may contact Volkswagen customer service at 1-800-893-5298.  Volkswagen's number for this recall is 69Y8."", 'Notes': 'Owners may also contact the National Highway Traffic Safety Administration Vehicle Safety Hotline at 1-888-327-4236 (TTY 1-800-424-9153), or go to www.safercar.gov.', 'ModelYear': '2020', 'Make': 'VOLKSWAGEN', 'Model': 'PASSAT'}, {'Manufacturer': 'Volkswagen Group of America, Inc.', 'NHTSACampaignNumber': '20V533000', 'parkIt': False, 'parkOutSide': False, 'overTheAirUpdate': False, 'ReportReceivedDate': '02/09/2020', 'Component': 'AIR BAGS:PASSENGER SIDE FRONTAL:CUSHION', 'Summary': 'Volkswagen Group of America, Inc. (Volkswagen) is recalling certain 2020 Passat vehicles.  The passenger frontal air bag may have been folded incorrectly affecting its deployment force.  As such, these vehicles fail to comply with the requirements of Federal Motor Vehicle Safety Standard number 208, ""Occupant Crash Protection.""', 'Consequence': 'An incorrectly folded air bag can deploy with too much force, increasing the risk of injury.', 'Remedy': ""Volkswagen will notify owners, and dealers will replace the passenger frontal air bag, free of charge.  The recall began October 14, 2020.  Owners may contact Volkswagen customer service at 1-888-241-2289.  Volkswagen's number for this recall is 69AY."", 'Notes': 'Owners may also contact the National Highway Traffic Safety Administration Vehicle Safety Hotline at 1-888-327-4236 (TTY 1-800-424-9153), or go to www.safercar.gov.', 'ModelYear': '2020', 'Make': 'VOLKSWAGEN', 'Model': 'PASSAT'}]",,,https://api.nhtsa.gov/recalls/recallsByVehicle?make=Volkswagen&model=Passat&modelYear=2020,,,,,,,2026-04-26T21:50:07.148519,json_api,,,,,,,,,,,,,,,,,,,,,,,,,,,,,,,,,,,,,
selenium_scraping,2026-04-26 21:50:11.617,1.0,raw_recalls,,,,,,,https://www.wikipedia.org/wiki/Audi,,,,,,,2026-04-26T21:50:11.533238,selenium,,,Audi - Wikipedia,,,,,"Audi AG[a] is a German automotive manufacturer of luxury vehicles headquartered in Ingolstadt, Bavaria, Germany. As a wholly owned subsidiary of the Volkswagen Group, Audi produces vehicles in nine production facilities worldwide. The origins of the company are complex, dating back to the early 20th century and the initial enterprises (Horch and the Audiwerke) founded by engineer August Horch. Two other manufacturers (DKW and Wanderer) also contributed to the foundation of Auto Union in 1932. The modern Audi era began in the 1960s, when Auto Union was acquired by Volkswagen from Daimler-Benz.[7] Volkswagen relaunched the Audi brand with the 1965 introduction of the Audi F103 series, and merged Auto Union with NSU Motorenwerke in 1969, thus creating the present-day form of the company.",,,,,,,,,,,,,,,,,,,,,,,,,,,,,
ocr_image,2026-04-26 21:50:11.884,1.0,raw_recalls,,,,,audi_a4.jpg,image_ocr,/Users/elmedin.karisiksystemverification.com/Documents/private/Automotive-Industry-Tracker/data/raw/images/audi_a4.jpg,2026-04-26T21:50:11.880001,pytesseract,,,,,,,,"i mH I ui Le

",,,,,,,,,,,,,,,,,,,,,,,,,,,,,,,,,,,
ocr_image,2026-04-26 21:50:12.103,1.0,raw_recalls,,,,,volkswagen_golf.jpg,image_ocr,/Users/elmedin.karisiksystemverification.com/Documents/private/Automotive-Industry-Tracker/data/raw/images/volkswagen_golf.jpg,2026-04-26T21:50:12.102218,pytesseract,,,,,,,,,,,,,,,,,,,,,,,,,,,,,,,,,,,,,,,,,,,
ocr_image,2026-04-26 21:50:12.313,1.0,raw_recalls,,,,,volkswagen_id4.jpg,image_ocr,/Users/elmedin.karisiksystemverification.com/Documents/private/Automotive-Industry-Tracker/data/raw/images/volkswagen_id4.jpg,2026-04-26T21:50:12.312635,pytesseract,,,,,,,,,,,,,,,,,,,,,,,,,,,,,,,,,,,,,,,,,,,
ocr_image,2026-04-26 21:50:13.483,1.0,raw_recalls,,,,,test_scan.png,image_ocr,/Users/elmedin.karisiksystemverification.com/Documents/private/Automotive-Industry-Tracker/data/raw/images/test_scan.png,2026-04-26T21:50:13.482117,pytesseract,,,,,,,"The 2022 Audi RS6 Avant is a high-performance wagon that combines supercar power with everyday practicality. Under the hood, it boasts a 4.0-liter twin-turbocharged V8 engine
producing 591 horsepower and 590 Ib-ft of torque, enabling a 0-60 mph time of just 3.5 seconds. Equipped with Audi's Quattro all-wheel-drive system, adaptive air suspension, and dynamic
Steering, the RS6 delivers exceptional handling and comfort. Its aggressive design features wide fenders, a black honeycomb grille, and large oval exhaust tips, giving it a commanding
Toad presence, With a luxurious, tech-filled interior and ample cargo space, the RSG Avant is the ultimate blend of performance, luxury, and practicality.

Engine: 4.01 V8 Top speed: 190mph
Power: 591bhp 0-60: 31sec
Torque: 799nm Year: 2022
Weight: 2,282kg Country: German
","Cnnr RS6

The 2022 Audi RSG Avant is a high-performance wagon that combines supercar power with everyday practicality. Under the hood, it boasts a 4.0-liter twin-turbocharged V8 engine
producing 591 horsepower and 590 Ib-ft of torque, enabling a 0-60 mph time of just 3.5 seconds. Equipped with Audi's Quattro all-wheel-drive system, adaptive air suspension, and dynamic
steering, the RSG delivers exceptional handling and comfort. Its aggressive design features wide fenders, a black honeycomb grille, and large oval exhaust tips, giving it a commanding
road presence, With a luxurious, tech-filled interior and ample cargo space, the RS6 Avant is the ultimate blend of performance, luxury, and practicality.

Engine: 4.01 V8 Top speed: 190mph
Power: 591bhp 0-60: 31sec
Torque: 799nm Year: 2022
Weight: 2,282kg Country: German

",,,,,,,,,,,,,,,,,,,,,,,,,,,,,,,,,,,
ocr_image,2026-04-26 21:50:13.713,1.0,raw_recalls,,,,,volkswagen_passat.jpg,image_ocr,/Users/elmedin.karisiksystemverification.com/Documents/private/Automotive-Industry-Tracker/data/raw/images/volkswagen_passat.jpg,2026-04-26T21:50:13.712126,pytesseract,,,,,,,,"| it i i

",,,,,,,,,,,,,,,,,,,,,,,,,,,,,,,,,,,
ocr_scanned_pdf,2026-04-26 21:50:14.194,1.0,raw_recalls,,,,,scanned_report.pdf,scanned_pdf_ocr,/Users/elmedin.karisiksystemverification.com/Documents/private/Automotive-Industry-Tracker/data/raw/scanned/scanned_report.pdf,2026-04-26T21:50:14.193575,pytesseract+pdf2image,"[{'page_number': 1, 'text': 'Automotive Industry Recall Report 2020\n\nIntroduction\n\nThis report provides an overview of vehicle recalls issued in 2020 for major automotive brands including\nAudi, Volkswagen, and Skoda. Data sourced from NHTSA.\n\nRecall Summary Table (with borders)\n\nMake Model | Year | Recalls\n\nRecall Summary Table (without borders)\nMake Model Year Recalls\nAudi A4 2020 3\nVolkswagen Golf 2020 2\nVolkswagen Passat 2020 3\n\n'}]",,,,,,,,,,,,,,,,,,,,,,,,,,,,,,,,,,,,,,,,,,
image_processing,2026-04-26 21:50:14.798,1.0,raw_recalls,,,,,audi_a4.jpg,,vehicle_image,,,,,,,,automotive,,,,,,,,,/Users/elmedin.karisiksystemverification.com/Documents/private/Automotive-Industry-Tracker/data/raw/images/audi_a4.jpg,/Users/elmedin.karisiksystemverification.com/Documents/private/Automotive-Industry-Tracker/data/processed/resized/audi_a4_resized.jpg,/Users/elmedin.karisiksystemverification.com/Documents/private/Automotive-Industry-Tracker/data/processed/thumbnails/audi_a4_thumb.jpg,/Users/elmedin.karisiksystemverification.com/Documents/private/Automotive-Industry-Tracker/data/processed/webp/audi_a4.webp,JPEG,RGB,960.0,500.0,157.31,audi_a4.jpg,Unknown,Unknown,Unknown,Unknown,Unknown,Unknown,Unknown,Unknown,No GPS data,2026-04-26T21:50:14.794001,2026-04-26T21:50:14.794054,,,,,,,,
image_processing,2026-04-26 21:50:14.930,1.0,raw_recalls,,,,,volkswagen_golf.jpg,,vehicle_image,,,,,,,,automotive,,,,,,,,,/Users/elmedin.karisiksystemverification.com/Documents/private/Automotive-Industry-Tracker/data/raw/images/volkswagen_golf.jpg,/Users/elmedin.karisiksystemverification.com/Documents/private/Automotive-Industry-Tracker/data/processed/resized/volkswagen_golf_resized.jpg,/Users/elmedin.karisiksystemverification.com/Documents/private/Automotive-Industry-Tracker/data/processed/thumbnails/volkswagen_golf_thumb.jpg,/Users/elmedin.karisiksystemverification.com/Documents/private/Automotive-Industry-Tracker/data/processed/webp/volkswagen_golf.webp,JPEG,RGB,960.0,490.0,121.7,volkswagen_golf.jpg,Unknown,Unknown,Unknown,Unknown,Unknown,Unknown,Unknown,Unknown,No GPS data,2026-04-26T21:50:14.929790,2026-04-26T21:50:14.929830,,,,,,,,
image_processing,2026-04-26 21:50:15.071,1.0,raw_recalls,,,,,volkswagen_id4.jpg,,vehicle_image,,,,,,,,automotive,,,,,,,,,/Users/elmedin.karisiksystemverification.com/Documents/private/Automotive-Industry-Tracker/data/raw/images/volkswagen_id4.jpg,/Users/elmedin.karisiksystemverification.com/Documents/private/Automotive-Industry-Tracker/data/processed/resized/volkswagen_id4_resized.jpg,/Users/elmedin.karisiksystemverification.com/Documents/private/Automotive-Industry-Tracker/data/processed/thumbnails/volkswagen_id4_thumb.jpg,/Users/elmedin.karisiksystemverification.com/Documents/private/Automotive-Industry-Tracker/data/processed/webp/volkswagen_id4.webp,JPEG,RGB,960.0,533.0,131.99,volkswagen_id4.jpg,Unknown,Unknown,Unknown,Unknown,Unknown,Unknown,Unknown,Unknown,No GPS data,2026-04-26T21:50:15.071046,2026-04-26T21:50:15.071090,,,,,,,,
image_processing,2026-04-26 21:50:16.516,1.0,raw_recalls,,,,,test_scan.png,,vehicle_image,,,,,,,,automotive,,,,,,,,,/Users/elmedin.karisiksystemverification.com/Documents/private/Automotive-Industry-Tracker/data/raw/images/test_scan.png,/Users/elmedin.karisiksystemverification.com/Documents/private/Automotive-Industry-Tracker/data/processed/resized/test_scan_resized.png,/Users/elmedin.karisiksystemverification.com/Documents/private/Automotive-Industry-Tracker/data/processed/thumbnails/test_scan_thumb.png,/Users/elmedin.karisiksystemverification.com/Documents/private/Automotive-Industry-Tracker/data/processed/webp/test_scan.webp,WEBP,RGBA,1946.0,1946.0,117.6,test_scan.png,Unknown,Unknown,Unknown,Unknown,Unknown,Unknown,Unknown,1,No GPS data,2026-04-26T21:50:16.515924,2026-04-26T21:50:16.515962,,,,,,,,
image_processing,2026-04-26 21:50:16.652,1.0,raw_recalls,,,,,volkswagen_passat.jpg,,vehicle_image,,,,,,,,automotive,,,,,,,,,/Users/elmedin.karisiksystemverification.com/Documents/private/Automotive-Industry-Tracker/data/raw/images/volkswagen_passat.jpg,/Users/elmedin.karisiksystemverification.com/Documents/private/Automotive-Industry-Tracker/data/processed/resized/volkswagen_passat_resized.jpg,/Users/elmedin.karisiksystemverification.com/Documents/private/Automotive-Industry-Tracker/data/processed/thumbnails/volkswagen_passat_thumb.jpg,/Users/elmedin.karisiksystemverification.com/Documents/private/Automotive-Industry-Tracker/data/processed/webp/volkswagen_passat.webp,JPEG,RGB,960.0,484.0,146.75,volkswagen_passat.jpg,Unknown,Unknown,Unknown,Unknown,Unknown,Unknown,Unknown,Unknown,No GPS data,2026-04-26T21:50:16.651579,2026-04-26T21:50:16.651621,,,,,,,,
word_extraction,2026-04-26 21:54:31.956,1.0,raw_recalls,,,,,automotive_report.docx,word,/Users/elmedin.karisiksystemverification.com/Documents/private/Automotive-Industry-Tracker/data/raw/word/automotive_report.docx,2026-04-26T21:54:31.746288,python-docx,,"[{'style': 'Title', 'text': 'Automotive Industry Recall Report 2020'}, {'style': 'Normal', 'text': 'This report provides an overview of vehicle recalls issued in 2020. Data sourced from NHTSA database covering major VW Group vehicles.'}, {'style': 'Heading 1', 'text': 'Recall Overview'}, {'style': 'Normal', 'text': 'In 2020, several VW Group vehicles were subject to safety recalls. The recalls covered issues ranging from airbag defects to engine problems.'}, {'style': 'Heading 2', 'text': 'Table with Borders'}, {'style': 'Heading 2', 'text': 'Table without Borders'}, {'style': 'Heading 1', 'text': 'Two-Column Section'}, {'style': 'Normal', 'text': 'Left Column: Audi A4 had 3 recalls in 2020 including airbag and brake issues.'}, {'style': 'Normal', 'text': 'Right Column: Volkswagen Golf had 2 recalls related to electrical systems.'}]","[{'table_index': 0, 'data': [['Make', 'Model', 'Year', 'Recalls'], ['Audi', 'A4', '2020', '3'], ['Volkswagen', 'Golf', '2020', '2'], ['Volkswagen', 'Passat', '2020', '3']]}, {'table_index': 1, 'data': [['Make', 'Model', 'Year', 'Recalls'], ['Audi', 'A4', '2020', '3'], ['Volkswagen', 'Golf', '2020', '2'], ['Volkswagen', 'Passat', '2020', '3']]}]",,,,,,,,,,,,,,,,,,,,,,,,,,,,,,,,,,,,,,,,
excel_extraction,2026-04-26 21:54:32.151,1.0,raw_recalls,,,,,automotive_data.xlsx,excel,/Users/elmedin.karisiksystemverification.com/Documents/private/Automotive-Industry-Tracker/data/raw/excel/automotive_data.xlsx,2026-04-26T21:54:32.109953,openpyxl,,,,"[{'sheet_name': 'Recall Summary', 'rows': [['Make', 'Model', 'Year', 'Recall Count', 'Affected Units', 'Total Cost (USD)'], ['Audi', 'A4', '2020', '3', '15000', '2500000'], ['Volkswagen', 'Golf', '2020', '2', '8200', '1200000'], ['Volkswagen', 'Passat', '2020', '3', '5100', '980000'], ['TOTAL', '', '', '=SUM(D2:D4)', '=SUM(E2:E4)', '=SUM(F2:F4)']]}, {'sheet_name': 'Component Details', 'rows': [['Component', 'Issue', 'Make', 'Model', 'Affected Units'], ['Airbag', 'Inflator rupture', 'Audi', 'A4', '15000'], ['Brakes', 'Brake fluid leak', 'Volkswagen', 'Golf', '8200'], ['Engine', 'Oil pressure loss', 'Volkswagen', 'Passat', '5100']]}]",,,,,,,,,,,,,,,,,,,,,,,,,,,,,,,,,,,,,,,
nhtsa_api,2026-04-26 21:54:35.533,1.0,raw_recalls,Audi,A4,2020.0,"[{'Manufacturer': 'Volkswagen Group of America, Inc.', 'NHTSACampaignNumber': '22V034000', 'parkIt': False, 'parkOutSide': False, 'overTheAirUpdate': False, 'ReportReceivedDate': '26/01/2022', 'Component': 'TIRES', 'Summary': 'Volkswagen Group of America, Inc. (Audi) is recalling certain 2019-2021 Audi A5 Sportback, RS5 Coupe, RS5 Sportback, S5 Sportback, 2020-2021 A4 Allroad, A4 Sedan, A5 Cabriolet, A5 Coupe, A6 Allroad, A6 Sedan, A7, A8, Q5, S4 Sedan, S5 Coupe, S5 Cabriolet, S6 Sedan, S7, S8, SQ5, 2021 Q5 Sportback, Q7, Q8, RS6 Avant, RS7, RSQ8, SQ5 Sportback, SQ7, and SQ8 vehicles.  The rear axle alignment may not have been inspected after the repairs for Recall 21V-295 (42L1) were performed.', 'Consequence': 'Rear axle misalignment may cause premature or uneven tire wear, increasing the risk of a crash.', 'Remedy': ""Dealers will inspect the rear axle, adjust the alignment as necessary, and replace any prematurely or unevenly worn tires, free of charge.  Owner notification letters were mailed March 3, 2022.  Owners may contact Audi customer service at 1-800-253-2834.  Audi's number for this recall is 42L5."", 'Notes': 'Owners may also contact the National Highway Traffic Safety Administration Vehicle Safety Hotline at 1-888-327-4236 (TTY 1-800-424-9153), or go to www.nhtsa.gov.', 'ModelYear': '2020', 'Make': 'AUDI', 'Model': 'A4'}, {'Manufacturer': 'Volkswagen Group of America, Inc.', 'NHTSACampaignNumber': '21V295000', 'parkIt': False, 'parkOutSide': False, 'overTheAirUpdate': False, 'ReportReceivedDate': '26/04/2021', 'Component': 'SUSPENSION:REAR:AXLE:NON-POWERED AXLE ASSEMBLY', 'Summary': 'Volkswagen Group of America, Inc. (Audi) is recalling certain 2021 Q7, Q8, Q5 Sportback, SQ5 Sportback, RS6 Avant, RS7, RS Q8, 2020-2021 Audi S6 sedan, Q5, A8, S8, A7, A6 Allroad, A5 Cabriolet, A4 sedan, A4 Allroad, SQ5, S7, A6 sedan, S5 coupe, S4 sedan, S5 Cabriolet, A5 coupe, 2019-2021 RS5 coupe, A5 Sportback, S5 Sportback, RS5 Sportback vehicles.  The lock nut on the trailing arm of the rear axle may break due to stress corrosion.', 'Consequence': 'A broken lock nut may misalign the rear axle, causing a loss of control and increasing the risk of a crash.', 'Remedy': ""Dealers will replace the lock nuts and, if necessary, the associated bolts, free of charge.  Owner notification letters were mailed June 4, 2021.  Owners may contact Audi customer service at 1-800-253-2834.  Audi's number for this recall is 42L1."", 'Notes': 'Owners may also contact the National Highway Traffic Safety Administration Vehicle Safety Hotline at 1-888-327-4236 (TTY 1-800-424-9153), or go to www.safercar.gov.', 'ModelYear': '2020', 'Make': 'AUDI', 'Model': 'A4'}, {'Manufacturer': 'Volkswagen Group of America, Inc.', 'NHTSACampaignNumber': '21V874000', 'parkIt': False, 'parkOutSide': False, 'overTheAirUpdate': False, 'ReportReceivedDate': '10/11/2021', 'Component': 'SEATS', 'Summary': 'Volkswagen Group of America, Inc. (Audi) is recalling certain 2017-2020 A4 Allroad, A4 Sedan, 2018-2019 RS5 Coupe, 2019 RS5 Sportback, 2018-2020 A5 Cabriolet, A5 Coupe, A5 Sportback, S4 Sedan, S5 Cabriolet, S5 Coupe, and Audi S5 Sportback vehicles.  The cable connecting the seat heater to the Passenger Occupant Detection System (PODS) may have a contact fault, causing the software to misdiagnose a malfunction and disable the passenger air bag.', 'Consequence': 'A disabled passenger air bag increases the risk of injury in the event of a crash.', 'Remedy': ""Dealers will replace the connecting cable and either the heating mat or entire seat cover, free of charge.  Owner notification letters were mailed January 7, 2022.  Owners may contact Audi customer service at 1-800-253-2834.  Audi's number for this recall is 74E3.  This recall is an expansion of Recall 19V-547 (74D9).  Vehicles previously repaired under 19V-547 will need to return for the new remedy."", 'Notes': 'Owners may also contact the National Highway Traffic Safety Administration Vehicle Safety Hotline at 1-888-327-4236 (TTY 1-800-424-9153), or go to www.nhtsa.gov.', 'ModelYear': '2020', 'Make': 'AUDI', 'Model': 'A4'}]",,,,,,,,,,,,,,,,,,,,,,,,,,,,,,,,,,,,,,,,,,,,,,,,
nhtsa_api,2026-04-26 21:54:35.543,1.0,raw_recalls,Volkswagen,Golf,2020.0,"[{'Manufacturer': 'Volkswagen Group of America, Inc.', 'NHTSACampaignNumber': '22V815000', 'parkIt': False, 'parkOutSide': False, 'overTheAirUpdate': False, 'ReportReceivedDate': '31/10/2022', 'Component': 'TIRES:PRESSURE MONITORING AND REGULATING SYSTEMS', 'Summary': 'Volkswagen Group of America, Inc. (Volkswagen) is recalling certain 2019 Volkswagen Tiguan LWB, Golf Sportswagen A7, Golf Alltrack, Golf R GP, Audi Q3, Audi A3 Cabriolet, 2019-2020 Jetta NF, Jetta GLI, Golf GTI, Atlas, Golf A7, Audi A3, 2020-2021 Atlas Cross Sport, and 2021 Atlas FL vehicles.  The tire pressure monitoring system may not detect an air pressure loss in adequate time when deflating occurs among all four tires simultaneously.  As such, these vehicles fail to comply with the requirements of Federal Motor Vehicle Safety Standard number 138, ""Tire Pressure Monitoring Systems.""', 'Consequence': 'An undetected sudden loss of pressure in all four tires increases the risk of a crash.', 'Remedy': ""Dealers will update the TPMS software, free of charge.  Owner notification letters were mailed November 18, 2022.  Owners may contact Volkswagen's customer service at 1-800-893-5298 or Audi\x92s customer service at 1-800-253-2834.  Volkswagen's numbers for this recall are (Audi) 45J7, and (VW) 45J6 and 45J8."", 'Notes': 'Owners may also contact the National Highway Traffic Safety Administration Vehicle Safety Hotline at 1-888-327-4236 (TTY 1-800-424-9153), or go to www.safercar.gov.', 'ModelYear': '2020', 'Make': 'VOLKSWAGEN', 'Model': 'GOLF'}, {'Manufacturer': 'Volkswagen Group of America, Inc.', 'NHTSACampaignNumber': '24V110000', 'parkIt': False, 'parkOutSide': False, 'overTheAirUpdate': False, 'NHTSAActionNumber': 'RQ23007', 'ReportReceivedDate': '14/02/2024', 'Component': 'FUEL SYSTEM, GASOLINE', 'Summary': 'Volkswagen Group of America, Inc. (Volkswagen) is recalling certain front-wheel drive 2015-2020 Audi A3 Sedan, 2015-2019 Audi A3 Cabriolet, 2019-2020 Volkswagen Jetta GLI, 2018 Golf Sportwagen GP, 2018-2019 Golf Sportwagen A7, 2015-2017 Golf Sportwagen, 2015-2020 Golf GTI, and 2015-2020 Golf A7 vehicles.  Due to a problem with a suction jet pump seal inside the fuel tank, fuel may flow into the evaporative emissions (EVAP) system and possibly leak out of the charcoal canister.', 'Consequence': 'A fuel leak in the presence of an ignition source increases the risk of a fire.', 'Remedy': ""Dealers will replace the suction pump, free of charge.  Final owner notification letters for Audi owners were mailed on July 25, 2024.  Final owner letters for VW owners were mailed on August 13, 2024.  Owners may contact Volkswagen customer service at 1-800-893-5298 or Audi customer service at 1-800-253-2834.  Volkswagen's numbers for this recall are VW: 20UF/Audi: 20YF.  Vehicles that were previously recalled under 16V-647 will need to have the new remedy completed.  This recall expands and replaces previous recall number 16V-647."", 'Notes': 'Owners may also contact the National Highway Traffic Safety Administration Vehicle Safety Hotline at 1-888-327-4236 (TTY 1-800-424-9153), or go to www.nhtsa.gov.', 'ModelYear': '2020', 'Make': 'VOLKSWAGEN', 'Model': 'GOLF'}]",,,,,,,,,,,,,,,,,,,,,,,,,,,,,,,,,,,,,,,,,,,,,,,,
nhtsa_api,2026-04-26 21:54:35.552,1.0,raw_recalls,Volkswagen,Passat,2020.0,"[{'Manufacturer': 'Volkswagen Group of America, Inc.', 'NHTSACampaignNumber': '19V389000', 'parkIt': False, 'parkOutSide': False, 'overTheAirUpdate': False, 'ReportReceivedDate': '22/05/2019', 'Component': 'EXTERIOR LIGHTING:HEADLIGHTS', 'Summary': 'Volkswagen Group of America, Inc. (Volkswagen) is recalling certain 2012-2020 Volkswagen Passat and 2018-2019 Atlas vehicles.  The blocking cap disabling the adjustment of the headlight\'s horizontal aim may not have been installed.  As such, these vehicles fail to conform to Federal Motor Vehicle Safety Standard (FMVSS) number 108, ""Lamps, Reflective Devices, and Associated Equipment.""', 'Consequence': 'Without the blocking cap, the headlight aim can be adjusted out of specification, reducing visibility and increasing the risk of a crash.', 'Remedy': ""Volkswagen will notify owners, and dealers will inspect and, as necessary, block the headlight horizontal adjustment, free of charge.  The recall began July 16, 2019.  Owners may contact Volkswagen customer service at 1-800-253-2834.  Volkswagen's number for this recall is 94L9."", 'Notes': 'Owners may also contact the National Highway Traffic Safety Administration Vehicle Safety Hotline at 1-888-327-4236 (TTY 1-800-424-9153), or go to www.safercar.gov.', 'ModelYear': '2020', 'Make': 'VOLKSWAGEN', 'Model': 'PASSAT'}, {'Manufacturer': 'Volkswagen Group of America, Inc.', 'NHTSACampaignNumber': '19V218000', 'parkIt': False, 'parkOutSide': False, 'overTheAirUpdate': False, 'ReportReceivedDate': '20/03/2019', 'Component': 'AIR BAGS:SIDE/WINDOW', 'Summary': 'Volkswagen Group of America, Inc. (Volkswagen) is recalling certain 2019 Atlas and 2020 Passat vehicles.  An incorrect driver and/or front passenger side impact air bag may have been installed.', 'Consequence': 'In an event of a side impact crash, an incorrect side airbag may not deploy as intended, increasing the risk of injury.', 'Remedy': ""Volkswagen has inspected and replaced the side air bags, free of charge.  The recall was completed in April 2019.  Owners may contact Volkswagen customer service at 1-800-893-5298.  Volkswagen's number for this recall is 69Y8."", 'Notes': 'Owners may also contact the National Highway Traffic Safety Administration Vehicle Safety Hotline at 1-888-327-4236 (TTY 1-800-424-9153), or go to www.safercar.gov.', 'ModelYear': '2020', 'Make': 'VOLKSWAGEN', 'Model': 'PASSAT'}, {'Manufacturer': 'Volkswagen Group of America, Inc.', 'NHTSACampaignNumber': '20V533000', 'parkIt': False, 'parkOutSide': False, 'overTheAirUpdate': False, 'ReportReceivedDate': '02/09/2020', 'Component': 'AIR BAGS:PASSENGER SIDE FRONTAL:CUSHION', 'Summary': 'Volkswagen Group of America, Inc. (Volkswagen) is recalling certain 2020 Passat vehicles.  The passenger frontal air bag may have been folded incorrectly affecting its deployment force.  As such, these vehicles fail to comply with the requirements of Federal Motor Vehicle Safety Standard number 208, ""Occupant Crash Protection.""', 'Consequence': 'An incorrectly folded air bag can deploy with too much force, increasing the risk of injury.', 'Remedy': ""Volkswagen will notify owners, and dealers will replace the passenger frontal air bag, free of charge.  The recall began October 14, 2020.  Owners may contact Volkswagen customer service at 1-888-241-2289.  Volkswagen's number for this recall is 69AY."", 'Notes': 'Owners may also contact the National Highway Traffic Safety Administration Vehicle Safety Hotline at 1-888-327-4236 (TTY 1-800-424-9153), or go to www.safercar.gov.', 'ModelYear': '2020', 'Make': 'VOLKSWAGEN', 'Model': 'PASSAT'}]",,,,,,,,,,,,,,,,,,,,,,,,,,,,,,,,,,,,,,,,,,,,,,,,
pdf_extraction,2026-04-26 21:54:35.595,1.0,raw_recalls,,,,,automotive_report_twocolumn.pdf,pdf,/Users/elmedin.karisiksystemverification.com/Documents/private/Automotive-Industry-Tracker/data/raw/pdf/automotive_report_twocolumn.pdf,2026-04-26T21:54:35.561578,pdfplumber,"[{'page_number': 1, 'text': 'Automotive Two-Column Report\nAudi A4 Recalls Volkswagen Golf Recalls\nThe Audi A4 2020 had 3 recalls related to airbag, The Volkswagen Golf 2020 had 2 recalls related to\nbrake, and engine issues reported to NHTSA. electrical systems and fuel systems.\nComponent Recall Details (with borders)\nComponent Issue Affected Units\nAirbag Inflator rupture 15,000\nBrakes Brake fluid leak 8,200\nEngine Oil pressure loss 5,100\nComponent Recall Details (without borders)\nComponent Issue Affected Units\nAirbag Inflator rupture 15,000\nBrakes Brake fluid leak 8,200\nEngine Oil pressure loss 5,100', 'tables': [[['Component', 'Issue', 'Affected Units'], ['Airbag', 'Inflator rupture', '15,000'], ['Brakes', 'Brake fluid leak', '8,200'], ['Engine', 'Oil pressure loss', '5,100']]]}]",,,,,,,,,,,,,,,,,,,,,,,,,,,,,,,,,,,,,,,,,,
pdf_extraction,2026-04-26 21:54:35.619,1.0,raw_recalls,,,,,automotive_report_normal.pdf,pdf,/Users/elmedin.karisiksystemverification.com/Documents/private/Automotive-Industry-Tracker/data/raw/pdf/automotive_report_normal.pdf,2026-04-26T21:54:35.598032,pdfplumber,"[{'page_number': 1, 'text': 'Automotive Industry Recall Report 2020\nIntroduction\nThis report provides an overview of vehicle recalls issued in 2020 for major automotive brands including\nAudi, Volkswagen, and Skoda. Data sourced from NHTSA.\nRecall Summary Table (with borders)\nMake Model Year Recalls\nAudi A4 2020 3\nVolkswagen Golf 2020 2\nVolkswagen Passat 2020 3\nRecall Summary Table (without borders)\nMake Model Year Recalls\nAudi A4 2020 3\nVolkswagen Golf 2020 2\nVolkswagen Passat 2020 3', 'tables': [[['Make', 'Model', 'Year', 'Recalls'], ['Audi', 'A4', '2020', '3'], ['Volkswagen', 'Golf', '2020', '2'], ['Volkswagen', 'Passat', '2020', '3']]]}]",,,,,,,,,,,,,,,,,,,,,,,,,,,,,,,,,,,,,,,,,,
word_extraction,2026-04-26 21:54:35.821,1.0,raw_recalls,,,,,automotive_report.docx,word,/Users/elmedin.karisiksystemverification.com/Documents/private/Automotive-Industry-Tracker/data/raw/word/automotive_report.docx,2026-04-26T21:54:35.622929,python-docx,,"[{'style': 'Title', 'text': 'Automotive Industry Recall Report 2020'}, {'style': 'Normal', 'text': 'This report provides an overview of vehicle recalls issued in 2020. Data sourced from NHTSA database covering major VW Group vehicles.'}, {'style': 'Heading 1', 'text': 'Recall Overview'}, {'style': 'Normal', 'text': 'In 2020, several VW Group vehicles were subject to safety recalls. The recalls covered issues ranging from airbag defects to engine problems.'}, {'style': 'Heading 2', 'text': 'Table with Borders'}, {'style': 'Heading 2', 'text': 'Table without Borders'}, {'style': 'Heading 1', 'text': 'Two-Column Section'}, {'style': 'Normal', 'text': 'Left Column: Audi A4 had 3 recalls in 2020 including airbag and brake issues.'}, {'style': 'Normal', 'text': 'Right Column: Volkswagen Golf had 2 recalls related to electrical systems.'}]","[{'table_index': 0, 'data': [['Make', 'Model', 'Year', 'Recalls'], ['Audi', 'A4', '2020', '3'], ['Volkswagen', 'Golf', '2020', '2'], ['Volkswagen', 'Passat', '2020', '3']]}, {'table_index': 1, 'data': [['Make', 'Model', 'Year', 'Recalls'], ['Audi', 'A4', '2020', '3'], ['Volkswagen', 'Golf', '2020', '2'], ['Volkswagen', 'Passat', '2020', '3']]}]",,,,,,,,,,,,,,,,,,,,,,,,,,,,,,,,,,,,,,,,
excel_extraction,2026-04-26 21:54:35.860,1.0,raw_recalls,,,,,automotive_data.xlsx,excel,/Users/elmedin.karisiksystemverification.com/Documents/private/Automotive-Industry-Tracker/data/raw/excel/automotive_data.xlsx,2026-04-26T21:54:35.827228,openpyxl,,,,"[{'sheet_name': 'Recall Summary', 'rows': [['Make', 'Model', 'Year', 'Recall Count', 'Affected Units', 'Total Cost (USD)'], ['Audi', 'A4', '2020', '3', '15000', '2500000'], ['Volkswagen', 'Golf', '2020', '2', '8200', '1200000'], ['Volkswagen', 'Passat', '2020', '3', '5100', '980000'], ['TOTAL', '', '', '=SUM(D2:D4)', '=SUM(E2:E4)', '=SUM(F2:F4)']]}, {'sheet_name': 'Component Details', 'rows': [['Component', 'Issue', 'Make', 'Model', 'Affected Units'], ['Airbag', 'Inflator rupture', 'Audi', 'A4', '15000'], ['Brakes', 'Brake fluid leak', 'Volkswagen', 'Golf', '8200'], ['Engine', 'Oil pressure loss', 'Volkswagen', 'Passat', '5100']]}]",,,,,,,,,,,,,,,,,,,,,,,,,,,,,,,,,,,,,,,
web_scraping,2026-04-26 21:54:35.873,1.0,raw_recalls,,,,,,,local_html/page_1.html,,,,,,,2026-04-26T21:54:35.868698,,,,Audi A4 2020,"Luxury sedan with 2.0L TFSI engine, 190hp. Known for premium interior and advanced driver assistance.","$39,900",/cars/audi-a4-2020,1.0,,,,,,,,,,,,,,,,,,,,,,,,,,,,,,
web_scraping,2026-04-26 21:54:35.877,1.0,raw_recalls,,,,,,,local_html/page_1.html,,,,,,,2026-04-26T21:54:35.868895,,,,Audi A4 2019,Previous generation A4 with quattro all-wheel drive. Excellent safety ratings from NHTSA.,"$36,500",/cars/audi-a4-2019,1.0,,,,,,,,,,,,,,,,,,,,,,,,,,,,,,
web_scraping,2026-04-26 21:54:35.887,1.0,raw_recalls,,,,,,,local_html/page_1.html,,,,,,,2026-04-26T21:54:35.869026,,,,Audi A4 2018,Reliable executive sedan. NHTSA recall issued for airbag inflator replacement.,"$33,200",/cars/audi-a4-2018,1.0,,,,,,,,,,,,,,,,,,,,,,,,,,,,,,
web_scraping,2026-04-26 21:54:35.892,1.0,raw_recalls,,,,,,,local_html/page_2.html,,,,,,,2026-04-26T21:54:35.869905,,,,Volkswagen Golf 2020,Compact hatchback with 1.4L TSI engine. Popular choice in European markets.,"$23,195",/cars/volkswagen-golf-2020,2.0,,,,,,,,,,,,,,,,,,,,,,,,,,,,,,
web_scraping,2026-04-26 21:54:35.896,1.0,raw_recalls,,,,,,,local_html/page_2.html,,,,,,,2026-04-26T21:54:35.870035,,,,Volkswagen Golf 2019,"Award-winning hatchback. NHTSA recall for brake system defect affecting 8,200 units.","$21,500",/cars/volkswagen-golf-2019,2.0,,,,,,,,,,,,,,,,,,,,,,,,,,,,,,
web_scraping,2026-04-26 21:54:35.900,1.0,raw_recalls,,,,,,,local_html/page_2.html,,,,,,,2026-04-26T21:54:35.870235,,,,Volkswagen Golf GTI 2020,Performance variant with 228hp turbocharged engine and sport suspension.,"$29,995",/cars/volkswagen-golf-gti-2020,2.0,,,,,,,,,,,,,,,,,,,,,,,,,,,,,,
web_scraping,2026-04-26 21:54:35.903,1.0,raw_recalls,,,,,,,local_html/page_3.html,,,,,,,2026-04-26T21:54:35.871073,,,,Volkswagen Passat 2020,Midsize sedan with spacious interior. NHTSA recall for fuel pump defect.,"$24,990",/cars/volkswagen-passat-2020,3.0,,,,,,,,,,,,,,,,,,,,,,,,,,,,,,
web_scraping,2026-04-26 21:54:35.908,1.0,raw_recalls,,,,,,,local_html/page_3.html,,,,,,,2026-04-26T21:54:35.871215,,,,Volkswagen Passat 2019,Business-class sedan with advanced connectivity features and comfort.,"$22,800",/cars/volkswagen-passat-2019,3.0,,,,,,,,,,,,,,,,,,,,,,,,,,,,,,
web_scraping,2026-04-26 21:54:35.912,1.0,raw_recalls,,,,,,,local_html/page_3.html,,,,,,,2026-04-26T21:54:35.871342,,,,Skoda Octavia 2020,Czech-made sedan offering exceptional value. Part of VW Group platform.,"$19,990",/cars/skoda-octavia-2020,3.0,,,,,,,,,,,,,,,,,,,,,,,,,,,,,,
dynamic_scraping,2026-04-26 21:54:37.812,1.0,raw_recalls,Audi,A4,2020.0,"[{'Manufacturer': 'Volkswagen Group of America, Inc.', 'NHTSACampaignNumber': '22V034000', 'parkIt': False, 'parkOutSide': False, 'overTheAirUpdate': False, 'ReportReceivedDate': '26/01/2022', 'Component': 'TIRES', 'Summary': 'Volkswagen Group of America, Inc. (Audi) is recalling certain 2019-2021 Audi A5 Sportback, RS5 Coupe, RS5 Sportback, S5 Sportback, 2020-2021 A4 Allroad, A4 Sedan, A5 Cabriolet, A5 Coupe, A6 Allroad, A6 Sedan, A7, A8, Q5, S4 Sedan, S5 Coupe, S5 Cabriolet, S6 Sedan, S7, S8, SQ5, 2021 Q5 Sportback, Q7, Q8, RS6 Avant, RS7, RSQ8, SQ5 Sportback, SQ7, and SQ8 vehicles.  The rear axle alignment may not have been inspected after the repairs for Recall 21V-295 (42L1) were performed.', 'Consequence': 'Rear axle misalignment may cause premature or uneven tire wear, increasing the risk of a crash.', 'Remedy': ""Dealers will inspect the rear axle, adjust the alignment as necessary, and replace any prematurely or unevenly worn tires, free of charge.  Owner notification letters were mailed March 3, 2022.  Owners may contact Audi customer service at 1-800-253-2834.  Audi's number for this recall is 42L5."", 'Notes': 'Owners may also contact the National Highway Traffic Safety Administration Vehicle Safety Hotline at 1-888-327-4236 (TTY 1-800-424-9153), or go to www.nhtsa.gov.', 'ModelYear': '2020', 'Make': 'AUDI', 'Model': 'A4'}, {'Manufacturer': 'Volkswagen Group of America, Inc.', 'NHTSACampaignNumber': '21V295000', 'parkIt': False, 'parkOutSide': False, 'overTheAirUpdate': False, 'ReportReceivedDate': '26/04/2021', 'Component': 'SUSPENSION:REAR:AXLE:NON-POWERED AXLE ASSEMBLY', 'Summary': 'Volkswagen Group of America, Inc. (Audi) is recalling certain 2021 Q7, Q8, Q5 Sportback, SQ5 Sportback, RS6 Avant, RS7, RS Q8, 2020-2021 Audi S6 sedan, Q5, A8, S8, A7, A6 Allroad, A5 Cabriolet, A4 sedan, A4 Allroad, SQ5, S7, A6 sedan, S5 coupe, S4 sedan, S5 Cabriolet, A5 coupe, 2019-2021 RS5 coupe, A5 Sportback, S5 Sportback, RS5 Sportback vehicles.  The lock nut on the trailing arm of the rear axle may break due to stress corrosion.', 'Consequence': 'A broken lock nut may misalign the rear axle, causing a loss of control and increasing the risk of a crash.', 'Remedy': ""Dealers will replace the lock nuts and, if necessary, the associated bolts, free of charge.  Owner notification letters were mailed June 4, 2021.  Owners may contact Audi customer service at 1-800-253-2834.  Audi's number for this recall is 42L1."", 'Notes': 'Owners may also contact the National Highway Traffic Safety Administration Vehicle Safety Hotline at 1-888-327-4236 (TTY 1-800-424-9153), or go to www.safercar.gov.', 'ModelYear': '2020', 'Make': 'AUDI', 'Model': 'A4'}, {'Manufacturer': 'Volkswagen Group of America, Inc.', 'NHTSACampaignNumber': '21V874000', 'parkIt': False, 'parkOutSide': False, 'overTheAirUpdate': False, 'ReportReceivedDate': '10/11/2021', 'Component': 'SEATS', 'Summary': 'Volkswagen Group of America, Inc. (Audi) is recalling certain 2017-2020 A4 Allroad, A4 Sedan, 2018-2019 RS5 Coupe, 2019 RS5 Sportback, 2018-2020 A5 Cabriolet, A5 Coupe, A5 Sportback, S4 Sedan, S5 Cabriolet, S5 Coupe, and Audi S5 Sportback vehicles.  The cable connecting the seat heater to the Passenger Occupant Detection System (PODS) may have a contact fault, causing the software to misdiagnose a malfunction and disable the passenger air bag.', 'Consequence': 'A disabled passenger air bag increases the risk of injury in the event of a crash.', 'Remedy': ""Dealers will replace the connecting cable and either the heating mat or entire seat cover, free of charge.  Owner notification letters were mailed January 7, 2022.  Owners may contact Audi customer service at 1-800-253-2834.  Audi's number for this recall is 74E3.  This recall is an expansion of Recall 19V-547 (74D9).  Vehicles previously repaired under 19V-547 will need to return for the new remedy."", 'Notes': 'Owners may also contact the National Highway Traffic Safety Administration Vehicle Safety Hotline at 1-888-327-4236 (TTY 1-800-424-9153), or go to www.nhtsa.gov.', 'ModelYear': '2020', 'Make': 'AUDI', 'Model': 'A4'}]",,,https://api.nhtsa.gov/recalls/recallsByVehicle?make=Audi&model=A4&modelYear=2020,,,,,,,2026-04-26T21:54:37.802436,json_api,,,,,,,,,,,,,,,,,,,,,,,,,,,,,,,,,,,,,
dynamic_scraping,2026-04-26 21:54:39.513,1.0,raw_recalls,Volkswagen,Golf,2020.0,"[{'Manufacturer': 'Volkswagen Group of America, Inc.', 'NHTSACampaignNumber': '22V815000', 'parkIt': False, 'parkOutSide': False, 'overTheAirUpdate': False, 'ReportReceivedDate': '31/10/2022', 'Component': 'TIRES:PRESSURE MONITORING AND REGULATING SYSTEMS', 'Summary': 'Volkswagen Group of America, Inc. (Volkswagen) is recalling certain 2019 Volkswagen Tiguan LWB, Golf Sportswagen A7, Golf Alltrack, Golf R GP, Audi Q3, Audi A3 Cabriolet, 2019-2020 Jetta NF, Jetta GLI, Golf GTI, Atlas, Golf A7, Audi A3, 2020-2021 Atlas Cross Sport, and 2021 Atlas FL vehicles.  The tire pressure monitoring system may not detect an air pressure loss in adequate time when deflating occurs among all four tires simultaneously.  As such, these vehicles fail to comply with the requirements of Federal Motor Vehicle Safety Standard number 138, ""Tire Pressure Monitoring Systems.""', 'Consequence': 'An undetected sudden loss of pressure in all four tires increases the risk of a crash.', 'Remedy': ""Dealers will update the TPMS software, free of charge.  Owner notification letters were mailed November 18, 2022.  Owners may contact Volkswagen's customer service at 1-800-893-5298 or Audi\x92s customer service at 1-800-253-2834.  Volkswagen's numbers for this recall are (Audi) 45J7, and (VW) 45J6 and 45J8."", 'Notes': 'Owners may also contact the National Highway Traffic Safety Administration Vehicle Safety Hotline at 1-888-327-4236 (TTY 1-800-424-9153), or go to www.safercar.gov.', 'ModelYear': '2020', 'Make': 'VOLKSWAGEN', 'Model': 'GOLF'}, {'Manufacturer': 'Volkswagen Group of America, Inc.', 'NHTSACampaignNumber': '24V110000', 'parkIt': False, 'parkOutSide': False, 'overTheAirUpdate': False, 'NHTSAActionNumber': 'RQ23007', 'ReportReceivedDate': '14/02/2024', 'Component': 'FUEL SYSTEM, GASOLINE', 'Summary': 'Volkswagen Group of America, Inc. (Volkswagen) is recalling certain front-wheel drive 2015-2020 Audi A3 Sedan, 2015-2019 Audi A3 Cabriolet, 2019-2020 Volkswagen Jetta GLI, 2018 Golf Sportwagen GP, 2018-2019 Golf Sportwagen A7, 2015-2017 Golf Sportwagen, 2015-2020 Golf GTI, and 2015-2020 Golf A7 vehicles.  Due to a problem with a suction jet pump seal inside the fuel tank, fuel may flow into the evaporative emissions (EVAP) system and possibly leak out of the charcoal canister.', 'Consequence': 'A fuel leak in the presence of an ignition source increases the risk of a fire.', 'Remedy': ""Dealers will replace the suction pump, free of charge.  Final owner notification letters for Audi owners were mailed on July 25, 2024.  Final owner letters for VW owners were mailed on August 13, 2024.  Owners may contact Volkswagen customer service at 1-800-893-5298 or Audi customer service at 1-800-253-2834.  Volkswagen's numbers for this recall are VW: 20UF/Audi: 20YF.  Vehicles that were previously recalled under 16V-647 will need to have the new remedy completed.  This recall expands and replaces previous recall number 16V-647."", 'Notes': 'Owners may also contact the National Highway Traffic Safety Administration Vehicle Safety Hotline at 1-888-327-4236 (TTY 1-800-424-9153), or go to www.nhtsa.gov.', 'ModelYear': '2020', 'Make': 'VOLKSWAGEN', 'Model': 'GOLF'}]",,,https://api.nhtsa.gov/recalls/recallsByVehicle?make=Volkswagen&model=Golf&modelYear=2020,,,,,,,2026-04-26T21:54:39.510044,json_api,,,,,,,,,,,,,,,,,,,,,,,,,,,,,,,,,,,,,
dynamic_scraping,2026-04-26 21:54:41.280,1.0,raw_recalls,Volkswagen,Passat,2020.0,"[{'Manufacturer': 'Volkswagen Group of America, Inc.', 'NHTSACampaignNumber': '19V389000', 'parkIt': False, 'parkOutSide': False, 'overTheAirUpdate': False, 'ReportReceivedDate': '22/05/2019', 'Component': 'EXTERIOR LIGHTING:HEADLIGHTS', 'Summary': 'Volkswagen Group of America, Inc. (Volkswagen) is recalling certain 2012-2020 Volkswagen Passat and 2018-2019 Atlas vehicles.  The blocking cap disabling the adjustment of the headlight\'s horizontal aim may not have been installed.  As such, these vehicles fail to conform to Federal Motor Vehicle Safety Standard (FMVSS) number 108, ""Lamps, Reflective Devices, and Associated Equipment.""', 'Consequence': 'Without the blocking cap, the headlight aim can be adjusted out of specification, reducing visibility and increasing the risk of a crash.', 'Remedy': ""Volkswagen will notify owners, and dealers will inspect and, as necessary, block the headlight horizontal adjustment, free of charge.  The recall began July 16, 2019.  Owners may contact Volkswagen customer service at 1-800-253-2834.  Volkswagen's number for this recall is 94L9."", 'Notes': 'Owners may also contact the National Highway Traffic Safety Administration Vehicle Safety Hotline at 1-888-327-4236 (TTY 1-800-424-9153), or go to www.safercar.gov.', 'ModelYear': '2020', 'Make': 'VOLKSWAGEN', 'Model': 'PASSAT'}, {'Manufacturer': 'Volkswagen Group of America, Inc.', 'NHTSACampaignNumber': '19V218000', 'parkIt': False, 'parkOutSide': False, 'overTheAirUpdate': False, 'ReportReceivedDate': '20/03/2019', 'Component': 'AIR BAGS:SIDE/WINDOW', 'Summary': 'Volkswagen Group of America, Inc. (Volkswagen) is recalling certain 2019 Atlas and 2020 Passat vehicles.  An incorrect driver and/or front passenger side impact air bag may have been installed.', 'Consequence': 'In an event of a side impact crash, an incorrect side airbag may not deploy as intended, increasing the risk of injury.', 'Remedy': ""Volkswagen has inspected and replaced the side air bags, free of charge.  The recall was completed in April 2019.  Owners may contact Volkswagen customer service at 1-800-893-5298.  Volkswagen's number for this recall is 69Y8."", 'Notes': 'Owners may also contact the National Highway Traffic Safety Administration Vehicle Safety Hotline at 1-888-327-4236 (TTY 1-800-424-9153), or go to www.safercar.gov.', 'ModelYear': '2020', 'Make': 'VOLKSWAGEN', 'Model': 'PASSAT'}, {'Manufacturer': 'Volkswagen Group of America, Inc.', 'NHTSACampaignNumber': '20V533000', 'parkIt': False, 'parkOutSide': False, 'overTheAirUpdate': False, 'ReportReceivedDate': '02/09/2020', 'Component': 'AIR BAGS:PASSENGER SIDE FRONTAL:CUSHION', 'Summary': 'Volkswagen Group of America, Inc. (Volkswagen) is recalling certain 2020 Passat vehicles.  The passenger frontal air bag may have been folded incorrectly affecting its deployment force.  As such, these vehicles fail to comply with the requirements of Federal Motor Vehicle Safety Standard number 208, ""Occupant Crash Protection.""', 'Consequence': 'An incorrectly folded air bag can deploy with too much force, increasing the risk of injury.', 'Remedy': ""Volkswagen will notify owners, and dealers will replace the passenger frontal air bag, free of charge.  The recall began October 14, 2020.  Owners may contact Volkswagen customer service at 1-888-241-2289.  Volkswagen's number for this recall is 69AY."", 'Notes': 'Owners may also contact the National Highway Traffic Safety Administration Vehicle Safety Hotline at 1-888-327-4236 (TTY 1-800-424-9153), or go to www.safercar.gov.', 'ModelYear': '2020', 'Make': 'VOLKSWAGEN', 'Model': 'PASSAT'}]",,,https://api.nhtsa.gov/recalls/recallsByVehicle?make=Volkswagen&model=Passat&modelYear=2020,,,,,,,2026-04-26T21:54:41.276906,json_api,,,,,,,,,,,,,,,,,,,,,,,,,,,,,,,,,,,,,
selenium_scraping,2026-04-26 21:54:45.828,1.0,raw_recalls,,,,,,,https://www.wikipedia.org/wiki/Audi,,,,,,,2026-04-26T21:54:45.743827,selenium,,,Audi - Wikipedia,,,,,"Audi AG[a] is a German automotive manufacturer of luxury vehicles headquartered in Ingolstadt, Bavaria, Germany. As a wholly owned subsidiary of the Volkswagen Group, Audi produces vehicles in nine production facilities worldwide. The origins of the company are complex, dating back to the early 20th century and the initial enterprises (Horch and the Audiwerke) founded by engineer August Horch. Two other manufacturers (DKW and Wanderer) also contributed to the foundation of Auto Union in 1932. The modern Audi era began in the 1960s, when Auto Union was acquired by Volkswagen from Daimler-Benz.[7] Volkswagen relaunched the Audi brand with the 1965 introduction of the Audi F103 series, and merged Auto Union with NSU Motorenwerke in 1969, thus creating the present-day form of the company.",,,,,,,,,,,,,,,,,,,,,,,,,,,,,
ocr_image,2026-04-26 21:54:46.105,1.0,raw_recalls,,,,,audi_a4.jpg,image_ocr,/Users/elmedin.karisiksystemverification.com/Documents/private/Automotive-Industry-Tracker/data/raw/images/audi_a4.jpg,2026-04-26T21:54:46.100613,pytesseract,,,,,,,,"i mH I ui Le

",,,,,,,,,,,,,,,,,,,,,,,,,,,,,,,,,,,
ocr_image,2026-04-26 21:54:46.325,1.0,raw_recalls,,,,,volkswagen_golf.jpg,image_ocr,/Users/elmedin.karisiksystemverification.com/Documents/private/Automotive-Industry-Tracker/data/raw/images/volkswagen_golf.jpg,2026-04-26T21:54:46.323870,pytesseract,,,,,,,,,,,,,,,,,,,,,,,,,,,,,,,,,,,,,,,,,,,
ocr_image,2026-04-26 21:54:46.542,1.0,raw_recalls,,,,,volkswagen_id4.jpg,image_ocr,/Users/elmedin.karisiksystemverification.com/Documents/private/Automotive-Industry-Tracker/data/raw/images/volkswagen_id4.jpg,2026-04-26T21:54:46.541568,pytesseract,,,,,,,,,,,,,,,,,,,,,,,,,,,,,,,,,,,,,,,,,,,
ocr_image,2026-04-26 21:54:47.715,1.0,raw_recalls,,,,,test_scan.png,image_ocr,/Users/elmedin.karisiksystemverification.com/Documents/private/Automotive-Industry-Tracker/data/raw/images/test_scan.png,2026-04-26T21:54:47.714397,pytesseract,,,,,,,"The 2022 Audi RS6 Avant is a high-performance wagon that combines supercar power with everyday practicality. Under the hood, it boasts a 4.0-liter twin-turbocharged V8 engine
producing 591 horsepower and 590 Ib-ft of torque, enabling a 0-60 mph time of just 3.5 seconds. Equipped with Audi's Quattro all-wheel-drive system, adaptive air suspension, and dynamic
Steering, the RS6 delivers exceptional handling and comfort. Its aggressive design features wide fenders, a black honeycomb grille, and large oval exhaust tips, giving it a commanding
Toad presence, With a luxurious, tech-filled interior and ample cargo space, the RSG Avant is the ultimate blend of performance, luxury, and practicality.

Engine: 4.01 V8 Top speed: 190mph
Power: 591bhp 0-60: 31sec
Torque: 799nm Year: 2022
Weight: 2,282kg Country: German
","Cnnr RS6

The 2022 Audi RSG Avant is a high-performance wagon that combines supercar power with everyday practicality. Under the hood, it boasts a 4.0-liter twin-turbocharged V8 engine
producing 591 horsepower and 590 Ib-ft of torque, enabling a 0-60 mph time of just 3.5 seconds. Equipped with Audi's Quattro all-wheel-drive system, adaptive air suspension, and dynamic
steering, the RSG delivers exceptional handling and comfort. Its aggressive design features wide fenders, a black honeycomb grille, and large oval exhaust tips, giving it a commanding
road presence, With a luxurious, tech-filled interior and ample cargo space, the RS6 Avant is the ultimate blend of performance, luxury, and practicality.

Engine: 4.01 V8 Top speed: 190mph
Power: 591bhp 0-60: 31sec
Torque: 799nm Year: 2022
Weight: 2,282kg Country: German

",,,,,,,,,,,,,,,,,,,,,,,,,,,,,,,,,,,
ocr_image,2026-04-26 21:54:47.956,1.0,raw_recalls,,,,,volkswagen_passat.jpg,image_ocr,/Users/elmedin.karisiksystemverification.com/Documents/private/Automotive-Industry-Tracker/data/raw/images/volkswagen_passat.jpg,2026-04-26T21:54:47.955032,pytesseract,,,,,,,,"| it i i

",,,,,,,,,,,,,,,,,,,,,,,,,,,,,,,,,,,
ocr_scanned_pdf,2026-04-26 21:54:48.448,1.0,raw_recalls,,,,,scanned_report.pdf,scanned_pdf_ocr,/Users/elmedin.karisiksystemverification.com/Documents/private/Automotive-Industry-Tracker/data/raw/scanned/scanned_report.pdf,2026-04-26T21:54:48.447755,pytesseract+pdf2image,"[{'page_number': 1, 'text': 'Automotive Industry Recall Report 2020\n\nIntroduction\n\nThis report provides an overview of vehicle recalls issued in 2020 for major automotive brands including\nAudi, Volkswagen, and Skoda. Data sourced from NHTSA.\n\nRecall Summary Table (with borders)\n\nMake Model | Year | Recalls\n\nRecall Summary Table (without borders)\nMake Model Year Recalls\nAudi A4 2020 3\nVolkswagen Golf 2020 2\nVolkswagen Passat 2020 3\n\n'}]",,,,,,,,,,,,,,,,,,,,,,,,,,,,,,,,,,,,,,,,,,
image_processing,2026-04-26 21:54:49.069,1.0,raw_recalls,,,,,audi_a4.jpg,,vehicle_image,,,,,,,,automotive,,,,,,,,,/Users/elmedin.karisiksystemverification.com/Documents/private/Automotive-Industry-Tracker/data/raw/images/audi_a4.jpg,/Users/elmedin.karisiksystemverification.com/Documents/private/Automotive-Industry-Tracker/data/processed/resized/audi_a4_resized.jpg,/Users/elmedin.karisiksystemverification.com/Documents/private/Automotive-Industry-Tracker/data/processed/thumbnails/audi_a4_thumb.jpg,/Users/elmedin.karisiksystemverification.com/Documents/private/Automotive-Industry-Tracker/data/processed/webp/audi_a4.webp,JPEG,RGB,960.0,500.0,157.31,audi_a4.jpg,Unknown,Unknown,Unknown,Unknown,Unknown,Unknown,Unknown,Unknown,No GPS data,2026-04-26T21:54:49.064056,2026-04-26T21:54:49.064113,,,,,,,,
image_processing,2026-04-26 21:54:49.201,1.0,raw_recalls,,,,,volkswagen_golf.jpg,,vehicle_image,,,,,,,,automotive,,,,,,,,,/Users/elmedin.karisiksystemverification.com/Documents/private/Automotive-Industry-Tracker/data/raw/images/volkswagen_golf.jpg,/Users/elmedin.karisiksystemverification.com/Documents/private/Automotive-Industry-Tracker/data/processed/resized/volkswagen_golf_resized.jpg,/Users/elmedin.karisiksystemverification.com/Documents/private/Automotive-Industry-Tracker/data/processed/thumbnails/volkswagen_golf_thumb.jpg,/Users/elmedin.karisiksystemverification.com/Documents/private/Automotive-Industry-Tracker/data/processed/webp/volkswagen_golf.webp,JPEG,RGB,960.0,490.0,121.7,volkswagen_golf.jpg,Unknown,Unknown,Unknown,Unknown,Unknown,Unknown,Unknown,Unknown,No GPS data,2026-04-26T21:54:49.200469,2026-04-26T21:54:49.200511,,,,,,,,
image_processing,2026-04-26 21:54:49.341,1.0,raw_recalls,,,,,volkswagen_id4.jpg,,vehicle_image,,,,,,,,automotive,,,,,,,,,/Users/elmedin.karisiksystemverification.com/Documents/private/Automotive-Industry-Tracker/data/raw/images/volkswagen_id4.jpg,/Users/elmedin.karisiksystemverification.com/Documents/private/Automotive-Industry-Tracker/data/processed/resized/volkswagen_id4_resized.jpg,/Users/elmedin.karisiksystemverification.com/Documents/private/Automotive-Industry-Tracker/data/processed/thumbnails/volkswagen_id4_thumb.jpg,/Users/elmedin.karisiksystemverification.com/Documents/private/Automotive-Industry-Tracker/data/processed/webp/volkswagen_id4.webp,JPEG,RGB,960.0,533.0,131.99,volkswagen_id4.jpg,Unknown,Unknown,Unknown,Unknown,Unknown,Unknown,Unknown,Unknown,No GPS data,2026-04-26T21:54:49.340819,2026-04-26T21:54:49.340860,,,,,,,,
image_processing,2026-04-26 21:54:50.801,1.0,raw_recalls,,,,,test_scan.png,,vehicle_image,,,,,,,,automotive,,,,,,,,,/Users/elmedin.karisiksystemverification.com/Documents/private/Automotive-Industry-Tracker/data/raw/images/test_scan.png,/Users/elmedin.karisiksystemverification.com/Documents/private/Automotive-Industry-Tracker/data/processed/resized/test_scan_resized.png,/Users/elmedin.karisiksystemverification.com/Documents/private/Automotive-Industry-Tracker/data/processed/thumbnails/test_scan_thumb.png,/Users/elmedin.karisiksystemverification.com/Documents/private/Automotive-Industry-Tracker/data/processed/webp/test_scan.webp,WEBP,RGBA,1946.0,1946.0,117.6,test_scan.png,Unknown,Unknown,Unknown,Unknown,Unknown,Unknown,Unknown,1,No GPS data,2026-04-26T21:54:50.801033,2026-04-26T21:54:50.801074,,,,,,,,
image_processing,2026-04-26 21:54:50.945,1.0,raw_recalls,,,,,volkswagen_passat.jpg,,vehicle_image,,,,,,,,automotive,,,,,,,,,/Users/elmedin.karisiksystemverification.com/Documents/private/Automotive-Industry-Tracker/data/raw/images/volkswagen_passat.jpg,/Users/elmedin.karisiksystemverification.com/Documents/private/Automotive-Industry-Tracker/data/processed/resized/volkswagen_passat_resized.jpg,/Users/elmedin.karisiksystemverification.com/Documents/private/Automotive-Industry-Tracker/data/processed/thumbnails/volkswagen_passat_thumb.jpg,/Users/elmedin.karisiksystemverification.com/Documents/private/Automotive-Industry-Tracker/data/processed/webp/volkswagen_passat.webp,JPEG,RGB,960.0,484.0,146.75,volkswagen_passat.jpg,Unknown,Unknown,Unknown,Unknown,Unknown,Unknown,Unknown,Unknown,No GPS data,2026-04-26T21:54:50.944677,2026-04-26T21:54:50.944721,,,,,,,,
word_extraction,2026-05-04 13:35:50.544,1.0,raw_recalls,,,,,automotive_report.docx,word,/Users/elmedin.karisiksystemverification.com/Documents/private/Automotive-Industry-Tracker/data/raw/word/automotive_report.docx,2026-05-04T13:35:50.331060,python-docx,,"[{'style': 'Title', 'text': 'Automotive Industry Recall Report 2020'}, {'style': 'Normal', 'text': 'This report provides an overview of vehicle recalls issued in 2020. Data sourced from NHTSA database covering major VW Group vehicles.'}, {'style': 'Heading 1', 'text': 'Recall Overview'}, {'style': 'Normal', 'text': 'In 2020, several VW Group vehicles were subject to safety recalls. The recalls covered issues ranging from airbag defects to engine problems.'}, {'style': 'Heading 2', 'text': 'Table with Borders'}, {'style': 'Heading 2', 'text': 'Table without Borders'}, {'style': 'Heading 1', 'text': 'Two-Column Section'}, {'style': 'Normal', 'text': 'Left Column: Audi A4 had 3 recalls in 2020 including airbag and brake issues.'}, {'style': 'Normal', 'text': 'Right Column: Volkswagen Golf had 2 recalls related to electrical systems.'}]","[{'table_index': 0, 'data': [['Make', 'Model', 'Year', 'Recalls'], ['Audi', 'A4', '2020', '3'], ['Volkswagen', 'Golf', '2020', '2'], ['Volkswagen', 'Passat', '2020', '3']]}, {'table_index': 1, 'data': [['Make', 'Model', 'Year', 'Recalls'], ['Audi', 'A4', '2020', '3'], ['Volkswagen', 'Golf', '2020', '2'], ['Volkswagen', 'Passat', '2020', '3']]}]",,,,,,,,,,,,,,,,,,,,,,,,,,,,,,,,,,,,,,,,
excel_extraction,2026-05-04 13:35:50.994,1.0,raw_recalls,,,,,automotive_data.xlsx,excel,/Users/elmedin.karisiksystemverification.com/Documents/private/Automotive-Industry-Tracker/data/raw/excel/automotive_data.xlsx,2026-05-04T13:35:50.948092,openpyxl,,,,"[{'sheet_name': 'Recall Summary', 'rows': [['Make', 'Model', 'Year', 'Recall Count', 'Affected Units', 'Total Cost (USD)'], ['Audi', 'A4', '2020', '3', '15000', '2500000'], ['Volkswagen', 'Golf', '2020', '2', '8200', '1200000'], ['Volkswagen', 'Passat', '2020', '3', '5100', '980000'], ['TOTAL', '', '', '=SUM(D2:D4)', '=SUM(E2:E4)', '=SUM(F2:F4)']]}, {'sheet_name': 'Component Details', 'rows': [['Component', 'Issue', 'Make', 'Model', 'Affected Units'], ['Airbag', 'Inflator rupture', 'Audi', 'A4', '15000'], ['Brakes', 'Brake fluid leak', 'Volkswagen', 'Golf', '8200'], ['Engine', 'Oil pressure loss', 'Volkswagen', 'Passat', '5100']]}]",,,,,,,,,,,,,,,,,,,,,,,,,,,,,,,,,,,,,,,
nhtsa_api,2026-05-04 13:36:01.344,1.0,raw_recalls,Audi,A4,2020.0,"[{'Manufacturer': 'Volkswagen Group of America, Inc.', 'NHTSACampaignNumber': '22V034000', 'parkIt': False, 'parkOutSide': False, 'overTheAirUpdate': False, 'ReportReceivedDate': '26/01/2022', 'Component': 'TIRES', 'Summary': 'Volkswagen Group of America, Inc. (Audi) is recalling certain 2019-2021 Audi A5 Sportback, RS5 Coupe, RS5 Sportback, S5 Sportback, 2020-2021 A4 Allroad, A4 Sedan, A5 Cabriolet, A5 Coupe, A6 Allroad, A6 Sedan, A7, A8, Q5, S4 Sedan, S5 Coupe, S5 Cabriolet, S6 Sedan, S7, S8, SQ5, 2021 Q5 Sportback, Q7, Q8, RS6 Avant, RS7, RSQ8, SQ5 Sportback, SQ7, and SQ8 vehicles.  The rear axle alignment may not have been inspected after the repairs for Recall 21V-295 (42L1) were performed.', 'Consequence': 'Rear axle misalignment may cause premature or uneven tire wear, increasing the risk of a crash.', 'Remedy': ""Dealers will inspect the rear axle, adjust the alignment as necessary, and replace any prematurely or unevenly worn tires, free of charge.  Owner notification letters were mailed March 3, 2022.  Owners may contact Audi customer service at 1-800-253-2834.  Audi's number for this recall is 42L5."", 'Notes': 'Owners may also contact the National Highway Traffic Safety Administration Vehicle Safety Hotline at 1-888-327-4236 (TTY 1-800-424-9153), or go to www.nhtsa.gov.', 'ModelYear': '2020', 'Make': 'AUDI', 'Model': 'A4'}, {'Manufacturer': 'Volkswagen Group of America, Inc.', 'NHTSACampaignNumber': '21V295000', 'parkIt': False, 'parkOutSide': False, 'overTheAirUpdate': False, 'ReportReceivedDate': '26/04/2021', 'Component': 'SUSPENSION:REAR:AXLE:NON-POWERED AXLE ASSEMBLY', 'Summary': 'Volkswagen Group of America, Inc. (Audi) is recalling certain 2021 Q7, Q8, Q5 Sportback, SQ5 Sportback, RS6 Avant, RS7, RS Q8, 2020-2021 Audi S6 sedan, Q5, A8, S8, A7, A6 Allroad, A5 Cabriolet, A4 sedan, A4 Allroad, SQ5, S7, A6 sedan, S5 coupe, S4 sedan, S5 Cabriolet, A5 coupe, 2019-2021 RS5 coupe, A5 Sportback, S5 Sportback, RS5 Sportback vehicles.  The lock nut on the trailing arm of the rear axle may break due to stress corrosion.', 'Consequence': 'A broken lock nut may misalign the rear axle, causing a loss of control and increasing the risk of a crash.', 'Remedy': ""Dealers will replace the lock nuts and, if necessary, the associated bolts, free of charge.  Owner notification letters were mailed June 4, 2021.  Owners may contact Audi customer service at 1-800-253-2834.  Audi's number for this recall is 42L1."", 'Notes': 'Owners may also contact the National Highway Traffic Safety Administration Vehicle Safety Hotline at 1-888-327-4236 (TTY 1-800-424-9153), or go to www.safercar.gov.', 'ModelYear': '2020', 'Make': 'AUDI', 'Model': 'A4'}, {'Manufacturer': 'Volkswagen Group of America, Inc.', 'NHTSACampaignNumber': '21V874000', 'parkIt': False, 'parkOutSide': False, 'overTheAirUpdate': False, 'ReportReceivedDate': '10/11/2021', 'Component': 'SEATS', 'Summary': 'Volkswagen Group of America, Inc. (Audi) is recalling certain 2017-2020 A4 Allroad, A4 Sedan, 2018-2019 RS5 Coupe, 2019 RS5 Sportback, 2018-2020 A5 Cabriolet, A5 Coupe, A5 Sportback, S4 Sedan, S5 Cabriolet, S5 Coupe, and Audi S5 Sportback vehicles.  The cable connecting the seat heater to the Passenger Occupant Detection System (PODS) may have a contact fault, causing the software to misdiagnose a malfunction and disable the passenger air bag.', 'Consequence': 'A disabled passenger air bag increases the risk of injury in the event of a crash.', 'Remedy': ""Dealers will replace the connecting cable and either the heating mat or entire seat cover, free of charge.  Owner notification letters were mailed January 7, 2022.  Owners may contact Audi customer service at 1-800-253-2834.  Audi's number for this recall is 74E3.  This recall is an expansion of Recall 19V-547 (74D9).  Vehicles previously repaired under 19V-547 will need to return for the new remedy."", 'Notes': 'Owners may also contact the National Highway Traffic Safety Administration Vehicle Safety Hotline at 1-888-327-4236 (TTY 1-800-424-9153), or go to www.nhtsa.gov.', 'ModelYear': '2020', 'Make': 'AUDI', 'Model': 'A4'}]",,,,,,,,,,,,,,,,,,,,,,,,,,,,,,,,,,,,,,,,,,,,,,,,
nhtsa_api,2026-05-04 13:36:01.367,1.0,raw_recalls,Volkswagen,Golf,2020.0,"[{'Manufacturer': 'Volkswagen Group of America, Inc.', 'NHTSACampaignNumber': '22V815000', 'parkIt': False, 'parkOutSide': False, 'overTheAirUpdate': False, 'ReportReceivedDate': '31/10/2022', 'Component': 'TIRES:PRESSURE MONITORING AND REGULATING SYSTEMS', 'Summary': 'Volkswagen Group of America, Inc. (Volkswagen) is recalling certain 2019 Volkswagen Tiguan LWB, Golf Sportswagen A7, Golf Alltrack, Golf R GP, Audi Q3, Audi A3 Cabriolet, 2019-2020 Jetta NF, Jetta GLI, Golf GTI, Atlas, Golf A7, Audi A3, 2020-2021 Atlas Cross Sport, and 2021 Atlas FL vehicles.  The tire pressure monitoring system may not detect an air pressure loss in adequate time when deflating occurs among all four tires simultaneously.  As such, these vehicles fail to comply with the requirements of Federal Motor Vehicle Safety Standard number 138, ""Tire Pressure Monitoring Systems.""', 'Consequence': 'An undetected sudden loss of pressure in all four tires increases the risk of a crash.', 'Remedy': ""Dealers will update the TPMS software, free of charge.  Owner notification letters were mailed November 18, 2022.  Owners may contact Volkswagen's customer service at 1-800-893-5298 or Audi\x92s customer service at 1-800-253-2834.  Volkswagen's numbers for this recall are (Audi) 45J7, and (VW) 45J6 and 45J8."", 'Notes': 'Owners may also contact the National Highway Traffic Safety Administration Vehicle Safety Hotline at 1-888-327-4236 (TTY 1-800-424-9153), or go to www.safercar.gov.', 'ModelYear': '2020', 'Make': 'VOLKSWAGEN', 'Model': 'GOLF'}, {'Manufacturer': 'Volkswagen Group of America, Inc.', 'NHTSACampaignNumber': '24V110000', 'parkIt': False, 'parkOutSide': False, 'overTheAirUpdate': False, 'NHTSAActionNumber': 'RQ23007', 'ReportReceivedDate': '14/02/2024', 'Component': 'FUEL SYSTEM, GASOLINE', 'Summary': 'Volkswagen Group of America, Inc. (Volkswagen) is recalling certain front-wheel drive 2015-2020 Audi A3 Sedan, 2015-2019 Audi A3 Cabriolet, 2019-2020 Volkswagen Jetta GLI, 2018 Golf Sportwagen GP, 2018-2019 Golf Sportwagen A7, 2015-2017 Golf Sportwagen, 2015-2020 Golf GTI, and 2015-2020 Golf A7 vehicles.  Due to a problem with a suction jet pump seal inside the fuel tank, fuel may flow into the evaporative emissions (EVAP) system and possibly leak out of the charcoal canister.', 'Consequence': 'A fuel leak in the presence of an ignition source increases the risk of a fire.', 'Remedy': ""Dealers will replace the suction pump, free of charge.  Final owner notification letters for Audi owners were mailed on July 25, 2024.  Final owner letters for VW owners were mailed on August 13, 2024.  Owners may contact Volkswagen customer service at 1-800-893-5298 or Audi customer service at 1-800-253-2834.  Volkswagen's numbers for this recall are VW: 20UF/Audi: 20YF.  Vehicles that were previously recalled under 16V-647 will need to have the new remedy completed.  This recall expands and replaces previous recall number 16V-647."", 'Notes': 'Owners may also contact the National Highway Traffic Safety Administration Vehicle Safety Hotline at 1-888-327-4236 (TTY 1-800-424-9153), or go to www.nhtsa.gov.', 'ModelYear': '2020', 'Make': 'VOLKSWAGEN', 'Model': 'GOLF'}]",,,,,,,,,,,,,,,,,,,,,,,,,,,,,,,,,,,,,,,,,,,,,,,,
nhtsa_api,2026-05-04 13:36:01.376,1.0,raw_recalls,Volkswagen,Passat,2020.0,"[{'Manufacturer': 'Volkswagen Group of America, Inc.', 'NHTSACampaignNumber': '19V389000', 'parkIt': False, 'parkOutSide': False, 'overTheAirUpdate': False, 'ReportReceivedDate': '22/05/2019', 'Component': 'EXTERIOR LIGHTING:HEADLIGHTS', 'Summary': 'Volkswagen Group of America, Inc. (Volkswagen) is recalling certain 2012-2020 Volkswagen Passat and 2018-2019 Atlas vehicles.  The blocking cap disabling the adjustment of the headlight\'s horizontal aim may not have been installed.  As such, these vehicles fail to conform to Federal Motor Vehicle Safety Standard (FMVSS) number 108, ""Lamps, Reflective Devices, and Associated Equipment.""', 'Consequence': 'Without the blocking cap, the headlight aim can be adjusted out of specification, reducing visibility and increasing the risk of a crash.', 'Remedy': ""Volkswagen will notify owners, and dealers will inspect and, as necessary, block the headlight horizontal adjustment, free of charge.  The recall began July 16, 2019.  Owners may contact Volkswagen customer service at 1-800-253-2834.  Volkswagen's number for this recall is 94L9."", 'Notes': 'Owners may also contact the National Highway Traffic Safety Administration Vehicle Safety Hotline at 1-888-327-4236 (TTY 1-800-424-9153), or go to www.safercar.gov.', 'ModelYear': '2020', 'Make': 'VOLKSWAGEN', 'Model': 'PASSAT'}, {'Manufacturer': 'Volkswagen Group of America, Inc.', 'NHTSACampaignNumber': '19V218000', 'parkIt': False, 'parkOutSide': False, 'overTheAirUpdate': False, 'ReportReceivedDate': '20/03/2019', 'Component': 'AIR BAGS:SIDE/WINDOW', 'Summary': 'Volkswagen Group of America, Inc. (Volkswagen) is recalling certain 2019 Atlas and 2020 Passat vehicles.  An incorrect driver and/or front passenger side impact air bag may have been installed.', 'Consequence': 'In an event of a side impact crash, an incorrect side airbag may not deploy as intended, increasing the risk of injury.', 'Remedy': ""Volkswagen has inspected and replaced the side air bags, free of charge.  The recall was completed in April 2019.  Owners may contact Volkswagen customer service at 1-800-893-5298.  Volkswagen's number for this recall is 69Y8."", 'Notes': 'Owners may also contact the National Highway Traffic Safety Administration Vehicle Safety Hotline at 1-888-327-4236 (TTY 1-800-424-9153), or go to www.safercar.gov.', 'ModelYear': '2020', 'Make': 'VOLKSWAGEN', 'Model': 'PASSAT'}, {'Manufacturer': 'Volkswagen Group of America, Inc.', 'NHTSACampaignNumber': '20V533000', 'parkIt': False, 'parkOutSide': False, 'overTheAirUpdate': False, 'ReportReceivedDate': '02/09/2020', 'Component': 'AIR BAGS:PASSENGER SIDE FRONTAL:CUSHION', 'Summary': 'Volkswagen Group of America, Inc. (Volkswagen) is recalling certain 2020 Passat vehicles.  The passenger frontal air bag may have been folded incorrectly affecting its deployment force.  As such, these vehicles fail to comply with the requirements of Federal Motor Vehicle Safety Standard number 208, ""Occupant Crash Protection.""', 'Consequence': 'An incorrectly folded air bag can deploy with too much force, increasing the risk of injury.', 'Remedy': ""Volkswagen will notify owners, and dealers will replace the passenger frontal air bag, free of charge.  The recall began October 14, 2020.  Owners may contact Volkswagen customer service at 1-888-241-2289.  Volkswagen's number for this recall is 69AY."", 'Notes': 'Owners may also contact the National Highway Traffic Safety Administration Vehicle Safety Hotline at 1-888-327-4236 (TTY 1-800-424-9153), or go to www.safercar.gov.', 'ModelYear': '2020', 'Make': 'VOLKSWAGEN', 'Model': 'PASSAT'}]",,,,,,,,,,,,,,,,,,,,,,,,,,,,,,,,,,,,,,,,,,,,,,,,
pdf_extraction,2026-05-04 13:36:01.424,1.0,raw_recalls,,,,,automotive_report_twocolumn.pdf,pdf,/Users/elmedin.karisiksystemverification.com/Documents/private/Automotive-Industry-Tracker/data/raw/pdf/automotive_report_twocolumn.pdf,2026-05-04T13:36:01.393718,pdfplumber,"[{'page_number': 1, 'text': 'Automotive Two-Column Report\nAudi A4 Recalls Volkswagen Golf Recalls\nThe Audi A4 2020 had 3 recalls related to airbag, The Volkswagen Golf 2020 had 2 recalls related to\nbrake, and engine issues reported to NHTSA. electrical systems and fuel systems.\nComponent Recall Details (with borders)\nComponent Issue Affected Units\nAirbag Inflator rupture 15,000\nBrakes Brake fluid leak 8,200\nEngine Oil pressure loss 5,100\nComponent Recall Details (without borders)\nComponent Issue Affected Units\nAirbag Inflator rupture 15,000\nBrakes Brake fluid leak 8,200\nEngine Oil pressure loss 5,100', 'tables': [[['Component', 'Issue', 'Affected Units'], ['Airbag', 'Inflator rupture', '15,000'], ['Brakes', 'Brake fluid leak', '8,200'], ['Engine', 'Oil pressure loss', '5,100']]]}]",,,,,,,,,,,,,,,,,,,,,,,,,,,,,,,,,,,,,,,,,,
pdf_extraction,2026-05-04 13:36:01.449,1.0,raw_recalls,,,,,automotive_report_normal.pdf,pdf,/Users/elmedin.karisiksystemverification.com/Documents/private/Automotive-Industry-Tracker/data/raw/pdf/automotive_report_normal.pdf,2026-05-04T13:36:01.428697,pdfplumber,"[{'page_number': 1, 'text': 'Automotive Industry Recall Report 2020\nIntroduction\nThis report provides an overview of vehicle recalls issued in 2020 for major automotive brands including\nAudi, Volkswagen, and Skoda. Data sourced from NHTSA.\nRecall Summary Table (with borders)\nMake Model Year Recalls\nAudi A4 2020 3\nVolkswagen Golf 2020 2\nVolkswagen Passat 2020 3\nRecall Summary Table (without borders)\nMake Model Year Recalls\nAudi A4 2020 3\nVolkswagen Golf 2020 2\nVolkswagen Passat 2020 3', 'tables': [[['Make', 'Model', 'Year', 'Recalls'], ['Audi', 'A4', '2020', '3'], ['Volkswagen', 'Golf', '2020', '2'], ['Volkswagen', 'Passat', '2020', '3']]]}]",,,,,,,,,,,,,,,,,,,,,,,,,,,,,,,,,,,,,,,,,,
word_extraction,2026-05-04 13:36:01.656,1.0,raw_recalls,,,,,automotive_report.docx,word,/Users/elmedin.karisiksystemverification.com/Documents/private/Automotive-Industry-Tracker/data/raw/word/automotive_report.docx,2026-05-04T13:36:01.453749,python-docx,,"[{'style': 'Title', 'text': 'Automotive Industry Recall Report 2020'}, {'style': 'Normal', 'text': 'This report provides an overview of vehicle recalls issued in 2020. Data sourced from NHTSA database covering major VW Group vehicles.'}, {'style': 'Heading 1', 'text': 'Recall Overview'}, {'style': 'Normal', 'text': 'In 2020, several VW Group vehicles were subject to safety recalls. The recalls covered issues ranging from airbag defects to engine problems.'}, {'style': 'Heading 2', 'text': 'Table with Borders'}, {'style': 'Heading 2', 'text': 'Table without Borders'}, {'style': 'Heading 1', 'text': 'Two-Column Section'}, {'style': 'Normal', 'text': 'Left Column: Audi A4 had 3 recalls in 2020 including airbag and brake issues.'}, {'style': 'Normal', 'text': 'Right Column: Volkswagen Golf had 2 recalls related to electrical systems.'}]","[{'table_index': 0, 'data': [['Make', 'Model', 'Year', 'Recalls'], ['Audi', 'A4', '2020', '3'], ['Volkswagen', 'Golf', '2020', '2'], ['Volkswagen', 'Passat', '2020', '3']]}, {'table_index': 1, 'data': [['Make', 'Model', 'Year', 'Recalls'], ['Audi', 'A4', '2020', '3'], ['Volkswagen', 'Golf', '2020', '2'], ['Volkswagen', 'Passat', '2020', '3']]}]",,,,,,,,,,,,,,,,,,,,,,,,,,,,,,,,,,,,,,,,
excel_extraction,2026-05-04 13:36:01.696,1.0,raw_recalls,,,,,automotive_data.xlsx,excel,/Users/elmedin.karisiksystemverification.com/Documents/private/Automotive-Industry-Tracker/data/raw/excel/automotive_data.xlsx,2026-05-04T13:36:01.662594,openpyxl,,,,"[{'sheet_name': 'Recall Summary', 'rows': [['Make', 'Model', 'Year', 'Recall Count', 'Affected Units', 'Total Cost (USD)'], ['Audi', 'A4', '2020', '3', '15000', '2500000'], ['Volkswagen', 'Golf', '2020', '2', '8200', '1200000'], ['Volkswagen', 'Passat', '2020', '3', '5100', '980000'], ['TOTAL', '', '', '=SUM(D2:D4)', '=SUM(E2:E4)', '=SUM(F2:F4)']]}, {'sheet_name': 'Component Details', 'rows': [['Component', 'Issue', 'Make', 'Model', 'Affected Units'], ['Airbag', 'Inflator rupture', 'Audi', 'A4', '15000'], ['Brakes', 'Brake fluid leak', 'Volkswagen', 'Golf', '8200'], ['Engine', 'Oil pressure loss', 'Volkswagen', 'Passat', '5100']]}]",,,,,,,,,,,,,,,,,,,,,,,,,,,,,,,,,,,,,,,
web_scraping,2026-05-04 13:36:01.707,1.0,raw_recalls,,,,,,,local_html/page_1.html,,,,,,,2026-05-04T13:36:01.701977,,,,Audi A4 2020,"Luxury sedan with 2.0L TFSI engine, 190hp. Known for premium interior and advanced driver assistance.","$39,900",/cars/audi-a4-2020,1.0,,,,,,,,,,,,,,,,,,,,,,,,,,,,,,
web_scraping,2026-05-04 13:36:01.715,1.0,raw_recalls,,,,,,,local_html/page_1.html,,,,,,,2026-05-04T13:36:01.702128,,,,Audi A4 2019,Previous generation A4 with quattro all-wheel drive. Excellent safety ratings from NHTSA.,"$36,500",/cars/audi-a4-2019,1.0,,,,,,,,,,,,,,,,,,,,,,,,,,,,,,
web_scraping,2026-05-04 13:36:01.721,1.0,raw_recalls,,,,,,,local_html/page_1.html,,,,,,,2026-05-04T13:36:01.702253,,,,Audi A4 2018,Reliable executive sedan. NHTSA recall issued for airbag inflator replacement.,"$33,200",/cars/audi-a4-2018,1.0,,,,,,,,,,,,,,,,,,,,,,,,,,,,,,
web_scraping,2026-05-04 13:36:01.724,1.0,raw_recalls,,,,,,,local_html/page_2.html,,,,,,,2026-05-04T13:36:01.703037,,,,Volkswagen Golf 2020,Compact hatchback with 1.4L TSI engine. Popular choice in European markets.,"$23,195",/cars/volkswagen-golf-2020,2.0,,,,,,,,,,,,,,,,,,,,,,,,,,,,,,
web_scraping,2026-05-04 13:36:01.728,1.0,raw_recalls,,,,,,,local_html/page_2.html,,,,,,,2026-05-04T13:36:01.703169,,,,Volkswagen Golf 2019,"Award-winning hatchback. NHTSA recall for brake system defect affecting 8,200 units.","$21,500",/cars/volkswagen-golf-2019,2.0,,,,,,,,,,,,,,,,,,,,,,,,,,,,,,
web_scraping,2026-05-04 13:36:01.732,1.0,raw_recalls,,,,,,,local_html/page_2.html,,,,,,,2026-05-04T13:36:01.703289,,,,Volkswagen Golf GTI 2020,Performance variant with 228hp turbocharged engine and sport suspension.,"$29,995",/cars/volkswagen-golf-gti-2020,2.0,,,,,,,,,,,,,,,,,,,,,,,,,,,,,,
web_scraping,2026-05-04 13:36:01.738,1.0,raw_recalls,,,,,,,local_html/page_3.html,,,,,,,2026-05-04T13:36:01.703980,,,,Volkswagen Passat 2020,Midsize sedan with spacious interior. NHTSA recall for fuel pump defect.,"$24,990",/cars/volkswagen-passat-2020,3.0,,,,,,,,,,,,,,,,,,,,,,,,,,,,,,
web_scraping,2026-05-04 13:36:01.750,1.0,raw_recalls,,,,,,,local_html/page_3.html,,,,,,,2026-05-04T13:36:01.704105,,,,Volkswagen Passat 2019,Business-class sedan with advanced connectivity features and comfort.,"$22,800",/cars/volkswagen-passat-2019,3.0,,,,,,,,,,,,,,,,,,,,,,,,,,,,,,
web_scraping,2026-05-04 13:36:01.756,1.0,raw_recalls,,,,,,,local_html/page_3.html,,,,,,,2026-05-04T13:36:01.704289,,,,Skoda Octavia 2020,Czech-made sedan offering exceptional value. Part of VW Group platform.,"$19,990",/cars/skoda-octavia-2020,3.0,,,,,,,,,,,,,,,,,,,,,,,,,,,,,,
dynamic_scraping,2026-05-04 13:36:03.451,1.0,raw_recalls,Audi,A4,2020.0,"[{'Manufacturer': 'Volkswagen Group of America, Inc.', 'NHTSACampaignNumber': '22V034000', 'parkIt': False, 'parkOutSide': False, 'overTheAirUpdate': False, 'ReportReceivedDate': '26/01/2022', 'Component': 'TIRES', 'Summary': 'Volkswagen Group of America, Inc. (Audi) is recalling certain 2019-2021 Audi A5 Sportback, RS5 Coupe, RS5 Sportback, S5 Sportback, 2020-2021 A4 Allroad, A4 Sedan, A5 Cabriolet, A5 Coupe, A6 Allroad, A6 Sedan, A7, A8, Q5, S4 Sedan, S5 Coupe, S5 Cabriolet, S6 Sedan, S7, S8, SQ5, 2021 Q5 Sportback, Q7, Q8, RS6 Avant, RS7, RSQ8, SQ5 Sportback, SQ7, and SQ8 vehicles.  The rear axle alignment may not have been inspected after the repairs for Recall 21V-295 (42L1) were performed.', 'Consequence': 'Rear axle misalignment may cause premature or uneven tire wear, increasing the risk of a crash.', 'Remedy': ""Dealers will inspect the rear axle, adjust the alignment as necessary, and replace any prematurely or unevenly worn tires, free of charge.  Owner notification letters were mailed March 3, 2022.  Owners may contact Audi customer service at 1-800-253-2834.  Audi's number for this recall is 42L5."", 'Notes': 'Owners may also contact the National Highway Traffic Safety Administration Vehicle Safety Hotline at 1-888-327-4236 (TTY 1-800-424-9153), or go to www.nhtsa.gov.', 'ModelYear': '2020', 'Make': 'AUDI', 'Model': 'A4'}, {'Manufacturer': 'Volkswagen Group of America, Inc.', 'NHTSACampaignNumber': '21V295000', 'parkIt': False, 'parkOutSide': False, 'overTheAirUpdate': False, 'ReportReceivedDate': '26/04/2021', 'Component': 'SUSPENSION:REAR:AXLE:NON-POWERED AXLE ASSEMBLY', 'Summary': 'Volkswagen Group of America, Inc. (Audi) is recalling certain 2021 Q7, Q8, Q5 Sportback, SQ5 Sportback, RS6 Avant, RS7, RS Q8, 2020-2021 Audi S6 sedan, Q5, A8, S8, A7, A6 Allroad, A5 Cabriolet, A4 sedan, A4 Allroad, SQ5, S7, A6 sedan, S5 coupe, S4 sedan, S5 Cabriolet, A5 coupe, 2019-2021 RS5 coupe, A5 Sportback, S5 Sportback, RS5 Sportback vehicles.  The lock nut on the trailing arm of the rear axle may break due to stress corrosion.', 'Consequence': 'A broken lock nut may misalign the rear axle, causing a loss of control and increasing the risk of a crash.', 'Remedy': ""Dealers will replace the lock nuts and, if necessary, the associated bolts, free of charge.  Owner notification letters were mailed June 4, 2021.  Owners may contact Audi customer service at 1-800-253-2834.  Audi's number for this recall is 42L1."", 'Notes': 'Owners may also contact the National Highway Traffic Safety Administration Vehicle Safety Hotline at 1-888-327-4236 (TTY 1-800-424-9153), or go to www.safercar.gov.', 'ModelYear': '2020', 'Make': 'AUDI', 'Model': 'A4'}, {'Manufacturer': 'Volkswagen Group of America, Inc.', 'NHTSACampaignNumber': '21V874000', 'parkIt': False, 'parkOutSide': False, 'overTheAirUpdate': False, 'ReportReceivedDate': '10/11/2021', 'Component': 'SEATS', 'Summary': 'Volkswagen Group of America, Inc. (Audi) is recalling certain 2017-2020 A4 Allroad, A4 Sedan, 2018-2019 RS5 Coupe, 2019 RS5 Sportback, 2018-2020 A5 Cabriolet, A5 Coupe, A5 Sportback, S4 Sedan, S5 Cabriolet, S5 Coupe, and Audi S5 Sportback vehicles.  The cable connecting the seat heater to the Passenger Occupant Detection System (PODS) may have a contact fault, causing the software to misdiagnose a malfunction and disable the passenger air bag.', 'Consequence': 'A disabled passenger air bag increases the risk of injury in the event of a crash.', 'Remedy': ""Dealers will replace the connecting cable and either the heating mat or entire seat cover, free of charge.  Owner notification letters were mailed January 7, 2022.  Owners may contact Audi customer service at 1-800-253-2834.  Audi's number for this recall is 74E3.  This recall is an expansion of Recall 19V-547 (74D9).  Vehicles previously repaired under 19V-547 will need to return for the new remedy."", 'Notes': 'Owners may also contact the National Highway Traffic Safety Administration Vehicle Safety Hotline at 1-888-327-4236 (TTY 1-800-424-9153), or go to www.nhtsa.gov.', 'ModelYear': '2020', 'Make': 'AUDI', 'Model': 'A4'}]",,,https://api.nhtsa.gov/recalls/recallsByVehicle?make=Audi&model=A4&modelYear=2020,,,,,,,2026-05-04T13:36:03.442909,json_api,,,,,,,,,,,,,,,,,,,,,,,,,,,,,,,,,,,,,
dynamic_scraping,2026-05-04 13:36:05.188,1.0,raw_recalls,Volkswagen,Golf,2020.0,"[{'Manufacturer': 'Volkswagen Group of America, Inc.', 'NHTSACampaignNumber': '22V815000', 'parkIt': False, 'parkOutSide': False, 'overTheAirUpdate': False, 'ReportReceivedDate': '31/10/2022', 'Component': 'TIRES:PRESSURE MONITORING AND REGULATING SYSTEMS', 'Summary': 'Volkswagen Group of America, Inc. (Volkswagen) is recalling certain 2019 Volkswagen Tiguan LWB, Golf Sportswagen A7, Golf Alltrack, Golf R GP, Audi Q3, Audi A3 Cabriolet, 2019-2020 Jetta NF, Jetta GLI, Golf GTI, Atlas, Golf A7, Audi A3, 2020-2021 Atlas Cross Sport, and 2021 Atlas FL vehicles.  The tire pressure monitoring system may not detect an air pressure loss in adequate time when deflating occurs among all four tires simultaneously.  As such, these vehicles fail to comply with the requirements of Federal Motor Vehicle Safety Standard number 138, ""Tire Pressure Monitoring Systems.""', 'Consequence': 'An undetected sudden loss of pressure in all four tires increases the risk of a crash.', 'Remedy': ""Dealers will update the TPMS software, free of charge.  Owner notification letters were mailed November 18, 2022.  Owners may contact Volkswagen's customer service at 1-800-893-5298 or Audi\x92s customer service at 1-800-253-2834.  Volkswagen's numbers for this recall are (Audi) 45J7, and (VW) 45J6 and 45J8."", 'Notes': 'Owners may also contact the National Highway Traffic Safety Administration Vehicle Safety Hotline at 1-888-327-4236 (TTY 1-800-424-9153), or go to www.safercar.gov.', 'ModelYear': '2020', 'Make': 'VOLKSWAGEN', 'Model': 'GOLF'}, {'Manufacturer': 'Volkswagen Group of America, Inc.', 'NHTSACampaignNumber': '24V110000', 'parkIt': False, 'parkOutSide': False, 'overTheAirUpdate': False, 'NHTSAActionNumber': 'RQ23007', 'ReportReceivedDate': '14/02/2024', 'Component': 'FUEL SYSTEM, GASOLINE', 'Summary': 'Volkswagen Group of America, Inc. (Volkswagen) is recalling certain front-wheel drive 2015-2020 Audi A3 Sedan, 2015-2019 Audi A3 Cabriolet, 2019-2020 Volkswagen Jetta GLI, 2018 Golf Sportwagen GP, 2018-2019 Golf Sportwagen A7, 2015-2017 Golf Sportwagen, 2015-2020 Golf GTI, and 2015-2020 Golf A7 vehicles.  Due to a problem with a suction jet pump seal inside the fuel tank, fuel may flow into the evaporative emissions (EVAP) system and possibly leak out of the charcoal canister.', 'Consequence': 'A fuel leak in the presence of an ignition source increases the risk of a fire.', 'Remedy': ""Dealers will replace the suction pump, free of charge.  Final owner notification letters for Audi owners were mailed on July 25, 2024.  Final owner letters for VW owners were mailed on August 13, 2024.  Owners may contact Volkswagen customer service at 1-800-893-5298 or Audi customer service at 1-800-253-2834.  Volkswagen's numbers for this recall are VW: 20UF/Audi: 20YF.  Vehicles that were previously recalled under 16V-647 will need to have the new remedy completed.  This recall expands and replaces previous recall number 16V-647."", 'Notes': 'Owners may also contact the National Highway Traffic Safety Administration Vehicle Safety Hotline at 1-888-327-4236 (TTY 1-800-424-9153), or go to www.nhtsa.gov.', 'ModelYear': '2020', 'Make': 'VOLKSWAGEN', 'Model': 'GOLF'}]",,,https://api.nhtsa.gov/recalls/recallsByVehicle?make=Volkswagen&model=Golf&modelYear=2020,,,,,,,2026-05-04T13:36:05.185601,json_api,,,,,,,,,,,,,,,,,,,,,,,,,,,,,,,,,,,,,
dynamic_scraping,2026-05-04 13:36:06.911,1.0,raw_recalls,Volkswagen,Passat,2020.0,"[{'Manufacturer': 'Volkswagen Group of America, Inc.', 'NHTSACampaignNumber': '19V389000', 'parkIt': False, 'parkOutSide': False, 'overTheAirUpdate': False, 'ReportReceivedDate': '22/05/2019', 'Component': 'EXTERIOR LIGHTING:HEADLIGHTS', 'Summary': 'Volkswagen Group of America, Inc. (Volkswagen) is recalling certain 2012-2020 Volkswagen Passat and 2018-2019 Atlas vehicles.  The blocking cap disabling the adjustment of the headlight\'s horizontal aim may not have been installed.  As such, these vehicles fail to conform to Federal Motor Vehicle Safety Standard (FMVSS) number 108, ""Lamps, Reflective Devices, and Associated Equipment.""', 'Consequence': 'Without the blocking cap, the headlight aim can be adjusted out of specification, reducing visibility and increasing the risk of a crash.', 'Remedy': ""Volkswagen will notify owners, and dealers will inspect and, as necessary, block the headlight horizontal adjustment, free of charge.  The recall began July 16, 2019.  Owners may contact Volkswagen customer service at 1-800-253-2834.  Volkswagen's number for this recall is 94L9."", 'Notes': 'Owners may also contact the National Highway Traffic Safety Administration Vehicle Safety Hotline at 1-888-327-4236 (TTY 1-800-424-9153), or go to www.safercar.gov.', 'ModelYear': '2020', 'Make': 'VOLKSWAGEN', 'Model': 'PASSAT'}, {'Manufacturer': 'Volkswagen Group of America, Inc.', 'NHTSACampaignNumber': '19V218000', 'parkIt': False, 'parkOutSide': False, 'overTheAirUpdate': False, 'ReportReceivedDate': '20/03/2019', 'Component': 'AIR BAGS:SIDE/WINDOW', 'Summary': 'Volkswagen Group of America, Inc. (Volkswagen) is recalling certain 2019 Atlas and 2020 Passat vehicles.  An incorrect driver and/or front passenger side impact air bag may have been installed.', 'Consequence': 'In an event of a side impact crash, an incorrect side airbag may not deploy as intended, increasing the risk of injury.', 'Remedy': ""Volkswagen has inspected and replaced the side air bags, free of charge.  The recall was completed in April 2019.  Owners may contact Volkswagen customer service at 1-800-893-5298.  Volkswagen's number for this recall is 69Y8."", 'Notes': 'Owners may also contact the National Highway Traffic Safety Administration Vehicle Safety Hotline at 1-888-327-4236 (TTY 1-800-424-9153), or go to www.safercar.gov.', 'ModelYear': '2020', 'Make': 'VOLKSWAGEN', 'Model': 'PASSAT'}, {'Manufacturer': 'Volkswagen Group of America, Inc.', 'NHTSACampaignNumber': '20V533000', 'parkIt': False, 'parkOutSide': False, 'overTheAirUpdate': False, 'ReportReceivedDate': '02/09/2020', 'Component': 'AIR BAGS:PASSENGER SIDE FRONTAL:CUSHION', 'Summary': 'Volkswagen Group of America, Inc. (Volkswagen) is recalling certain 2020 Passat vehicles.  The passenger frontal air bag may have been folded incorrectly affecting its deployment force.  As such, these vehicles fail to comply with the requirements of Federal Motor Vehicle Safety Standard number 208, ""Occupant Crash Protection.""', 'Consequence': 'An incorrectly folded air bag can deploy with too much force, increasing the risk of injury.', 'Remedy': ""Volkswagen will notify owners, and dealers will replace the passenger frontal air bag, free of charge.  The recall began October 14, 2020.  Owners may contact Volkswagen customer service at 1-888-241-2289.  Volkswagen's number for this recall is 69AY."", 'Notes': 'Owners may also contact the National Highway Traffic Safety Administration Vehicle Safety Hotline at 1-888-327-4236 (TTY 1-800-424-9153), or go to www.safercar.gov.', 'ModelYear': '2020', 'Make': 'VOLKSWAGEN', 'Model': 'PASSAT'}]",,,https://api.nhtsa.gov/recalls/recallsByVehicle?make=Volkswagen&model=Passat&modelYear=2020,,,,,,,2026-05-04T13:36:06.909229,json_api,,,,,,,,,,,,,,,,,,,,,,,,,,,,,,,,,,,,,
selenium_scraping,2026-05-04 13:36:13.142,1.0,raw_recalls,,,,,,,https://www.wikipedia.org/wiki/Audi,,,,,,,2026-05-04T13:36:13.059248,selenium,,,Audi - Wikipedia,,,,,"Audi AG[a] is a German automotive manufacturer of luxury vehicles headquartered in Ingolstadt, Bavaria, Germany. As a wholly owned subsidiary of the Volkswagen Group, Audi produces vehicles in nine production facilities worldwide. The origins of the company are complex, dating back to the early 20th century and the initial enterprises (Horch and the Audiwerke) founded by engineer August Horch. Two other manufacturers (DKW and Wanderer) also contributed to the foundation of Auto Union in 1932. The modern Audi era began in the 1960s, when Auto Union was acquired by Volkswagen from Daimler-Benz.[7] Volkswagen relaunched the Audi brand with the 1965 introduction of the Audi F103 series, and merged Auto Union with NSU Motorenwerke in 1969, thus creating the present-day form of the company.",,,,,,,,,,,,,,,,,,,,,,,,,,,,,
ocr_image,2026-05-04 13:36:13.855,1.0,raw_recalls,,,,,audi_a4.jpg,image_ocr,/Users/elmedin.karisiksystemverification.com/Documents/private/Automotive-Industry-Tracker/data/raw/images/audi_a4.jpg,2026-05-04T13:36:13.849373,pytesseract,,,,,,,,"i mH I ui Le

",,,,,,,,,,,,,,,,,,,,,,,,,,,,,,,,,,,
ocr_image,2026-05-04 13:36:14.085,1.0,raw_recalls,,,,,volkswagen_golf.jpg,image_ocr,/Users/elmedin.karisiksystemverification.com/Documents/private/Automotive-Industry-Tracker/data/raw/images/volkswagen_golf.jpg,2026-05-04T13:36:14.084574,pytesseract,,,,,,,,,,,,,,,,,,,,,,,,,,,,,,,,,,,,,,,,,,,
ocr_image,2026-05-04 13:36:14.303,1.0,raw_recalls,,,,,volkswagen_id4.jpg,image_ocr,/Users/elmedin.karisiksystemverification.com/Documents/private/Automotive-Industry-Tracker/data/raw/images/volkswagen_id4.jpg,2026-05-04T13:36:14.301675,pytesseract,,,,,,,,,,,,,,,,,,,,,,,,,,,,,,,,,,,,,,,,,,,
ocr_image,2026-05-04 13:36:15.618,1.0,raw_recalls,,,,,test_scan.png,image_ocr,/Users/elmedin.karisiksystemverification.com/Documents/private/Automotive-Industry-Tracker/data/raw/images/test_scan.png,2026-05-04T13:36:15.617405,pytesseract,,,,,,,"The 2022 Audi RS6 Avant is a high-performance wagon that combines supercar power with everyday practicality. Under the hood, it boasts a 4.0-liter twin-turbocharged V8 engine
producing 591 horsepower and 590 Ib-ft of torque, enabling a 0-60 mph time of just 3.5 seconds. Equipped with Audi's Quattro all-wheel-drive system, adaptive air suspension, and dynamic
Steering, the RS6 delivers exceptional handling and comfort. Its aggressive design features wide fenders, a black honeycomb grille, and large oval exhaust tips, giving it a commanding
Toad presence, With a luxurious, tech-filled interior and ample cargo space, the RSG Avant is the ultimate blend of performance, luxury, and practicality.

Engine: 4.01 V8 Top speed: 190mph
Power: 591bhp 0-60: 31sec
Torque: 799nm Year: 2022
Weight: 2,282kg Country: German
","Cnnr RS6

The 2022 Audi RSG Avant is a high-performance wagon that combines supercar power with everyday practicality. Under the hood, it boasts a 4.0-liter twin-turbocharged V8 engine
producing 591 horsepower and 590 Ib-ft of torque, enabling a 0-60 mph time of just 3.5 seconds. Equipped with Audi's Quattro all-wheel-drive system, adaptive air suspension, and dynamic
steering, the RSG delivers exceptional handling and comfort. Its aggressive design features wide fenders, a black honeycomb grille, and large oval exhaust tips, giving it a commanding
road presence, With a luxurious, tech-filled interior and ample cargo space, the RS6 Avant is the ultimate blend of performance, luxury, and practicality.

Engine: 4.01 V8 Top speed: 190mph
Power: 591bhp 0-60: 31sec
Torque: 799nm Year: 2022
Weight: 2,282kg Country: German

",,,,,,,,,,,,,,,,,,,,,,,,,,,,,,,,,,,
ocr_image,2026-05-04 13:36:15.857,1.0,raw_recalls,,,,,volkswagen_passat.jpg,image_ocr,/Users/elmedin.karisiksystemverification.com/Documents/private/Automotive-Industry-Tracker/data/raw/images/volkswagen_passat.jpg,2026-05-04T13:36:15.855798,pytesseract,,,,,,,,"| it i i

",,,,,,,,,,,,,,,,,,,,,,,,,,,,,,,,,,,
ocr_scanned_pdf,2026-05-04 13:36:16.859,1.0,raw_recalls,,,,,scanned_report.pdf,scanned_pdf_ocr,/Users/elmedin.karisiksystemverification.com/Documents/private/Automotive-Industry-Tracker/data/raw/scanned/scanned_report.pdf,2026-05-04T13:36:16.858343,pytesseract+pdf2image,"[{'page_number': 1, 'text': 'Automotive Industry Recall Report 2020\n\nIntroduction\n\nThis report provides an overview of vehicle recalls issued in 2020 for major automotive brands including\nAudi, Volkswagen, and Skoda. Data sourced from NHTSA.\n\nRecall Summary Table (with borders)\n\nMake Model | Year | Recalls\n\nRecall Summary Table (without borders)\nMake Model Year Recalls\nAudi A4 2020 3\nVolkswagen Golf 2020 2\nVolkswagen Passat 2020 3\n\n'}]",,,,,,,,,,,,,,,,,,,,,,,,,,,,,,,,,,,,,,,,,,
image_processing,2026-05-04 13:36:17.461,1.0,raw_recalls,,,,,audi_a4.jpg,,vehicle_image,,,,,,,,automotive,,,,,,,,,/Users/elmedin.karisiksystemverification.com/Documents/private/Automotive-Industry-Tracker/data/raw/images/audi_a4.jpg,/Users/elmedin.karisiksystemverification.com/Documents/private/Automotive-Industry-Tracker/data/processed/resized/audi_a4_resized.jpg,/Users/elmedin.karisiksystemverification.com/Documents/private/Automotive-Industry-Tracker/data/processed/thumbnails/audi_a4_thumb.jpg,/Users/elmedin.karisiksystemverification.com/Documents/private/Automotive-Industry-Tracker/data/processed/webp/audi_a4.webp,JPEG,RGB,960.0,500.0,157.31,audi_a4.jpg,Unknown,Unknown,Unknown,Unknown,Unknown,Unknown,Unknown,Unknown,No GPS data,2026-05-04T13:36:17.455516,2026-05-04T13:36:17.455574,,,,,,,,
image_processing,2026-05-04 13:36:17.601,1.0,raw_recalls,,,,,volkswagen_golf.jpg,,vehicle_image,,,,,,,,automotive,,,,,,,,,/Users/elmedin.karisiksystemverification.com/Documents/private/Automotive-Industry-Tracker/data/raw/images/volkswagen_golf.jpg,/Users/elmedin.karisiksystemverification.com/Documents/private/Automotive-Industry-Tracker/data/processed/resized/volkswagen_golf_resized.jpg,/Users/elmedin.karisiksystemverification.com/Documents/private/Automotive-Industry-Tracker/data/processed/thumbnails/volkswagen_golf_thumb.jpg,/Users/elmedin.karisiksystemverification.com/Documents/private/Automotive-Industry-Tracker/data/processed/webp/volkswagen_golf.webp,JPEG,RGB,960.0,490.0,121.7,volkswagen_golf.jpg,Unknown,Unknown,Unknown,Unknown,Unknown,Unknown,Unknown,Unknown,No GPS data,2026-05-04T13:36:17.600497,2026-05-04T13:36:17.600541,,,,,,,,
image_processing,2026-05-04 13:36:17.759,1.0,raw_recalls,,,,,volkswagen_id4.jpg,,vehicle_image,,,,,,,,automotive,,,,,,,,,/Users/elmedin.karisiksystemverification.com/Documents/private/Automotive-Industry-Tracker/data/raw/images/volkswagen_id4.jpg,/Users/elmedin.karisiksystemverification.com/Documents/private/Automotive-Industry-Tracker/data/processed/resized/volkswagen_id4_resized.jpg,/Users/elmedin.karisiksystemverification.com/Documents/private/Automotive-Industry-Tracker/data/processed/thumbnails/volkswagen_id4_thumb.jpg,/Users/elmedin.karisiksystemverification.com/Documents/private/Automotive-Industry-Tracker/data/processed/webp/volkswagen_id4.webp,JPEG,RGB,960.0,533.0,131.99,volkswagen_id4.jpg,Unknown,Unknown,Unknown,Unknown,Unknown,Unknown,Unknown,Unknown,No GPS data,2026-05-04T13:36:17.758663,2026-05-04T13:36:17.758708,,,,,,,,
image_processing,2026-05-04 13:36:19.197,1.0,raw_recalls,,,,,test_scan.png,,vehicle_image,,,,,,,,automotive,,,,,,,,,/Users/elmedin.karisiksystemverification.com/Documents/private/Automotive-Industry-Tracker/data/raw/images/test_scan.png,/Users/elmedin.karisiksystemverification.com/Documents/private/Automotive-Industry-Tracker/data/processed/resized/test_scan_resized.png,/Users/elmedin.karisiksystemverification.com/Documents/private/Automotive-Industry-Tracker/data/processed/thumbnails/test_scan_thumb.png,/Users/elmedin.karisiksystemverification.com/Documents/private/Automotive-Industry-Tracker/data/processed/webp/test_scan.webp,WEBP,RGBA,1946.0,1946.0,117.6,test_scan.png,Unknown,Unknown,Unknown,Unknown,Unknown,Unknown,Unknown,1,No GPS data,2026-05-04T13:36:19.196538,2026-05-04T13:36:19.196576,,,,,,,,
image_processing,2026-05-04 13:36:19.355,1.0,raw_recalls,,,,,volkswagen_passat.jpg,,vehicle_image,,,,,,,,automotive,,,,,,,,,/Users/elmedin.karisiksystemverification.com/Documents/private/Automotive-Industry-Tracker/data/raw/images/volkswagen_passat.jpg,/Users/elmedin.karisiksystemverification.com/Documents/private/Automotive-Industry-Tracker/data/processed/resized/volkswagen_passat_resized.jpg,/Users/elmedin.karisiksystemverification.com/Documents/private/Automotive-Industry-Tracker/data/processed/thumbnails/volkswagen_passat_thumb.jpg,/Users/elmedin.karisiksystemverification.com/Documents/private/Automotive-Industry-Tracker/data/processed/webp/volkswagen_passat.webp,JPEG,RGB,960.0,484.0,146.75,volkswagen_passat.jpg,Unknown,Unknown,Unknown,Unknown,Unknown,Unknown,Unknown,Unknown,No GPS data,2026-05-04T13:36:19.354743,2026-05-04T13:36:19.354787,,,,,,,,
,,,transcripts,,,,,,,,,,,,,,,,,,,,,,,,,,,,,,,,,,,,,,,,,,,,,/Users/elmedin.karisiksystemverification.com/Documents/private/Automotive-Industry-Tracker/data/raw/audio/audi_promo.wav,en,0.9082,66.29,base,"[{'start': 2.52, 'end': 3.88, 'text': 'Who we are?', 'words': [{'word': ' Who', 'start': 2.52, 'end': 3.4, 'probability': 0.6588}, {'word': ' we', 'start': 3.4, 'end': 3.56, 'probability': 0.7777}, {'word': ' are?', 'start': 3.56, 'end': 3.88, 'probability': 0.9978}]}, {'start': 4.94, 'end': 6.74, 'text': ""It's where we come from."", 'words': [{'word': "" It's"", 'start': 4.94, 'end': 5.82, 'probability': 0.9769}, {'word': ' where', 'start': 5.82, 'end': 5.98, 'probability': 0.9973}, {'word': ' we', 'start': 5.98, 'end': 6.14, 'probability': 0.9988}, {'word': ' come', 'start': 6.14, 'end': 6.36, 'probability': 0.9957}, {'word': ' from.', 'start': 6.36, 'end': 6.74, 'probability': 0.9988}]}, {'start': 8.22, 'end': 9.96, 'text': 'And where we are going.', 'words': [{'word': ' And', 'start': 8.22, 'end': 9.04, 'probability': 0.9519}, {'word': ' where', 'start': 9.04, 'end': 9.24, 'probability': 0.9886}, {'word': ' we', 'start': 9.24, 'end': 9.44, 'probability': 0.9926}, {'word': ' are', 'start': 9.44, 'end': 9.54, 'probability': 0.8559}, {'word': ' going.', 'start': 9.54, 'end': 9.96, 'probability': 0.9982}]}, {'start': 13.6, 'end': 14.48, 'text': 'Intelligence.', 'words': [{'word': ' Intelligence.', 'start': 13.6, 'end': 14.48, 'probability': 0.887}]}, {'start': 15.44, 'end': 16.28, 'text': ""That's playful."", 'words': [{'word': "" That's"", 'start': 15.44, 'end': 15.9, 'probability': 0.9888}, {'word': ' playful.', 'start': 15.9, 'end': 16.28, 'probability': 0.8479}]}, {'start': 17.02, 'end': 17.62, 'text': 'A thrill.', 'words': [{'word': ' A', 'start': 17.02, 'end': 17.26, 'probability': 0.9884}, {'word': ' thrill.', 'start': 17.26, 'end': 17.62, 'probability': 0.9958}]}, {'start': 19.72, 'end': 20.6, 'text': 'Speed.', 'words': [{'word': ' Speed.', 'start': 19.72, 'end': 20.6, 'probability': 0.9766}]}, {'start': 21.92, 'end': 22.6, 'text': 'A adrenaline.', 'words': [{'word': ' A', 'start': 21.92, 'end': 22.28, 'probability': 0.5284}, {'word': ' adrenaline.', 'start': 22.28, 'end': 22.6, 'probability': 0.8287}]}, {'start': 24.76, 'end': 27.12, 'text': 'On or off road.', 'words': [{'word': ' On', 'start': 24.76, 'end': 25.64, 'probability': 0.7691}, {'word': ' or', 'start': 25.64, 'end': 26.52, 'probability': 0.5493}, {'word': ' off', 'start': 26.52, 'end': 26.88, 'probability': 0.9242}, {'word': ' road.', 'start': 26.88, 'end': 27.12, 'probability': 0.4693}]}, {'start': 28.14, 'end': 29.02, 'text': 'Beauty.', 'words': [{'word': ' Beauty.', 'start': 28.14, 'end': 29.02, 'probability': 0.4011}]}, {'start': 30.12, 'end': 31.18, 'text': 'It makes us smile.', 'words': [{'word': ' It', 'start': 29.84, 'end': 30.28, 'probability': 0.4377}, {'word': ' makes', 'start': 30.28, 'end': 30.46, 'probability': 0.9945}, {'word': ' us', 'start': 30.46, 'end': 30.68, 'probability': 0.889}, {'word': ' smile.', 'start': 30.68, 'end': 31.18, 'probability': 0.9973}]}, {'start': 31.8, 'end': 33.16, 'text': 'A surge of emotion.', 'words': [{'word': ' A', 'start': 31.8, 'end': 32.12, 'probability': 0.9624}, {'word': ' surge', 'start': 32.12, 'end': 32.5, 'probability': 0.9958}, {'word': ' of', 'start': 32.5, 'end': 32.72, 'probability': 0.9987}, {'word': ' emotion.', 'start': 32.72, 'end': 33.16, 'probability': 0.9776}]}, {'start': 34.54, 'end': 35.0, 'text': 'Bold.', 'words': [{'word': ' Bold.', 'start': 34.54, 'end': 35.0, 'probability': 0.4752}]}, {'start': 35.72, 'end': 36.38, 'text': 'And peaceful.', 'words': [{'word': ' And', 'start': 35.72, 'end': 36.02, 'probability': 0.7443}, {'word': ' peaceful.', 'start': 36.02, 'end': 36.38, 'probability': 0.9905}]}, {'start': 39.62, 'end': 40.5, 'text': 'Unstoppable.', 'words': [{'word': ' Unstoppable.', 'start': 39.62, 'end': 40.5, 'probability': 0.9517}]}, {'start': 41.72, 'end': 42.42, 'text': 'Unlimited.', 'words': [{'word': ' Unlimited.', 'start': 41.72, 'end': 42.42, 'probability': 0.9793}]}, {'start': 43.82, 'end': 44.5, 'text': 'Intensity.', 'words': [{'word': ' Intensity.', 'start': 43.82, 'end': 44.5, 'probability': 0.9786}]}, {'start': 45.16, 'end': 46.6, 'text': 'Even in a cloud of dust.', 'words': [{'word': ' Even', 'start': 45.16, 'end': 45.36, 'probability': 0.9896}, {'word': ' in', 'start': 45.36, 'end': 45.5, 'probability': 0.9889}, {'word': ' a', 'start': 45.5, 'end': 45.6, 'probability': 0.992}, {'word': ' cloud', 'start': 45.6, 'end': 45.86, 'probability': 0.9768}, {'word': ' of', 'start': 45.86, 'end': 46.16, 'probability': 0.9983}, {'word': ' dust.', 'start': 46.16, 'end': 46.6, 'probability': 0.9979}]}, {'start': 48.78, 'end': 52.08, 'text': 'That tingle that just ran down your spine.', 'words': [{'word': ' That', 'start': 48.78, 'end': 49.66, 'probability': 0.6261}, {'word': ' tingle', 'start': 49.66, 'end': 50.22, 'probability': 0.9424}, {'word': ' that', 'start': 50.22, 'end': 50.68, 'probability': 0.8044}, {'word': ' just', 'start': 50.68, 'end': 50.92, 'probability': 0.997}, {'word': ' ran', 'start': 50.92, 'end': 51.22, 'probability': 0.9873}, {'word': ' down', 'start': 51.22, 'end': 51.46, 'probability': 0.9966}, {'word': ' your', 'start': 51.46, 'end': 51.7, 'probability': 0.9972}, {'word': ' spine.', 'start': 51.7, 'end': 52.08, 'probability': 0.9878}]}, {'start': 53.16, 'end': 54.5, 'text': 'This is you.', 'words': [{'word': ' This', 'start': 53.16, 'end': 54.04, 'probability': 0.9782}, {'word': ' is', 'start': 54.04, 'end': 54.22, 'probability': 0.9977}, {'word': ' you.', 'start': 54.22, 'end': 54.5, 'probability': 0.9932}]}, {'start': 55.5, 'end': 56.62, 'text': 'This is us.', 'words': [{'word': ' This', 'start': 55.5, 'end': 56.08, 'probability': 0.3565}, {'word': ' is', 'start': 56.08, 'end': 56.28, 'probability': 0.9767}, {'word': ' us.', 'start': 56.28, 'end': 56.62, 'probability': 0.859}]}, {'start': 58.0, 'end': 60.18, 'text': 'This is Audi.', 'words': [{'word': ' This', 'start': 58.0, 'end': 58.88, 'probability': 0.977}, {'word': ' is', 'start': 58.88, 'end': 59.76, 'probability': 0.9689}, {'word': ' Audi.', 'start': 59.76, 'end': 60.18, 'probability': 0.8662}]}]",22.0,2026-04-16 18:00:56.371
,,,transcripts,,,,,,,,,,,,,,,,,,,,,,,,,,,,,,,,,,,,,,,,,,,,,/Users/elmedin.karisiksystemverification.com/Documents/private/Automotive-Industry-Tracker/data/processed/audio/extracted_from_video.mp3,en,0.9144,66.29,base,"[{'start': 2.66, 'end': 16.28, 'text': ""Who we are, it's where we come from, and where we are going, intelligence that's playful,"", 'words': [{'word': ' Who', 'start': 2.66, 'end': 3.4, 'probability': 0.6376}, {'word': ' we', 'start': 3.4, 'end': 3.56, 'probability': 0.7892}, {'word': ' are,', 'start': 3.56, 'end': 3.88, 'probability': 0.9982}, {'word': "" it's"", 'start': 4.2, 'end': 5.8, 'probability': 0.9462}, {'word': ' where', 'start': 5.8, 'end': 5.98, 'probability': 0.998}, {'word': ' we', 'start': 5.98, 'end': 6.14, 'probability': 0.9988}, {'word': ' come', 'start': 6.14, 'end': 6.36, 'probability': 0.9961}, {'word': ' from,', 'start': 6.36, 'end': 6.8, 'probability': 0.9988}, {'word': ' and', 'start': 7.18, 'end': 9.04, 'probability': 0.9628}, {'word': ' where', 'start': 9.04, 'end': 9.24, 'probability': 0.995}, {'word': ' we', 'start': 9.24, 'end': 9.44, 'probability': 0.9989}, {'word': ' are', 'start': 9.44, 'end': 9.54, 'probability': 0.8935}, {'word': ' going,', 'start': 9.54, 'end': 10.0, 'probability': 0.9981}, {'word': ' intelligence', 'start': 10.58, 'end': 14.46, 'probability': 0.911}, {'word': "" that's"", 'start': 14.46, 'end': 15.92, 'probability': 0.8036}, {'word': ' playful,', 'start': 15.92, 'end': 16.28, 'probability': 0.9839}]}, {'start': 16.28, 'end': 33.18, 'text': 'a thrill, speed, adrenaline, or off-road, beauty that makes us smile, a surge of emotion,', 'words': [{'word': ' a', 'start': 16.28, 'end': 16.72, 'probability': 0.0431}, {'word': ' thrill,', 'start': 16.72, 'end': 17.68, 'probability': 0.7894}, {'word': ' speed,', 'start': 17.8, 'end': 20.78, 'probability': 0.9678}, {'word': ' adrenaline,', 'start': 21.08, 'end': 22.7, 'probability': 0.9854}, {'word': ' or', 'start': 23.32, 'end': 25.38, 'probability': 0.2625}, {'word': ' off', 'start': 25.38, 'end': 26.88, 'probability': 0.3581}, {'word': '-road,', 'start': 26.88, 'end': 27.16, 'probability': 0.8461}, {'word': ' beauty', 'start': 27.72, 'end': 29.0, 'probability': 0.9595}, {'word': ' that', 'start': 29.0, 'end': 30.28, 'probability': 0.5386}, {'word': ' makes', 'start': 30.28, 'end': 30.46, 'probability': 0.9944}, {'word': ' us', 'start': 30.46, 'end': 30.7, 'probability': 0.9336}, {'word': ' smile,', 'start': 30.7, 'end': 31.18, 'probability': 0.9969}, {'word': ' a', 'start': 31.76, 'end': 32.12, 'probability': 0.9497}, {'word': ' surge', 'start': 32.12, 'end': 32.52, 'probability': 0.9966}, {'word': ' of', 'start': 32.52, 'end': 32.72, 'probability': 0.9969}, {'word': ' emotion,', 'start': 32.72, 'end': 33.18, 'probability': 0.9744}]}, {'start': 34.18, 'end': 47.18, 'text': 'bold and peaceful, unstoppable, unlimited, intensity, even in a cloud of dust,', 'words': [{'word': ' bold', 'start': 34.18, 'end': 35.0, 'probability': 0.0152}, {'word': ' and', 'start': 35.0, 'end': 36.0, 'probability': 0.8404}, {'word': ' peaceful,', 'start': 36.0, 'end': 36.44, 'probability': 0.9956}, {'word': ' unstoppable,', 'start': 36.76, 'end': 40.46, 'probability': 0.9497}, {'word': ' unlimited,', 'start': 41.18, 'end': 42.44, 'probability': 0.9887}, {'word': ' intensity,', 'start': 42.98, 'end': 44.5, 'probability': 0.9493}, {'word': ' even', 'start': 44.9, 'end': 45.36, 'probability': 0.9979}, {'word': ' in', 'start': 45.36, 'end': 45.5, 'probability': 0.9868}, {'word': ' a', 'start': 45.5, 'end': 45.58, 'probability': 0.9818}, {'word': ' cloud', 'start': 45.58, 'end': 45.86, 'probability': 0.9786}, {'word': ' of', 'start': 45.86, 'end': 46.16, 'probability': 0.9975}, {'word': ' dust,', 'start': 46.16, 'end': 47.18, 'probability': 0.9976}]}, {'start': 48.74, 'end': 60.18, 'text': 'that tingle that just ran down your spine, this is you, this is us, this is Audi.', 'words': [{'word': ' that', 'start': 48.74, 'end': 49.66, 'probability': 0.8508}, {'word': ' tingle', 'start': 49.66, 'end': 50.22, 'probability': 0.934}, {'word': ' that', 'start': 50.22, 'end': 50.68, 'probability': 0.9392}, {'word': ' just', 'start': 50.68, 'end': 50.94, 'probability': 0.9969}, {'word': ' ran', 'start': 50.94, 'end': 51.2, 'probability': 0.9848}, {'word': ' down', 'start': 51.2, 'end': 51.46, 'probability': 0.9959}, {'word': ' your', 'start': 51.46, 'end': 51.68, 'probability': 0.9975}, {'word': ' spine,', 'start': 51.68, 'end': 52.2, 'probability': 0.9953}, {'word': ' this', 'start': 52.42, 'end': 54.02, 'probability': 0.8316}, {'word': ' is', 'start': 54.02, 'end': 54.22, 'probability': 0.9915}, {'word': ' you,', 'start': 54.22, 'end': 54.5, 'probability': 0.9813}, {'word': ' this', 'start': 55.12, 'end': 56.1, 'probability': 0.995}, {'word': ' is', 'start': 56.1, 'end': 56.36, 'probability': 0.9957}, {'word': ' us,', 'start': 56.36, 'end': 56.68, 'probability': 0.9921}, {'word': ' this', 'start': 57.34, 'end': 58.72, 'probability': 0.9923}, {'word': ' is', 'start': 58.72, 'end': 59.74, 'probability': 0.9919}, {'word': ' Audi.', 'start': 59.74, 'end': 60.18, 'probability': 0.8118}]}, {'start': 64.86, 'end': 66.26, 'text': 'Who we are, this is us.', 'words': [{'word': ' Who', 'start': 64.86, 'end': 66.26, 'probability': 0.0011}, {'word': ' we', 'start': 66.26, 'end': 66.26, 'probability': 0.0019}, {'word': ' are,', 'start': 66.26, 'end': 66.26, 'probability': 0.1763}, {'word': ' this', 'start': 66.26, 'end': 66.26, 'probability': 0.0112}, {'word': ' is', 'start': 66.26, 'end': 66.26, 'probability': 0.6364}, {'word': ' us.', 'start': 66.26, 'end': 66.26, 'probability': 0.0097}]}]",5.0,2026-04-16 18:00:58.187
,,,transcripts,,,,,,,,,,,,,,,,,,,,,,,,,,,,,,,,,,,,,,,,,,,,,/Users/elmedin.karisiksystemverification.com/Documents/private/Automotive-Industry-Tracker/data/raw/audio/audi_promo.mp3,en,,66.29,base,"[{'start': 0.0, 'end': 22.7, 'text': ""Who we are, it's where we come from, and where we are going, intelligence that's playful, a thrill, speed, adrenaline,"", 'words': [{'word': ' Who', 'start': 0.0, 'end': 1.34, 'probability': 0.6655}, {'word': ' we', 'start': 1.34, 'end': 3.56, 'probability': 0.7967}, {'word': ' are,', 'start': 3.56, 'end': 3.86, 'probability': 0.9979}, {'word': "" it's"", 'start': 4.2, 'end': 5.8, 'probability': 0.9393}, {'word': ' where', 'start': 5.8, 'end': 5.98, 'probability': 0.9979}, {'word': ' we', 'start': 5.98, 'end': 6.14, 'probability': 0.999}, {'word': ' come', 'start': 6.14, 'end': 6.36, 'probability': 0.9958}, {'word': ' from,', 'start': 6.36, 'end': 6.78, 'probability': 0.9983}, {'word': ' and', 'start': 7.18, 'end': 9.02, 'probability': 0.9597}, {'word': ' where', 'start': 9.02, 'end': 9.24, 'probability': 0.9952}, {'word': ' we', 'start': 9.24, 'end': 9.44, 'probability': 0.9982}, {'word': ' are', 'start': 9.44, 'end': 9.54, 'probability': 0.9116}, {'word': ' going,', 'start': 9.54, 'end': 10.02, 'probability': 0.9975}, {'word': ' intelligence', 'start': 10.58, 'end': 14.44, 'probability': 0.9041}, {'word': "" that's"", 'start': 14.44, 'end': 15.92, 'probability': 0.7798}, {'word': ' playful,', 'start': 15.92, 'end': 16.28, 'probability': 0.9829}, {'word': ' a', 'start': 16.94, 'end': 17.26, 'probability': 0.942}, {'word': ' thrill,', 'start': 17.26, 'end': 17.74, 'probability': 0.9969}, {'word': ' speed,', 'start': 18.42, 'end': 20.7, 'probability': 0.9938}, {'word': ' adrenaline,', 'start': 21.86, 'end': 22.7, 'probability': 0.9806}]}, {'start': 24.5, 'end': 40.48, 'text': 'on or off-road, beauty that makes us smile, a surge of emotion, bold and peaceful, unstoppable,', 'words': [{'word': ' on', 'start': 24.5, 'end': 25.5, 'probability': 0.0221}, {'word': ' or', 'start': 25.5, 'end': 26.5, 'probability': 0.7155}, {'word': ' off', 'start': 26.5, 'end': 26.88, 'probability': 0.8282}, {'word': '-road,', 'start': 26.88, 'end': 27.2, 'probability': 0.6064}, {'word': ' beauty', 'start': 27.32, 'end': 29.0, 'probability': 0.885}, {'word': ' that', 'start': 29.0, 'end': 30.28, 'probability': 0.4319}, {'word': ' makes', 'start': 30.28, 'end': 30.46, 'probability': 0.9957}, {'word': ' us', 'start': 30.46, 'end': 30.7, 'probability': 0.8966}, {'word': ' smile,', 'start': 30.7, 'end': 31.18, 'probability': 0.9966}, {'word': ' a', 'start': 31.74, 'end': 32.12, 'probability': 0.9449}, {'word': ' surge', 'start': 32.12, 'end': 32.52, 'probability': 0.9958}, {'word': ' of', 'start': 32.52, 'end': 32.72, 'probability': 0.9981}, {'word': ' emotion,', 'start': 32.72, 'end': 33.2, 'probability': 0.976}, {'word': ' bold', 'start': 33.72, 'end': 35.0, 'probability': 0.8105}, {'word': ' and', 'start': 35.0, 'end': 36.0, 'probability': 0.6562}, {'word': ' peaceful,', 'start': 36.0, 'end': 36.44, 'probability': 0.9962}, {'word': ' unstoppable,', 'start': 37.96, 'end': 40.48, 'probability': 0.9561}]}, {'start': 43.0, 'end': 47.22, 'text': 'unlimited, intensity, even in a cloud of dust,', 'words': [{'word': ' unlimited,', 'start': 43.0, 'end': 43.76, 'probability': 0.0323}, {'word': ' intensity,', 'start': 43.76, 'end': 44.52, 'probability': 0.9563}, {'word': ' even', 'start': 44.9, 'end': 45.36, 'probability': 0.9978}, {'word': ' in', 'start': 45.36, 'end': 45.5, 'probability': 0.9789}, {'word': ' a', 'start': 45.5, 'end': 45.58, 'probability': 0.9849}, {'word': ' cloud', 'start': 45.58, 'end': 45.88, 'probability': 0.9876}, {'word': ' of', 'start': 45.88, 'end': 46.16, 'probability': 0.9959}, {'word': ' dust,', 'start': 46.16, 'end': 47.22, 'probability': 0.9954}]}, {'start': 49.48, 'end': 60.18, 'text': 'that tingle that just ran down your spine, this is you, this is us, this is Audi.', 'words': [{'word': ' that', 'start': 49.28, 'end': 49.66, 'probability': 0.4548}, {'word': ' tingle', 'start': 49.66, 'end': 50.22, 'probability': 0.9497}, {'word': ' that', 'start': 50.22, 'end': 50.68, 'probability': 0.9157}, {'word': ' just', 'start': 50.68, 'end': 50.92, 'probability': 0.9952}, {'word': ' ran', 'start': 50.92, 'end': 51.22, 'probability': 0.9773}, {'word': ' down', 'start': 51.22, 'end': 51.46, 'probability': 0.9927}, {'word': ' your', 'start': 51.46, 'end': 51.68, 'probability': 0.9977}, {'word': ' spine,', 'start': 51.68, 'end': 52.2, 'probability': 0.9958}, {'word': ' this', 'start': 52.42, 'end': 54.04, 'probability': 0.8811}, {'word': ' is', 'start': 54.04, 'end': 54.22, 'probability': 0.9932}, {'word': ' you,', 'start': 54.22, 'end': 54.5, 'probability': 0.9636}, {'word': ' this', 'start': 55.12, 'end': 56.1, 'probability': 0.9945}, {'word': ' is', 'start': 56.1, 'end': 56.34, 'probability': 0.9935}, {'word': ' us,', 'start': 56.34, 'end': 56.7, 'probability': 0.9892}, {'word': ' this', 'start': 57.34, 'end': 58.84, 'probability': 0.9786}, {'word': ' is', 'start': 58.84, 'end': 59.76, 'probability': 0.9729}, {'word': ' Audi.', 'start': 59.76, 'end': 60.18, 'probability': 0.8558}]}]",4.0,2026-04-16 18:00:59.847
,,,transcripts,,,,,,,,,,,,,,,,,,,,,,,,,,,,,,,,,,,,,,,,,,,,,/Users/elmedin.karisiksystemverification.com/Documents/private/Automotive-Industry-Tracker/data/raw/audio/audi_promo.wav,en,0.9082,66.29,base,"[{'start': 2.52, 'end': 3.88, 'text': 'Who we are?', 'words': [{'word': ' Who', 'start': 2.52, 'end': 3.4, 'probability': 0.6588}, {'word': ' we', 'start': 3.4, 'end': 3.56, 'probability': 0.7777}, {'word': ' are?', 'start': 3.56, 'end': 3.88, 'probability': 0.9978}]}, {'start': 4.94, 'end': 6.74, 'text': ""It's where we come from."", 'words': [{'word': "" It's"", 'start': 4.94, 'end': 5.82, 'probability': 0.9769}, {'word': ' where', 'start': 5.82, 'end': 5.98, 'probability': 0.9973}, {'word': ' we', 'start': 5.98, 'end': 6.14, 'probability': 0.9988}, {'word': ' come', 'start': 6.14, 'end': 6.36, 'probability': 0.9957}, {'word': ' from.', 'start': 6.36, 'end': 6.74, 'probability': 0.9988}]}, {'start': 8.22, 'end': 9.96, 'text': 'And where we are going.', 'words': [{'word': ' And', 'start': 8.22, 'end': 9.04, 'probability': 0.9519}, {'word': ' where', 'start': 9.04, 'end': 9.24, 'probability': 0.9886}, {'word': ' we', 'start': 9.24, 'end': 9.44, 'probability': 0.9926}, {'word': ' are', 'start': 9.44, 'end': 9.54, 'probability': 0.8559}, {'word': ' going.', 'start': 9.54, 'end': 9.96, 'probability': 0.9982}]}, {'start': 13.6, 'end': 14.48, 'text': 'Intelligence.', 'words': [{'word': ' Intelligence.', 'start': 13.6, 'end': 14.48, 'probability': 0.887}]}, {'start': 15.44, 'end': 16.28, 'text': ""That's playful."", 'words': [{'word': "" That's"", 'start': 15.44, 'end': 15.9, 'probability': 0.9888}, {'word': ' playful.', 'start': 15.9, 'end': 16.28, 'probability': 0.8479}]}, {'start': 17.02, 'end': 17.62, 'text': 'A thrill.', 'words': [{'word': ' A', 'start': 17.02, 'end': 17.26, 'probability': 0.9884}, {'word': ' thrill.', 'start': 17.26, 'end': 17.62, 'probability': 0.9958}]}, {'start': 19.72, 'end': 20.6, 'text': 'Speed.', 'words': [{'word': ' Speed.', 'start': 19.72, 'end': 20.6, 'probability': 0.9766}]}, {'start': 21.92, 'end': 22.6, 'text': 'A adrenaline.', 'words': [{'word': ' A', 'start': 21.92, 'end': 22.28, 'probability': 0.5284}, {'word': ' adrenaline.', 'start': 22.28, 'end': 22.6, 'probability': 0.8287}]}, {'start': 24.76, 'end': 27.12, 'text': 'On or off road.', 'words': [{'word': ' On', 'start': 24.76, 'end': 25.64, 'probability': 0.7691}, {'word': ' or', 'start': 25.64, 'end': 26.52, 'probability': 0.5493}, {'word': ' off', 'start': 26.52, 'end': 26.88, 'probability': 0.9242}, {'word': ' road.', 'start': 26.88, 'end': 27.12, 'probability': 0.4693}]}, {'start': 28.14, 'end': 29.02, 'text': 'Beauty.', 'words': [{'word': ' Beauty.', 'start': 28.14, 'end': 29.02, 'probability': 0.4011}]}, {'start': 30.12, 'end': 31.18, 'text': 'It makes us smile.', 'words': [{'word': ' It', 'start': 29.84, 'end': 30.28, 'probability': 0.4377}, {'word': ' makes', 'start': 30.28, 'end': 30.46, 'probability': 0.9945}, {'word': ' us', 'start': 30.46, 'end': 30.68, 'probability': 0.889}, {'word': ' smile.', 'start': 30.68, 'end': 31.18, 'probability': 0.9973}]}, {'start': 31.8, 'end': 33.16, 'text': 'A surge of emotion.', 'words': [{'word': ' A', 'start': 31.8, 'end': 32.12, 'probability': 0.9624}, {'word': ' surge', 'start': 32.12, 'end': 32.5, 'probability': 0.9958}, {'word': ' of', 'start': 32.5, 'end': 32.72, 'probability': 0.9987}, {'word': ' emotion.', 'start': 32.72, 'end': 33.16, 'probability': 0.9776}]}, {'start': 34.54, 'end': 35.0, 'text': 'Bold.', 'words': [{'word': ' Bold.', 'start': 34.54, 'end': 35.0, 'probability': 0.4752}]}, {'start': 35.72, 'end': 36.38, 'text': 'And peaceful.', 'words': [{'word': ' And', 'start': 35.72, 'end': 36.02, 'probability': 0.7443}, {'word': ' peaceful.', 'start': 36.02, 'end': 36.38, 'probability': 0.9905}]}, {'start': 39.62, 'end': 40.5, 'text': 'Unstoppable.', 'words': [{'word': ' Unstoppable.', 'start': 39.62, 'end': 40.5, 'probability': 0.9517}]}, {'start': 41.72, 'end': 42.42, 'text': 'Unlimited.', 'words': [{'word': ' Unlimited.', 'start': 41.72, 'end': 42.42, 'probability': 0.9793}]}, {'start': 43.82, 'end': 44.5, 'text': 'Intensity.', 'words': [{'word': ' Intensity.', 'start': 43.82, 'end': 44.5, 'probability': 0.9786}]}, {'start': 45.16, 'end': 46.6, 'text': 'Even in a cloud of dust.', 'words': [{'word': ' Even', 'start': 45.16, 'end': 45.36, 'probability': 0.9896}, {'word': ' in', 'start': 45.36, 'end': 45.5, 'probability': 0.9889}, {'word': ' a', 'start': 45.5, 'end': 45.6, 'probability': 0.992}, {'word': ' cloud', 'start': 45.6, 'end': 45.86, 'probability': 0.9768}, {'word': ' of', 'start': 45.86, 'end': 46.16, 'probability': 0.9983}, {'word': ' dust.', 'start': 46.16, 'end': 46.6, 'probability': 0.9979}]}, {'start': 48.78, 'end': 52.08, 'text': 'That tingle that just ran down your spine.', 'words': [{'word': ' That', 'start': 48.78, 'end': 49.66, 'probability': 0.6261}, {'word': ' tingle', 'start': 49.66, 'end': 50.22, 'probability': 0.9424}, {'word': ' that', 'start': 50.22, 'end': 50.68, 'probability': 0.8044}, {'word': ' just', 'start': 50.68, 'end': 50.92, 'probability': 0.997}, {'word': ' ran', 'start': 50.92, 'end': 51.22, 'probability': 0.9873}, {'word': ' down', 'start': 51.22, 'end': 51.46, 'probability': 0.9966}, {'word': ' your', 'start': 51.46, 'end': 51.7, 'probability': 0.9972}, {'word': ' spine.', 'start': 51.7, 'end': 52.08, 'probability': 0.9878}]}, {'start': 53.16, 'end': 54.5, 'text': 'This is you.', 'words': [{'word': ' This', 'start': 53.16, 'end': 54.04, 'probability': 0.9782}, {'word': ' is', 'start': 54.04, 'end': 54.22, 'probability': 0.9977}, {'word': ' you.', 'start': 54.22, 'end': 54.5, 'probability': 0.9932}]}, {'start': 55.5, 'end': 56.62, 'text': 'This is us.', 'words': [{'word': ' This', 'start': 55.5, 'end': 56.08, 'probability': 0.3565}, {'word': ' is', 'start': 56.08, 'end': 56.28, 'probability': 0.9767}, {'word': ' us.', 'start': 56.28, 'end': 56.62, 'probability': 0.859}]}, {'start': 58.0, 'end': 60.18, 'text': 'This is Audi.', 'words': [{'word': ' This', 'start': 58.0, 'end': 58.88, 'probability': 0.977}, {'word': ' is', 'start': 58.88, 'end': 59.76, 'probability': 0.9689}, {'word': ' Audi.', 'start': 59.76, 'end': 60.18, 'probability': 0.8662}]}]",22.0,2026-04-26 21:42:55.550
,,,transcripts,,,,,,,,,,,,,,,,,,,,,,,,,,,,,,,,,,,,,,,,,,,,,/Users/elmedin.karisiksystemverification.com/Documents/private/Automotive-Industry-Tracker/data/processed/audio/extracted_from_video.mp3,en,0.9144,66.29,base,"[{'start': 2.66, 'end': 16.28, 'text': ""Who we are, it's where we come from, and where we are going, intelligence that's playful,"", 'words': [{'word': ' Who', 'start': 2.66, 'end': 3.4, 'probability': 0.6376}, {'word': ' we', 'start': 3.4, 'end': 3.56, 'probability': 0.7892}, {'word': ' are,', 'start': 3.56, 'end': 3.88, 'probability': 0.9982}, {'word': "" it's"", 'start': 4.2, 'end': 5.8, 'probability': 0.9462}, {'word': ' where', 'start': 5.8, 'end': 5.98, 'probability': 0.998}, {'word': ' we', 'start': 5.98, 'end': 6.14, 'probability': 0.9988}, {'word': ' come', 'start': 6.14, 'end': 6.36, 'probability': 0.9961}, {'word': ' from,', 'start': 6.36, 'end': 6.8, 'probability': 0.9988}, {'word': ' and', 'start': 7.18, 'end': 9.04, 'probability': 0.9628}, {'word': ' where', 'start': 9.04, 'end': 9.24, 'probability': 0.995}, {'word': ' we', 'start': 9.24, 'end': 9.44, 'probability': 0.9989}, {'word': ' are', 'start': 9.44, 'end': 9.54, 'probability': 0.8935}, {'word': ' going,', 'start': 9.54, 'end': 10.0, 'probability': 0.9981}, {'word': ' intelligence', 'start': 10.58, 'end': 14.46, 'probability': 0.911}, {'word': "" that's"", 'start': 14.46, 'end': 15.92, 'probability': 0.8036}, {'word': ' playful,', 'start': 15.92, 'end': 16.28, 'probability': 0.9839}]}, {'start': 16.28, 'end': 33.18, 'text': 'a thrill, speed, adrenaline, or off-road, beauty that makes us smile, a surge of emotion,', 'words': [{'word': ' a', 'start': 16.28, 'end': 16.72, 'probability': 0.0431}, {'word': ' thrill,', 'start': 16.72, 'end': 17.68, 'probability': 0.7894}, {'word': ' speed,', 'start': 17.8, 'end': 20.78, 'probability': 0.9678}, {'word': ' adrenaline,', 'start': 21.08, 'end': 22.7, 'probability': 0.9854}, {'word': ' or', 'start': 23.32, 'end': 25.38, 'probability': 0.2625}, {'word': ' off', 'start': 25.38, 'end': 26.88, 'probability': 0.3581}, {'word': '-road,', 'start': 26.88, 'end': 27.16, 'probability': 0.8461}, {'word': ' beauty', 'start': 27.72, 'end': 29.0, 'probability': 0.9595}, {'word': ' that', 'start': 29.0, 'end': 30.28, 'probability': 0.5386}, {'word': ' makes', 'start': 30.28, 'end': 30.46, 'probability': 0.9944}, {'word': ' us', 'start': 30.46, 'end': 30.7, 'probability': 0.9336}, {'word': ' smile,', 'start': 30.7, 'end': 31.18, 'probability': 0.9969}, {'word': ' a', 'start': 31.76, 'end': 32.12, 'probability': 0.9497}, {'word': ' surge', 'start': 32.12, 'end': 32.52, 'probability': 0.9966}, {'word': ' of', 'start': 32.52, 'end': 32.72, 'probability': 0.9969}, {'word': ' emotion,', 'start': 32.72, 'end': 33.18, 'probability': 0.9744}]}, {'start': 34.18, 'end': 47.18, 'text': 'bold and peaceful, unstoppable, unlimited, intensity, even in a cloud of dust,', 'words': [{'word': ' bold', 'start': 34.18, 'end': 35.0, 'probability': 0.0152}, {'word': ' and', 'start': 35.0, 'end': 36.0, 'probability': 0.8404}, {'word': ' peaceful,', 'start': 36.0, 'end': 36.44, 'probability': 0.9956}, {'word': ' unstoppable,', 'start': 36.76, 'end': 40.46, 'probability': 0.9497}, {'word': ' unlimited,', 'start': 41.18, 'end': 42.44, 'probability': 0.9887}, {'word': ' intensity,', 'start': 42.98, 'end': 44.5, 'probability': 0.9493}, {'word': ' even', 'start': 44.9, 'end': 45.36, 'probability': 0.9979}, {'word': ' in', 'start': 45.36, 'end': 45.5, 'probability': 0.9868}, {'word': ' a', 'start': 45.5, 'end': 45.58, 'probability': 0.9818}, {'word': ' cloud', 'start': 45.58, 'end': 45.86, 'probability': 0.9786}, {'word': ' of', 'start': 45.86, 'end': 46.16, 'probability': 0.9975}, {'word': ' dust,', 'start': 46.16, 'end': 47.18, 'probability': 0.9976}]}, {'start': 48.74, 'end': 60.18, 'text': 'that tingle that just ran down your spine, this is you, this is us, this is Audi.', 'words': [{'word': ' that', 'start': 48.74, 'end': 49.66, 'probability': 0.8508}, {'word': ' tingle', 'start': 49.66, 'end': 50.22, 'probability': 0.934}, {'word': ' that', 'start': 50.22, 'end': 50.68, 'probability': 0.9392}, {'word': ' just', 'start': 50.68, 'end': 50.94, 'probability': 0.9969}, {'word': ' ran', 'start': 50.94, 'end': 51.2, 'probability': 0.9848}, {'word': ' down', 'start': 51.2, 'end': 51.46, 'probability': 0.9959}, {'word': ' your', 'start': 51.46, 'end': 51.68, 'probability': 0.9975}, {'word': ' spine,', 'start': 51.68, 'end': 52.2, 'probability': 0.9953}, {'word': ' this', 'start': 52.42, 'end': 54.02, 'probability': 0.8316}, {'word': ' is', 'start': 54.02, 'end': 54.22, 'probability': 0.9915}, {'word': ' you,', 'start': 54.22, 'end': 54.5, 'probability': 0.9813}, {'word': ' this', 'start': 55.12, 'end': 56.1, 'probability': 0.995}, {'word': ' is', 'start': 56.1, 'end': 56.36, 'probability': 0.9957}, {'word': ' us,', 'start': 56.36, 'end': 56.68, 'probability': 0.9921}, {'word': ' this', 'start': 57.34, 'end': 58.72, 'probability': 0.9923}, {'word': ' is', 'start': 58.72, 'end': 59.74, 'probability': 0.9919}, {'word': ' Audi.', 'start': 59.74, 'end': 60.18, 'probability': 0.8118}]}, {'start': 64.86, 'end': 66.26, 'text': 'Who we are, this is us.', 'words': [{'word': ' Who', 'start': 64.86, 'end': 66.26, 'probability': 0.0011}, {'word': ' we', 'start': 66.26, 'end': 66.26, 'probability': 0.0019}, {'word': ' are,', 'start': 66.26, 'end': 66.26, 'probability': 0.1763}, {'word': ' this', 'start': 66.26, 'end': 66.26, 'probability': 0.0112}, {'word': ' is', 'start': 66.26, 'end': 66.26, 'probability': 0.6364}, {'word': ' us.', 'start': 66.26, 'end': 66.26, 'probability': 0.0097}]}]",5.0,2026-04-26 21:42:57.349
,,,transcripts,,,,,,,,,,,,,,,,,,,,,,,,,,,,,,,,,,,,,,,,,,,,,/Users/elmedin.karisiksystemverification.com/Documents/private/Automotive-Industry-Tracker/data/raw/audio/audi_promo.mp3,en,,66.29,base,"[{'start': 0.0, 'end': 22.7, 'text': ""Who we are, it's where we come from, and where we are going, intelligence that's playful, a thrill, speed, adrenaline,"", 'words': [{'word': ' Who', 'start': 0.0, 'end': 1.34, 'probability': 0.6655}, {'word': ' we', 'start': 1.34, 'end': 3.56, 'probability': 0.7967}, {'word': ' are,', 'start': 3.56, 'end': 3.86, 'probability': 0.9979}, {'word': "" it's"", 'start': 4.2, 'end': 5.8, 'probability': 0.9393}, {'word': ' where', 'start': 5.8, 'end': 5.98, 'probability': 0.9979}, {'word': ' we', 'start': 5.98, 'end': 6.14, 'probability': 0.999}, {'word': ' come', 'start': 6.14, 'end': 6.36, 'probability': 0.9958}, {'word': ' from,', 'start': 6.36, 'end': 6.78, 'probability': 0.9983}, {'word': ' and', 'start': 7.18, 'end': 9.02, 'probability': 0.9597}, {'word': ' where', 'start': 9.02, 'end': 9.24, 'probability': 0.9952}, {'word': ' we', 'start': 9.24, 'end': 9.44, 'probability': 0.9982}, {'word': ' are', 'start': 9.44, 'end': 9.54, 'probability': 0.9116}, {'word': ' going,', 'start': 9.54, 'end': 10.02, 'probability': 0.9975}, {'word': ' intelligence', 'start': 10.58, 'end': 14.44, 'probability': 0.9041}, {'word': "" that's"", 'start': 14.44, 'end': 15.92, 'probability': 0.7798}, {'word': ' playful,', 'start': 15.92, 'end': 16.28, 'probability': 0.9829}, {'word': ' a', 'start': 16.94, 'end': 17.26, 'probability': 0.942}, {'word': ' thrill,', 'start': 17.26, 'end': 17.74, 'probability': 0.9969}, {'word': ' speed,', 'start': 18.42, 'end': 20.7, 'probability': 0.9938}, {'word': ' adrenaline,', 'start': 21.86, 'end': 22.7, 'probability': 0.9806}]}, {'start': 24.5, 'end': 40.48, 'text': 'on or off-road, beauty that makes us smile, a surge of emotion, bold and peaceful, unstoppable,', 'words': [{'word': ' on', 'start': 24.5, 'end': 25.5, 'probability': 0.0221}, {'word': ' or', 'start': 25.5, 'end': 26.5, 'probability': 0.7155}, {'word': ' off', 'start': 26.5, 'end': 26.88, 'probability': 0.8282}, {'word': '-road,', 'start': 26.88, 'end': 27.2, 'probability': 0.6064}, {'word': ' beauty', 'start': 27.32, 'end': 29.0, 'probability': 0.885}, {'word': ' that', 'start': 29.0, 'end': 30.28, 'probability': 0.4319}, {'word': ' makes', 'start': 30.28, 'end': 30.46, 'probability': 0.9957}, {'word': ' us', 'start': 30.46, 'end': 30.7, 'probability': 0.8966}, {'word': ' smile,', 'start': 30.7, 'end': 31.18, 'probability': 0.9966}, {'word': ' a', 'start': 31.74, 'end': 32.12, 'probability': 0.9449}, {'word': ' surge', 'start': 32.12, 'end': 32.52, 'probability': 0.9958}, {'word': ' of', 'start': 32.52, 'end': 32.72, 'probability': 0.9981}, {'word': ' emotion,', 'start': 32.72, 'end': 33.2, 'probability': 0.976}, {'word': ' bold', 'start': 33.72, 'end': 35.0, 'probability': 0.8105}, {'word': ' and', 'start': 35.0, 'end': 36.0, 'probability': 0.6562}, {'word': ' peaceful,', 'start': 36.0, 'end': 36.44, 'probability': 0.9962}, {'word': ' unstoppable,', 'start': 37.96, 'end': 40.48, 'probability': 0.9561}]}, {'start': 43.0, 'end': 47.22, 'text': 'unlimited, intensity, even in a cloud of dust,', 'words': [{'word': ' unlimited,', 'start': 43.0, 'end': 43.76, 'probability': 0.0323}, {'word': ' intensity,', 'start': 43.76, 'end': 44.52, 'probability': 0.9563}, {'word': ' even', 'start': 44.9, 'end': 45.36, 'probability': 0.9978}, {'word': ' in', 'start': 45.36, 'end': 45.5, 'probability': 0.9789}, {'word': ' a', 'start': 45.5, 'end': 45.58, 'probability': 0.9849}, {'word': ' cloud', 'start': 45.58, 'end': 45.88, 'probability': 0.9876}, {'word': ' of', 'start': 45.88, 'end': 46.16, 'probability': 0.9959}, {'word': ' dust,', 'start': 46.16, 'end': 47.22, 'probability': 0.9954}]}, {'start': 49.48, 'end': 60.18, 'text': 'that tingle that just ran down your spine, this is you, this is us, this is Audi.', 'words': [{'word': ' that', 'start': 49.28, 'end': 49.66, 'probability': 0.4548}, {'word': ' tingle', 'start': 49.66, 'end': 50.22, 'probability': 0.9497}, {'word': ' that', 'start': 50.22, 'end': 50.68, 'probability': 0.9157}, {'word': ' just', 'start': 50.68, 'end': 50.92, 'probability': 0.9952}, {'word': ' ran', 'start': 50.92, 'end': 51.22, 'probability': 0.9773}, {'word': ' down', 'start': 51.22, 'end': 51.46, 'probability': 0.9927}, {'word': ' your', 'start': 51.46, 'end': 51.68, 'probability': 0.9977}, {'word': ' spine,', 'start': 51.68, 'end': 52.2, 'probability': 0.9958}, {'word': ' this', 'start': 52.42, 'end': 54.04, 'probability': 0.8811}, {'word': ' is', 'start': 54.04, 'end': 54.22, 'probability': 0.9932}, {'word': ' you,', 'start': 54.22, 'end': 54.5, 'probability': 0.9636}, {'word': ' this', 'start': 55.12, 'end': 56.1, 'probability': 0.9945}, {'word': ' is', 'start': 56.1, 'end': 56.34, 'probability': 0.9935}, {'word': ' us,', 'start': 56.34, 'end': 56.7, 'probability': 0.9892}, {'word': ' this', 'start': 57.34, 'end': 58.84, 'probability': 0.9786}, {'word': ' is', 'start': 58.84, 'end': 59.76, 'probability': 0.9729}, {'word': ' Audi.', 'start': 59.76, 'end': 60.18, 'probability': 0.8558}]}]",4.0,2026-04-26 21:42:57.506
,,,transcripts,,,,,,,,,,,,,,,,,,,,,,,,,,,,,,,,,,,,,,,,,,,,,/Users/elmedin.karisiksystemverification.com/Documents/private/Automotive-Industry-Tracker/data/raw/audio/audi_promo.wav,en,0.9082,66.29,base,"[{'start': 2.52, 'end': 3.88, 'text': 'Who we are?', 'words': [{'word': ' Who', 'start': 2.52, 'end': 3.4, 'probability': 0.6588}, {'word': ' we', 'start': 3.4, 'end': 3.56, 'probability': 0.7777}, {'word': ' are?', 'start': 3.56, 'end': 3.88, 'probability': 0.9978}]}, {'start': 4.94, 'end': 6.74, 'text': ""It's where we come from."", 'words': [{'word': "" It's"", 'start': 4.94, 'end': 5.82, 'probability': 0.9769}, {'word': ' where', 'start': 5.82, 'end': 5.98, 'probability': 0.9973}, {'word': ' we', 'start': 5.98, 'end': 6.14, 'probability': 0.9988}, {'word': ' come', 'start': 6.14, 'end': 6.36, 'probability': 0.9957}, {'word': ' from.', 'start': 6.36, 'end': 6.74, 'probability': 0.9988}]}, {'start': 8.22, 'end': 9.96, 'text': 'And where we are going.', 'words': [{'word': ' And', 'start': 8.22, 'end': 9.04, 'probability': 0.9519}, {'word': ' where', 'start': 9.04, 'end': 9.24, 'probability': 0.9886}, {'word': ' we', 'start': 9.24, 'end': 9.44, 'probability': 0.9926}, {'word': ' are', 'start': 9.44, 'end': 9.54, 'probability': 0.8559}, {'word': ' going.', 'start': 9.54, 'end': 9.96, 'probability': 0.9982}]}, {'start': 13.6, 'end': 14.48, 'text': 'Intelligence.', 'words': [{'word': ' Intelligence.', 'start': 13.6, 'end': 14.48, 'probability': 0.887}]}, {'start': 15.44, 'end': 16.28, 'text': ""That's playful."", 'words': [{'word': "" That's"", 'start': 15.44, 'end': 15.9, 'probability': 0.9888}, {'word': ' playful.', 'start': 15.9, 'end': 16.28, 'probability': 0.8479}]}, {'start': 17.02, 'end': 17.62, 'text': 'A thrill.', 'words': [{'word': ' A', 'start': 17.02, 'end': 17.26, 'probability': 0.9884}, {'word': ' thrill.', 'start': 17.26, 'end': 17.62, 'probability': 0.9958}]}, {'start': 19.72, 'end': 20.6, 'text': 'Speed.', 'words': [{'word': ' Speed.', 'start': 19.72, 'end': 20.6, 'probability': 0.9766}]}, {'start': 21.92, 'end': 22.6, 'text': 'A adrenaline.', 'words': [{'word': ' A', 'start': 21.92, 'end': 22.28, 'probability': 0.5284}, {'word': ' adrenaline.', 'start': 22.28, 'end': 22.6, 'probability': 0.8287}]}, {'start': 24.76, 'end': 27.12, 'text': 'On or off road.', 'words': [{'word': ' On', 'start': 24.76, 'end': 25.64, 'probability': 0.7691}, {'word': ' or', 'start': 25.64, 'end': 26.52, 'probability': 0.5493}, {'word': ' off', 'start': 26.52, 'end': 26.88, 'probability': 0.9242}, {'word': ' road.', 'start': 26.88, 'end': 27.12, 'probability': 0.4693}]}, {'start': 28.14, 'end': 29.02, 'text': 'Beauty.', 'words': [{'word': ' Beauty.', 'start': 28.14, 'end': 29.02, 'probability': 0.4011}]}, {'start': 30.12, 'end': 31.18, 'text': 'It makes us smile.', 'words': [{'word': ' It', 'start': 29.84, 'end': 30.28, 'probability': 0.4377}, {'word': ' makes', 'start': 30.28, 'end': 30.46, 'probability': 0.9945}, {'word': ' us', 'start': 30.46, 'end': 30.68, 'probability': 0.889}, {'word': ' smile.', 'start': 30.68, 'end': 31.18, 'probability': 0.9973}]}, {'start': 31.8, 'end': 33.16, 'text': 'A surge of emotion.', 'words': [{'word': ' A', 'start': 31.8, 'end': 32.12, 'probability': 0.9624}, {'word': ' surge', 'start': 32.12, 'end': 32.5, 'probability': 0.9958}, {'word': ' of', 'start': 32.5, 'end': 32.72, 'probability': 0.9987}, {'word': ' emotion.', 'start': 32.72, 'end': 33.16, 'probability': 0.9776}]}, {'start': 34.54, 'end': 35.0, 'text': 'Bold.', 'words': [{'word': ' Bold.', 'start': 34.54, 'end': 35.0, 'probability': 0.4752}]}, {'start': 35.72, 'end': 36.38, 'text': 'And peaceful.', 'words': [{'word': ' And', 'start': 35.72, 'end': 36.02, 'probability': 0.7443}, {'word': ' peaceful.', 'start': 36.02, 'end': 36.38, 'probability': 0.9905}]}, {'start': 39.62, 'end': 40.5, 'text': 'Unstoppable.', 'words': [{'word': ' Unstoppable.', 'start': 39.62, 'end': 40.5, 'probability': 0.9517}]}, {'start': 41.72, 'end': 42.42, 'text': 'Unlimited.', 'words': [{'word': ' Unlimited.', 'start': 41.72, 'end': 42.42, 'probability': 0.9793}]}, {'start': 43.82, 'end': 44.5, 'text': 'Intensity.', 'words': [{'word': ' Intensity.', 'start': 43.82, 'end': 44.5, 'probability': 0.9786}]}, {'start': 45.16, 'end': 46.6, 'text': 'Even in a cloud of dust.', 'words': [{'word': ' Even', 'start': 45.16, 'end': 45.36, 'probability': 0.9896}, {'word': ' in', 'start': 45.36, 'end': 45.5, 'probability': 0.9889}, {'word': ' a', 'start': 45.5, 'end': 45.6, 'probability': 0.992}, {'word': ' cloud', 'start': 45.6, 'end': 45.86, 'probability': 0.9768}, {'word': ' of', 'start': 45.86, 'end': 46.16, 'probability': 0.9983}, {'word': ' dust.', 'start': 46.16, 'end': 46.6, 'probability': 0.9979}]}, {'start': 48.78, 'end': 52.08, 'text': 'That tingle that just ran down your spine.', 'words': [{'word': ' That', 'start': 48.78, 'end': 49.66, 'probability': 0.6261}, {'word': ' tingle', 'start': 49.66, 'end': 50.22, 'probability': 0.9424}, {'word': ' that', 'start': 50.22, 'end': 50.68, 'probability': 0.8044}, {'word': ' just', 'start': 50.68, 'end': 50.92, 'probability': 0.997}, {'word': ' ran', 'start': 50.92, 'end': 51.22, 'probability': 0.9873}, {'word': ' down', 'start': 51.22, 'end': 51.46, 'probability': 0.9966}, {'word': ' your', 'start': 51.46, 'end': 51.7, 'probability': 0.9972}, {'word': ' spine.', 'start': 51.7, 'end': 52.08, 'probability': 0.9878}]}, {'start': 53.16, 'end': 54.5, 'text': 'This is you.', 'words': [{'word': ' This', 'start': 53.16, 'end': 54.04, 'probability': 0.9782}, {'word': ' is', 'start': 54.04, 'end': 54.22, 'probability': 0.9977}, {'word': ' you.', 'start': 54.22, 'end': 54.5, 'probability': 0.9932}]}, {'start': 55.5, 'end': 56.62, 'text': 'This is us.', 'words': [{'word': ' This', 'start': 55.5, 'end': 56.08, 'probability': 0.3565}, {'word': ' is', 'start': 56.08, 'end': 56.28, 'probability': 0.9767}, {'word': ' us.', 'start': 56.28, 'end': 56.62, 'probability': 0.859}]}, {'start': 58.0, 'end': 60.18, 'text': 'This is Audi.', 'words': [{'word': ' This', 'start': 58.0, 'end': 58.88, 'probability': 0.977}, {'word': ' is', 'start': 58.88, 'end': 59.76, 'probability': 0.9689}, {'word': ' Audi.', 'start': 59.76, 'end': 60.18, 'probability': 0.8662}]}]",22.0,2026-04-26 21:45:22.656
,,,transcripts,,,,,,,,,,,,,,,,,,,,,,,,,,,,,,,,,,,,,,,,,,,,,/Users/elmedin.karisiksystemverification.com/Documents/private/Automotive-Industry-Tracker/data/processed/audio/extracted_from_video.mp3,en,0.9144,66.29,base,"[{'start': 2.66, 'end': 16.28, 'text': ""Who we are, it's where we come from, and where we are going, intelligence that's playful,"", 'words': [{'word': ' Who', 'start': 2.66, 'end': 3.4, 'probability': 0.6376}, {'word': ' we', 'start': 3.4, 'end': 3.56, 'probability': 0.7892}, {'word': ' are,', 'start': 3.56, 'end': 3.88, 'probability': 0.9982}, {'word': "" it's"", 'start': 4.2, 'end': 5.8, 'probability': 0.9462}, {'word': ' where', 'start': 5.8, 'end': 5.98, 'probability': 0.998}, {'word': ' we', 'start': 5.98, 'end': 6.14, 'probability': 0.9988}, {'word': ' come', 'start': 6.14, 'end': 6.36, 'probability': 0.9961}, {'word': ' from,', 'start': 6.36, 'end': 6.8, 'probability': 0.9988}, {'word': ' and', 'start': 7.18, 'end': 9.04, 'probability': 0.9628}, {'word': ' where', 'start': 9.04, 'end': 9.24, 'probability': 0.995}, {'word': ' we', 'start': 9.24, 'end': 9.44, 'probability': 0.9989}, {'word': ' are', 'start': 9.44, 'end': 9.54, 'probability': 0.8935}, {'word': ' going,', 'start': 9.54, 'end': 10.0, 'probability': 0.9981}, {'word': ' intelligence', 'start': 10.58, 'end': 14.46, 'probability': 0.911}, {'word': "" that's"", 'start': 14.46, 'end': 15.92, 'probability': 0.8036}, {'word': ' playful,', 'start': 15.92, 'end': 16.28, 'probability': 0.9839}]}, {'start': 16.28, 'end': 33.18, 'text': 'a thrill, speed, adrenaline, or off-road, beauty that makes us smile, a surge of emotion,', 'words': [{'word': ' a', 'start': 16.28, 'end': 16.72, 'probability': 0.0431}, {'word': ' thrill,', 'start': 16.72, 'end': 17.68, 'probability': 0.7894}, {'word': ' speed,', 'start': 17.8, 'end': 20.78, 'probability': 0.9678}, {'word': ' adrenaline,', 'start': 21.08, 'end': 22.7, 'probability': 0.9854}, {'word': ' or', 'start': 23.32, 'end': 25.38, 'probability': 0.2625}, {'word': ' off', 'start': 25.38, 'end': 26.88, 'probability': 0.3581}, {'word': '-road,', 'start': 26.88, 'end': 27.16, 'probability': 0.8461}, {'word': ' beauty', 'start': 27.72, 'end': 29.0, 'probability': 0.9595}, {'word': ' that', 'start': 29.0, 'end': 30.28, 'probability': 0.5386}, {'word': ' makes', 'start': 30.28, 'end': 30.46, 'probability': 0.9944}, {'word': ' us', 'start': 30.46, 'end': 30.7, 'probability': 0.9336}, {'word': ' smile,', 'start': 30.7, 'end': 31.18, 'probability': 0.9969}, {'word': ' a', 'start': 31.76, 'end': 32.12, 'probability': 0.9497}, {'word': ' surge', 'start': 32.12, 'end': 32.52, 'probability': 0.9966}, {'word': ' of', 'start': 32.52, 'end': 32.72, 'probability': 0.9969}, {'word': ' emotion,', 'start': 32.72, 'end': 33.18, 'probability': 0.9744}]}, {'start': 34.18, 'end': 47.18, 'text': 'bold and peaceful, unstoppable, unlimited, intensity, even in a cloud of dust,', 'words': [{'word': ' bold', 'start': 34.18, 'end': 35.0, 'probability': 0.0152}, {'word': ' and', 'start': 35.0, 'end': 36.0, 'probability': 0.8404}, {'word': ' peaceful,', 'start': 36.0, 'end': 36.44, 'probability': 0.9956}, {'word': ' unstoppable,', 'start': 36.76, 'end': 40.46, 'probability': 0.9497}, {'word': ' unlimited,', 'start': 41.18, 'end': 42.44, 'probability': 0.9887}, {'word': ' intensity,', 'start': 42.98, 'end': 44.5, 'probability': 0.9493}, {'word': ' even', 'start': 44.9, 'end': 45.36, 'probability': 0.9979}, {'word': ' in', 'start': 45.36, 'end': 45.5, 'probability': 0.9868}, {'word': ' a', 'start': 45.5, 'end': 45.58, 'probability': 0.9818}, {'word': ' cloud', 'start': 45.58, 'end': 45.86, 'probability': 0.9786}, {'word': ' of', 'start': 45.86, 'end': 46.16, 'probability': 0.9975}, {'word': ' dust,', 'start': 46.16, 'end': 47.18, 'probability': 0.9976}]}, {'start': 48.74, 'end': 60.18, 'text': 'that tingle that just ran down your spine, this is you, this is us, this is Audi.', 'words': [{'word': ' that', 'start': 48.74, 'end': 49.66, 'probability': 0.8508}, {'word': ' tingle', 'start': 49.66, 'end': 50.22, 'probability': 0.934}, {'word': ' that', 'start': 50.22, 'end': 50.68, 'probability': 0.9392}, {'word': ' just', 'start': 50.68, 'end': 50.94, 'probability': 0.9969}, {'word': ' ran', 'start': 50.94, 'end': 51.2, 'probability': 0.9848}, {'word': ' down', 'start': 51.2, 'end': 51.46, 'probability': 0.9959}, {'word': ' your', 'start': 51.46, 'end': 51.68, 'probability': 0.9975}, {'word': ' spine,', 'start': 51.68, 'end': 52.2, 'probability': 0.9953}, {'word': ' this', 'start': 52.42, 'end': 54.02, 'probability': 0.8316}, {'word': ' is', 'start': 54.02, 'end': 54.22, 'probability': 0.9915}, {'word': ' you,', 'start': 54.22, 'end': 54.5, 'probability': 0.9813}, {'word': ' this', 'start': 55.12, 'end': 56.1, 'probability': 0.995}, {'word': ' is', 'start': 56.1, 'end': 56.36, 'probability': 0.9957}, {'word': ' us,', 'start': 56.36, 'end': 56.68, 'probability': 0.9921}, {'word': ' this', 'start': 57.34, 'end': 58.72, 'probability': 0.9923}, {'word': ' is', 'start': 58.72, 'end': 59.74, 'probability': 0.9919}, {'word': ' Audi.', 'start': 59.74, 'end': 60.18, 'probability': 0.8118}]}, {'start': 64.86, 'end': 66.26, 'text': 'Who we are, this is us.', 'words': [{'word': ' Who', 'start': 64.86, 'end': 66.26, 'probability': 0.0011}, {'word': ' we', 'start': 66.26, 'end': 66.26, 'probability': 0.0019}, {'word': ' are,', 'start': 66.26, 'end': 66.26, 'probability': 0.1763}, {'word': ' this', 'start': 66.26, 'end': 66.26, 'probability': 0.0112}, {'word': ' is', 'start': 66.26, 'end': 66.26, 'probability': 0.6364}, {'word': ' us.', 'start': 66.26, 'end': 66.26, 'probability': 0.0097}]}]",5.0,2026-04-26 21:45:24.401
,,,transcripts,,,,,,,,,,,,,,,,,,,,,,,,,,,,,,,,,,,,,,,,,,,,,/Users/elmedin.karisiksystemverification.com/Documents/private/Automotive-Industry-Tracker/data/raw/audio/audi_promo.mp3,en,,66.29,base,"[{'start': 0.0, 'end': 22.7, 'text': ""Who we are, it's where we come from, and where we are going, intelligence that's playful, a thrill, speed, adrenaline,"", 'words': [{'word': ' Who', 'start': 0.0, 'end': 1.34, 'probability': 0.6655}, {'word': ' we', 'start': 1.34, 'end': 3.56, 'probability': 0.7967}, {'word': ' are,', 'start': 3.56, 'end': 3.86, 'probability': 0.9979}, {'word': "" it's"", 'start': 4.2, 'end': 5.8, 'probability': 0.9393}, {'word': ' where', 'start': 5.8, 'end': 5.98, 'probability': 0.9979}, {'word': ' we', 'start': 5.98, 'end': 6.14, 'probability': 0.999}, {'word': ' come', 'start': 6.14, 'end': 6.36, 'probability': 0.9958}, {'word': ' from,', 'start': 6.36, 'end': 6.78, 'probability': 0.9983}, {'word': ' and', 'start': 7.18, 'end': 9.02, 'probability': 0.9597}, {'word': ' where', 'start': 9.02, 'end': 9.24, 'probability': 0.9952}, {'word': ' we', 'start': 9.24, 'end': 9.44, 'probability': 0.9982}, {'word': ' are', 'start': 9.44, 'end': 9.54, 'probability': 0.9116}, {'word': ' going,', 'start': 9.54, 'end': 10.02, 'probability': 0.9975}, {'word': ' intelligence', 'start': 10.58, 'end': 14.44, 'probability': 0.9041}, {'word': "" that's"", 'start': 14.44, 'end': 15.92, 'probability': 0.7798}, {'word': ' playful,', 'start': 15.92, 'end': 16.28, 'probability': 0.9829}, {'word': ' a', 'start': 16.94, 'end': 17.26, 'probability': 0.942}, {'word': ' thrill,', 'start': 17.26, 'end': 17.74, 'probability': 0.9969}, {'word': ' speed,', 'start': 18.42, 'end': 20.7, 'probability': 0.9938}, {'word': ' adrenaline,', 'start': 21.86, 'end': 22.7, 'probability': 0.9806}]}, {'start': 24.5, 'end': 40.48, 'text': 'on or off-road, beauty that makes us smile, a surge of emotion, bold and peaceful, unstoppable,', 'words': [{'word': ' on', 'start': 24.5, 'end': 25.5, 'probability': 0.0221}, {'word': ' or', 'start': 25.5, 'end': 26.5, 'probability': 0.7155}, {'word': ' off', 'start': 26.5, 'end': 26.88, 'probability': 0.8282}, {'word': '-road,', 'start': 26.88, 'end': 27.2, 'probability': 0.6064}, {'word': ' beauty', 'start': 27.32, 'end': 29.0, 'probability': 0.885}, {'word': ' that', 'start': 29.0, 'end': 30.28, 'probability': 0.4319}, {'word': ' makes', 'start': 30.28, 'end': 30.46, 'probability': 0.9957}, {'word': ' us', 'start': 30.46, 'end': 30.7, 'probability': 0.8966}, {'word': ' smile,', 'start': 30.7, 'end': 31.18, 'probability': 0.9966}, {'word': ' a', 'start': 31.74, 'end': 32.12, 'probability': 0.9449}, {'word': ' surge', 'start': 32.12, 'end': 32.52, 'probability': 0.9958}, {'word': ' of', 'start': 32.52, 'end': 32.72, 'probability': 0.9981}, {'word': ' emotion,', 'start': 32.72, 'end': 33.2, 'probability': 0.976}, {'word': ' bold', 'start': 33.72, 'end': 35.0, 'probability': 0.8105}, {'word': ' and', 'start': 35.0, 'end': 36.0, 'probability': 0.6562}, {'word': ' peaceful,', 'start': 36.0, 'end': 36.44, 'probability': 0.9962}, {'word': ' unstoppable,', 'start': 37.96, 'end': 40.48, 'probability': 0.9561}]}, {'start': 43.0, 'end': 47.22, 'text': 'unlimited, intensity, even in a cloud of dust,', 'words': [{'word': ' unlimited,', 'start': 43.0, 'end': 43.76, 'probability': 0.0323}, {'word': ' intensity,', 'start': 43.76, 'end': 44.52, 'probability': 0.9563}, {'word': ' even', 'start': 44.9, 'end': 45.36, 'probability': 0.9978}, {'word': ' in', 'start': 45.36, 'end': 45.5, 'probability': 0.9789}, {'word': ' a', 'start': 45.5, 'end': 45.58, 'probability': 0.9849}, {'word': ' cloud', 'start': 45.58, 'end': 45.88, 'probability': 0.9876}, {'word': ' of', 'start': 45.88, 'end': 46.16, 'probability': 0.9959}, {'word': ' dust,', 'start': 46.16, 'end': 47.22, 'probability': 0.9954}]}, {'start': 49.48, 'end': 60.18, 'text': 'that tingle that just ran down your spine, this is you, this is us, this is Audi.', 'words': [{'word': ' that', 'start': 49.28, 'end': 49.66, 'probability': 0.4548}, {'word': ' tingle', 'start': 49.66, 'end': 50.22, 'probability': 0.9497}, {'word': ' that', 'start': 50.22, 'end': 50.68, 'probability': 0.9157}, {'word': ' just', 'start': 50.68, 'end': 50.92, 'probability': 0.9952}, {'word': ' ran', 'start': 50.92, 'end': 51.22, 'probability': 0.9773}, {'word': ' down', 'start': 51.22, 'end': 51.46, 'probability': 0.9927}, {'word': ' your', 'start': 51.46, 'end': 51.68, 'probability': 0.9977}, {'word': ' spine,', 'start': 51.68, 'end': 52.2, 'probability': 0.9958}, {'word': ' this', 'start': 52.42, 'end': 54.04, 'probability': 0.8811}, {'word': ' is', 'start': 54.04, 'end': 54.22, 'probability': 0.9932}, {'word': ' you,', 'start': 54.22, 'end': 54.5, 'probability': 0.9636}, {'word': ' this', 'start': 55.12, 'end': 56.1, 'probability': 0.9945}, {'word': ' is', 'start': 56.1, 'end': 56.34, 'probability': 0.9935}, {'word': ' us,', 'start': 56.34, 'end': 56.7, 'probability': 0.9892}, {'word': ' this', 'start': 57.34, 'end': 58.84, 'probability': 0.9786}, {'word': ' is', 'start': 58.84, 'end': 59.76, 'probability': 0.9729}, {'word': ' Audi.', 'start': 59.76, 'end': 60.18, 'probability': 0.8558}]}]",4.0,2026-04-26 21:45:24.551
,,,transcripts,,,,,,,,,,,,,,,,,,,,,,,,,,,,,,,,,,,,,,,,,,,,,/Users/elmedin.karisiksystemverification.com/Documents/private/Automotive-Industry-Tracker/data/raw/audio/audi_promo.wav,en,0.9082,66.29,base,"[{'start': 2.52, 'end': 3.88, 'text': 'Who we are?', 'words': [{'word': ' Who', 'start': 2.52, 'end': 3.4, 'probability': 0.6588}, {'word': ' we', 'start': 3.4, 'end': 3.56, 'probability': 0.7777}, {'word': ' are?', 'start': 3.56, 'end': 3.88, 'probability': 0.9978}]}, {'start': 4.94, 'end': 6.74, 'text': ""It's where we come from."", 'words': [{'word': "" It's"", 'start': 4.94, 'end': 5.82, 'probability': 0.9769}, {'word': ' where', 'start': 5.82, 'end': 5.98, 'probability': 0.9973}, {'word': ' we', 'start': 5.98, 'end': 6.14, 'probability': 0.9988}, {'word': ' come', 'start': 6.14, 'end': 6.36, 'probability': 0.9957}, {'word': ' from.', 'start': 6.36, 'end': 6.74, 'probability': 0.9988}]}, {'start': 8.22, 'end': 9.96, 'text': 'And where we are going.', 'words': [{'word': ' And', 'start': 8.22, 'end': 9.04, 'probability': 0.9519}, {'word': ' where', 'start': 9.04, 'end': 9.24, 'probability': 0.9886}, {'word': ' we', 'start': 9.24, 'end': 9.44, 'probability': 0.9926}, {'word': ' are', 'start': 9.44, 'end': 9.54, 'probability': 0.8559}, {'word': ' going.', 'start': 9.54, 'end': 9.96, 'probability': 0.9982}]}, {'start': 13.6, 'end': 14.48, 'text': 'Intelligence.', 'words': [{'word': ' Intelligence.', 'start': 13.6, 'end': 14.48, 'probability': 0.887}]}, {'start': 15.44, 'end': 16.28, 'text': ""That's playful."", 'words': [{'word': "" That's"", 'start': 15.44, 'end': 15.9, 'probability': 0.9888}, {'word': ' playful.', 'start': 15.9, 'end': 16.28, 'probability': 0.8479}]}, {'start': 17.02, 'end': 17.62, 'text': 'A thrill.', 'words': [{'word': ' A', 'start': 17.02, 'end': 17.26, 'probability': 0.9884}, {'word': ' thrill.', 'start': 17.26, 'end': 17.62, 'probability': 0.9958}]}, {'start': 19.72, 'end': 20.6, 'text': 'Speed.', 'words': [{'word': ' Speed.', 'start': 19.72, 'end': 20.6, 'probability': 0.9766}]}, {'start': 21.92, 'end': 22.6, 'text': 'A adrenaline.', 'words': [{'word': ' A', 'start': 21.92, 'end': 22.28, 'probability': 0.5284}, {'word': ' adrenaline.', 'start': 22.28, 'end': 22.6, 'probability': 0.8287}]}, {'start': 24.76, 'end': 27.12, 'text': 'On or off road.', 'words': [{'word': ' On', 'start': 24.76, 'end': 25.64, 'probability': 0.7691}, {'word': ' or', 'start': 25.64, 'end': 26.52, 'probability': 0.5493}, {'word': ' off', 'start': 26.52, 'end': 26.88, 'probability': 0.9242}, {'word': ' road.', 'start': 26.88, 'end': 27.12, 'probability': 0.4693}]}, {'start': 28.14, 'end': 29.02, 'text': 'Beauty.', 'words': [{'word': ' Beauty.', 'start': 28.14, 'end': 29.02, 'probability': 0.4011}]}, {'start': 30.12, 'end': 31.18, 'text': 'It makes us smile.', 'words': [{'word': ' It', 'start': 29.84, 'end': 30.28, 'probability': 0.4377}, {'word': ' makes', 'start': 30.28, 'end': 30.46, 'probability': 0.9945}, {'word': ' us', 'start': 30.46, 'end': 30.68, 'probability': 0.889}, {'word': ' smile.', 'start': 30.68, 'end': 31.18, 'probability': 0.9973}]}, {'start': 31.8, 'end': 33.16, 'text': 'A surge of emotion.', 'words': [{'word': ' A', 'start': 31.8, 'end': 32.12, 'probability': 0.9624}, {'word': ' surge', 'start': 32.12, 'end': 32.5, 'probability': 0.9958}, {'word': ' of', 'start': 32.5, 'end': 32.72, 'probability': 0.9987}, {'word': ' emotion.', 'start': 32.72, 'end': 33.16, 'probability': 0.9776}]}, {'start': 34.54, 'end': 35.0, 'text': 'Bold.', 'words': [{'word': ' Bold.', 'start': 34.54, 'end': 35.0, 'probability': 0.4752}]}, {'start': 35.72, 'end': 36.38, 'text': 'And peaceful.', 'words': [{'word': ' And', 'start': 35.72, 'end': 36.02, 'probability': 0.7443}, {'word': ' peaceful.', 'start': 36.02, 'end': 36.38, 'probability': 0.9905}]}, {'start': 39.62, 'end': 40.5, 'text': 'Unstoppable.', 'words': [{'word': ' Unstoppable.', 'start': 39.62, 'end': 40.5, 'probability': 0.9517}]}, {'start': 41.72, 'end': 42.42, 'text': 'Unlimited.', 'words': [{'word': ' Unlimited.', 'start': 41.72, 'end': 42.42, 'probability': 0.9793}]}, {'start': 43.82, 'end': 44.5, 'text': 'Intensity.', 'words': [{'word': ' Intensity.', 'start': 43.82, 'end': 44.5, 'probability': 0.9786}]}, {'start': 45.16, 'end': 46.6, 'text': 'Even in a cloud of dust.', 'words': [{'word': ' Even', 'start': 45.16, 'end': 45.36, 'probability': 0.9896}, {'word': ' in', 'start': 45.36, 'end': 45.5, 'probability': 0.9889}, {'word': ' a', 'start': 45.5, 'end': 45.6, 'probability': 0.992}, {'word': ' cloud', 'start': 45.6, 'end': 45.86, 'probability': 0.9768}, {'word': ' of', 'start': 45.86, 'end': 46.16, 'probability': 0.9983}, {'word': ' dust.', 'start': 46.16, 'end': 46.6, 'probability': 0.9979}]}, {'start': 48.78, 'end': 52.08, 'text': 'That tingle that just ran down your spine.', 'words': [{'word': ' That', 'start': 48.78, 'end': 49.66, 'probability': 0.6261}, {'word': ' tingle', 'start': 49.66, 'end': 50.22, 'probability': 0.9424}, {'word': ' that', 'start': 50.22, 'end': 50.68, 'probability': 0.8044}, {'word': ' just', 'start': 50.68, 'end': 50.92, 'probability': 0.997}, {'word': ' ran', 'start': 50.92, 'end': 51.22, 'probability': 0.9873}, {'word': ' down', 'start': 51.22, 'end': 51.46, 'probability': 0.9966}, {'word': ' your', 'start': 51.46, 'end': 51.7, 'probability': 0.9972}, {'word': ' spine.', 'start': 51.7, 'end': 52.08, 'probability': 0.9878}]}, {'start': 53.16, 'end': 54.5, 'text': 'This is you.', 'words': [{'word': ' This', 'start': 53.16, 'end': 54.04, 'probability': 0.9782}, {'word': ' is', 'start': 54.04, 'end': 54.22, 'probability': 0.9977}, {'word': ' you.', 'start': 54.22, 'end': 54.5, 'probability': 0.9932}]}, {'start': 55.5, 'end': 56.62, 'text': 'This is us.', 'words': [{'word': ' This', 'start': 55.5, 'end': 56.08, 'probability': 0.3565}, {'word': ' is', 'start': 56.08, 'end': 56.28, 'probability': 0.9767}, {'word': ' us.', 'start': 56.28, 'end': 56.62, 'probability': 0.859}]}, {'start': 58.0, 'end': 60.18, 'text': 'This is Audi.', 'words': [{'word': ' This', 'start': 58.0, 'end': 58.88, 'probability': 0.977}, {'word': ' is', 'start': 58.88, 'end': 59.76, 'probability': 0.9689}, {'word': ' Audi.', 'start': 59.76, 'end': 60.18, 'probability': 0.8662}]}]",22.0,2026-04-26 21:47:07.812
,,,transcripts,,,,,,,,,,,,,,,,,,,,,,,,,,,,,,,,,,,,,,,,,,,,,/Users/elmedin.karisiksystemverification.com/Documents/private/Automotive-Industry-Tracker/data/processed/audio/extracted_from_video.mp3,en,0.9144,66.29,base,"[{'start': 2.66, 'end': 16.28, 'text': ""Who we are, it's where we come from, and where we are going, intelligence that's playful,"", 'words': [{'word': ' Who', 'start': 2.66, 'end': 3.4, 'probability': 0.6376}, {'word': ' we', 'start': 3.4, 'end': 3.56, 'probability': 0.7892}, {'word': ' are,', 'start': 3.56, 'end': 3.88, 'probability': 0.9982}, {'word': "" it's"", 'start': 4.2, 'end': 5.8, 'probability': 0.9462}, {'word': ' where', 'start': 5.8, 'end': 5.98, 'probability': 0.998}, {'word': ' we', 'start': 5.98, 'end': 6.14, 'probability': 0.9988}, {'word': ' come', 'start': 6.14, 'end': 6.36, 'probability': 0.9961}, {'word': ' from,', 'start': 6.36, 'end': 6.8, 'probability': 0.9988}, {'word': ' and', 'start': 7.18, 'end': 9.04, 'probability': 0.9628}, {'word': ' where', 'start': 9.04, 'end': 9.24, 'probability': 0.995}, {'word': ' we', 'start': 9.24, 'end': 9.44, 'probability': 0.9989}, {'word': ' are', 'start': 9.44, 'end': 9.54, 'probability': 0.8935}, {'word': ' going,', 'start': 9.54, 'end': 10.0, 'probability': 0.9981}, {'word': ' intelligence', 'start': 10.58, 'end': 14.46, 'probability': 0.911}, {'word': "" that's"", 'start': 14.46, 'end': 15.92, 'probability': 0.8036}, {'word': ' playful,', 'start': 15.92, 'end': 16.28, 'probability': 0.9839}]}, {'start': 16.28, 'end': 33.18, 'text': 'a thrill, speed, adrenaline, or off-road, beauty that makes us smile, a surge of emotion,', 'words': [{'word': ' a', 'start': 16.28, 'end': 16.72, 'probability': 0.0431}, {'word': ' thrill,', 'start': 16.72, 'end': 17.68, 'probability': 0.7894}, {'word': ' speed,', 'start': 17.8, 'end': 20.78, 'probability': 0.9678}, {'word': ' adrenaline,', 'start': 21.08, 'end': 22.7, 'probability': 0.9854}, {'word': ' or', 'start': 23.32, 'end': 25.38, 'probability': 0.2625}, {'word': ' off', 'start': 25.38, 'end': 26.88, 'probability': 0.3581}, {'word': '-road,', 'start': 26.88, 'end': 27.16, 'probability': 0.8461}, {'word': ' beauty', 'start': 27.72, 'end': 29.0, 'probability': 0.9595}, {'word': ' that', 'start': 29.0, 'end': 30.28, 'probability': 0.5386}, {'word': ' makes', 'start': 30.28, 'end': 30.46, 'probability': 0.9944}, {'word': ' us', 'start': 30.46, 'end': 30.7, 'probability': 0.9336}, {'word': ' smile,', 'start': 30.7, 'end': 31.18, 'probability': 0.9969}, {'word': ' a', 'start': 31.76, 'end': 32.12, 'probability': 0.9497}, {'word': ' surge', 'start': 32.12, 'end': 32.52, 'probability': 0.9966}, {'word': ' of', 'start': 32.52, 'end': 32.72, 'probability': 0.9969}, {'word': ' emotion,', 'start': 32.72, 'end': 33.18, 'probability': 0.9744}]}, {'start': 34.18, 'end': 47.18, 'text': 'bold and peaceful, unstoppable, unlimited, intensity, even in a cloud of dust,', 'words': [{'word': ' bold', 'start': 34.18, 'end': 35.0, 'probability': 0.0152}, {'word': ' and', 'start': 35.0, 'end': 36.0, 'probability': 0.8404}, {'word': ' peaceful,', 'start': 36.0, 'end': 36.44, 'probability': 0.9956}, {'word': ' unstoppable,', 'start': 36.76, 'end': 40.46, 'probability': 0.9497}, {'word': ' unlimited,', 'start': 41.18, 'end': 42.44, 'probability': 0.9887}, {'word': ' intensity,', 'start': 42.98, 'end': 44.5, 'probability': 0.9493}, {'word': ' even', 'start': 44.9, 'end': 45.36, 'probability': 0.9979}, {'word': ' in', 'start': 45.36, 'end': 45.5, 'probability': 0.9868}, {'word': ' a', 'start': 45.5, 'end': 45.58, 'probability': 0.9818}, {'word': ' cloud', 'start': 45.58, 'end': 45.86, 'probability': 0.9786}, {'word': ' of', 'start': 45.86, 'end': 46.16, 'probability': 0.9975}, {'word': ' dust,', 'start': 46.16, 'end': 47.18, 'probability': 0.9976}]}, {'start': 48.74, 'end': 60.18, 'text': 'that tingle that just ran down your spine, this is you, this is us, this is Audi.', 'words': [{'word': ' that', 'start': 48.74, 'end': 49.66, 'probability': 0.8508}, {'word': ' tingle', 'start': 49.66, 'end': 50.22, 'probability': 0.934}, {'word': ' that', 'start': 50.22, 'end': 50.68, 'probability': 0.9392}, {'word': ' just', 'start': 50.68, 'end': 50.94, 'probability': 0.9969}, {'word': ' ran', 'start': 50.94, 'end': 51.2, 'probability': 0.9848}, {'word': ' down', 'start': 51.2, 'end': 51.46, 'probability': 0.9959}, {'word': ' your', 'start': 51.46, 'end': 51.68, 'probability': 0.9975}, {'word': ' spine,', 'start': 51.68, 'end': 52.2, 'probability': 0.9953}, {'word': ' this', 'start': 52.42, 'end': 54.02, 'probability': 0.8316}, {'word': ' is', 'start': 54.02, 'end': 54.22, 'probability': 0.9915}, {'word': ' you,', 'start': 54.22, 'end': 54.5, 'probability': 0.9813}, {'word': ' this', 'start': 55.12, 'end': 56.1, 'probability': 0.995}, {'word': ' is', 'start': 56.1, 'end': 56.36, 'probability': 0.9957}, {'word': ' us,', 'start': 56.36, 'end': 56.68, 'probability': 0.9921}, {'word': ' this', 'start': 57.34, 'end': 58.72, 'probability': 0.9923}, {'word': ' is', 'start': 58.72, 'end': 59.74, 'probability': 0.9919}, {'word': ' Audi.', 'start': 59.74, 'end': 60.18, 'probability': 0.8118}]}, {'start': 64.86, 'end': 66.26, 'text': 'Who we are, this is us.', 'words': [{'word': ' Who', 'start': 64.86, 'end': 66.26, 'probability': 0.0011}, {'word': ' we', 'start': 66.26, 'end': 66.26, 'probability': 0.0019}, {'word': ' are,', 'start': 66.26, 'end': 66.26, 'probability': 0.1763}, {'word': ' this', 'start': 66.26, 'end': 66.26, 'probability': 0.0112}, {'word': ' is', 'start': 66.26, 'end': 66.26, 'probability': 0.6364}, {'word': ' us.', 'start': 66.26, 'end': 66.26, 'probability': 0.0097}]}]",5.0,2026-04-26 21:47:09.624
,,,transcripts,,,,,,,,,,,,,,,,,,,,,,,,,,,,,,,,,,,,,,,,,,,,,/Users/elmedin.karisiksystemverification.com/Documents/private/Automotive-Industry-Tracker/data/raw/audio/audi_promo.mp3,en,,66.29,base,"[{'start': 0.0, 'end': 22.7, 'text': ""Who we are, it's where we come from, and where we are going, intelligence that's playful, a thrill, speed, adrenaline,"", 'words': [{'word': ' Who', 'start': 0.0, 'end': 1.34, 'probability': 0.6655}, {'word': ' we', 'start': 1.34, 'end': 3.56, 'probability': 0.7967}, {'word': ' are,', 'start': 3.56, 'end': 3.86, 'probability': 0.9979}, {'word': "" it's"", 'start': 4.2, 'end': 5.8, 'probability': 0.9393}, {'word': ' where', 'start': 5.8, 'end': 5.98, 'probability': 0.9979}, {'word': ' we', 'start': 5.98, 'end': 6.14, 'probability': 0.999}, {'word': ' come', 'start': 6.14, 'end': 6.36, 'probability': 0.9958}, {'word': ' from,', 'start': 6.36, 'end': 6.78, 'probability': 0.9983}, {'word': ' and', 'start': 7.18, 'end': 9.02, 'probability': 0.9597}, {'word': ' where', 'start': 9.02, 'end': 9.24, 'probability': 0.9952}, {'word': ' we', 'start': 9.24, 'end': 9.44, 'probability': 0.9982}, {'word': ' are', 'start': 9.44, 'end': 9.54, 'probability': 0.9116}, {'word': ' going,', 'start': 9.54, 'end': 10.02, 'probability': 0.9975}, {'word': ' intelligence', 'start': 10.58, 'end': 14.44, 'probability': 0.9041}, {'word': "" that's"", 'start': 14.44, 'end': 15.92, 'probability': 0.7798}, {'word': ' playful,', 'start': 15.92, 'end': 16.28, 'probability': 0.9829}, {'word': ' a', 'start': 16.94, 'end': 17.26, 'probability': 0.942}, {'word': ' thrill,', 'start': 17.26, 'end': 17.74, 'probability': 0.9969}, {'word': ' speed,', 'start': 18.42, 'end': 20.7, 'probability': 0.9938}, {'word': ' adrenaline,', 'start': 21.86, 'end': 22.7, 'probability': 0.9806}]}, {'start': 24.5, 'end': 40.48, 'text': 'on or off-road, beauty that makes us smile, a surge of emotion, bold and peaceful, unstoppable,', 'words': [{'word': ' on', 'start': 24.5, 'end': 25.5, 'probability': 0.0221}, {'word': ' or', 'start': 25.5, 'end': 26.5, 'probability': 0.7155}, {'word': ' off', 'start': 26.5, 'end': 26.88, 'probability': 0.8282}, {'word': '-road,', 'start': 26.88, 'end': 27.2, 'probability': 0.6064}, {'word': ' beauty', 'start': 27.32, 'end': 29.0, 'probability': 0.885}, {'word': ' that', 'start': 29.0, 'end': 30.28, 'probability': 0.4319}, {'word': ' makes', 'start': 30.28, 'end': 30.46, 'probability': 0.9957}, {'word': ' us', 'start': 30.46, 'end': 30.7, 'probability': 0.8966}, {'word': ' smile,', 'start': 30.7, 'end': 31.18, 'probability': 0.9966}, {'word': ' a', 'start': 31.74, 'end': 32.12, 'probability': 0.9449}, {'word': ' surge', 'start': 32.12, 'end': 32.52, 'probability': 0.9958}, {'word': ' of', 'start': 32.52, 'end': 32.72, 'probability': 0.9981}, {'word': ' emotion,', 'start': 32.72, 'end': 33.2, 'probability': 0.976}, {'word': ' bold', 'start': 33.72, 'end': 35.0, 'probability': 0.8105}, {'word': ' and', 'start': 35.0, 'end': 36.0, 'probability': 0.6562}, {'word': ' peaceful,', 'start': 36.0, 'end': 36.44, 'probability': 0.9962}, {'word': ' unstoppable,', 'start': 37.96, 'end': 40.48, 'probability': 0.9561}]}, {'start': 43.0, 'end': 47.22, 'text': 'unlimited, intensity, even in a cloud of dust,', 'words': [{'word': ' unlimited,', 'start': 43.0, 'end': 43.76, 'probability': 0.0323}, {'word': ' intensity,', 'start': 43.76, 'end': 44.52, 'probability': 0.9563}, {'word': ' even', 'start': 44.9, 'end': 45.36, 'probability': 0.9978}, {'word': ' in', 'start': 45.36, 'end': 45.5, 'probability': 0.9789}, {'word': ' a', 'start': 45.5, 'end': 45.58, 'probability': 0.9849}, {'word': ' cloud', 'start': 45.58, 'end': 45.88, 'probability': 0.9876}, {'word': ' of', 'start': 45.88, 'end': 46.16, 'probability': 0.9959}, {'word': ' dust,', 'start': 46.16, 'end': 47.22, 'probability': 0.9954}]}, {'start': 49.48, 'end': 60.18, 'text': 'that tingle that just ran down your spine, this is you, this is us, this is Audi.', 'words': [{'word': ' that', 'start': 49.28, 'end': 49.66, 'probability': 0.4548}, {'word': ' tingle', 'start': 49.66, 'end': 50.22, 'probability': 0.9497}, {'word': ' that', 'start': 50.22, 'end': 50.68, 'probability': 0.9157}, {'word': ' just', 'start': 50.68, 'end': 50.92, 'probability': 0.9952}, {'word': ' ran', 'start': 50.92, 'end': 51.22, 'probability': 0.9773}, {'word': ' down', 'start': 51.22, 'end': 51.46, 'probability': 0.9927}, {'word': ' your', 'start': 51.46, 'end': 51.68, 'probability': 0.9977}, {'word': ' spine,', 'start': 51.68, 'end': 52.2, 'probability': 0.9958}, {'word': ' this', 'start': 52.42, 'end': 54.04, 'probability': 0.8811}, {'word': ' is', 'start': 54.04, 'end': 54.22, 'probability': 0.9932}, {'word': ' you,', 'start': 54.22, 'end': 54.5, 'probability': 0.9636}, {'word': ' this', 'start': 55.12, 'end': 56.1, 'probability': 0.9945}, {'word': ' is', 'start': 56.1, 'end': 56.34, 'probability': 0.9935}, {'word': ' us,', 'start': 56.34, 'end': 56.7, 'probability': 0.9892}, {'word': ' this', 'start': 57.34, 'end': 58.84, 'probability': 0.9786}, {'word': ' is', 'start': 58.84, 'end': 59.76, 'probability': 0.9729}, {'word': ' Audi.', 'start': 59.76, 'end': 60.18, 'probability': 0.8558}]}]",4.0,2026-04-26 21:47:09.785
,,,transcripts,,,,,,,,,,,,,,,,,,,,,,,,,,,,,,,,,,,,,,,,,,,,,/Users/elmedin.karisiksystemverification.com/Documents/private/Automotive-Industry-Tracker/data/raw/audio/audi_promo.wav,en,0.9082,66.29,base,"[{'start': 2.52, 'end': 3.88, 'text': 'Who we are?', 'words': [{'word': ' Who', 'start': 2.52, 'end': 3.4, 'probability': 0.6588}, {'word': ' we', 'start': 3.4, 'end': 3.56, 'probability': 0.7777}, {'word': ' are?', 'start': 3.56, 'end': 3.88, 'probability': 0.9978}]}, {'start': 4.94, 'end': 6.74, 'text': ""It's where we come from."", 'words': [{'word': "" It's"", 'start': 4.94, 'end': 5.82, 'probability': 0.9769}, {'word': ' where', 'start': 5.82, 'end': 5.98, 'probability': 0.9973}, {'word': ' we', 'start': 5.98, 'end': 6.14, 'probability': 0.9988}, {'word': ' come', 'start': 6.14, 'end': 6.36, 'probability': 0.9957}, {'word': ' from.', 'start': 6.36, 'end': 6.74, 'probability': 0.9988}]}, {'start': 8.22, 'end': 9.96, 'text': 'And where we are going.', 'words': [{'word': ' And', 'start': 8.22, 'end': 9.04, 'probability': 0.9519}, {'word': ' where', 'start': 9.04, 'end': 9.24, 'probability': 0.9886}, {'word': ' we', 'start': 9.24, 'end': 9.44, 'probability': 0.9926}, {'word': ' are', 'start': 9.44, 'end': 9.54, 'probability': 0.8559}, {'word': ' going.', 'start': 9.54, 'end': 9.96, 'probability': 0.9982}]}, {'start': 13.6, 'end': 14.48, 'text': 'Intelligence.', 'words': [{'word': ' Intelligence.', 'start': 13.6, 'end': 14.48, 'probability': 0.887}]}, {'start': 15.44, 'end': 16.28, 'text': ""That's playful."", 'words': [{'word': "" That's"", 'start': 15.44, 'end': 15.9, 'probability': 0.9888}, {'word': ' playful.', 'start': 15.9, 'end': 16.28, 'probability': 0.8479}]}, {'start': 17.02, 'end': 17.62, 'text': 'A thrill.', 'words': [{'word': ' A', 'start': 17.02, 'end': 17.26, 'probability': 0.9884}, {'word': ' thrill.', 'start': 17.26, 'end': 17.62, 'probability': 0.9958}]}, {'start': 19.72, 'end': 20.6, 'text': 'Speed.', 'words': [{'word': ' Speed.', 'start': 19.72, 'end': 20.6, 'probability': 0.9766}]}, {'start': 21.92, 'end': 22.6, 'text': 'A adrenaline.', 'words': [{'word': ' A', 'start': 21.92, 'end': 22.28, 'probability': 0.5284}, {'word': ' adrenaline.', 'start': 22.28, 'end': 22.6, 'probability': 0.8287}]}, {'start': 24.76, 'end': 27.12, 'text': 'On or off road.', 'words': [{'word': ' On', 'start': 24.76, 'end': 25.64, 'probability': 0.7691}, {'word': ' or', 'start': 25.64, 'end': 26.52, 'probability': 0.5493}, {'word': ' off', 'start': 26.52, 'end': 26.88, 'probability': 0.9242}, {'word': ' road.', 'start': 26.88, 'end': 27.12, 'probability': 0.4693}]}, {'start': 28.14, 'end': 29.02, 'text': 'Beauty.', 'words': [{'word': ' Beauty.', 'start': 28.14, 'end': 29.02, 'probability': 0.4011}]}, {'start': 30.12, 'end': 31.18, 'text': 'It makes us smile.', 'words': [{'word': ' It', 'start': 29.84, 'end': 30.28, 'probability': 0.4377}, {'word': ' makes', 'start': 30.28, 'end': 30.46, 'probability': 0.9945}, {'word': ' us', 'start': 30.46, 'end': 30.68, 'probability': 0.889}, {'word': ' smile.', 'start': 30.68, 'end': 31.18, 'probability': 0.9973}]}, {'start': 31.8, 'end': 33.16, 'text': 'A surge of emotion.', 'words': [{'word': ' A', 'start': 31.8, 'end': 32.12, 'probability': 0.9624}, {'word': ' surge', 'start': 32.12, 'end': 32.5, 'probability': 0.9958}, {'word': ' of', 'start': 32.5, 'end': 32.72, 'probability': 0.9987}, {'word': ' emotion.', 'start': 32.72, 'end': 33.16, 'probability': 0.9776}]}, {'start': 34.54, 'end': 35.0, 'text': 'Bold.', 'words': [{'word': ' Bold.', 'start': 34.54, 'end': 35.0, 'probability': 0.4752}]}, {'start': 35.72, 'end': 36.38, 'text': 'And peaceful.', 'words': [{'word': ' And', 'start': 35.72, 'end': 36.02, 'probability': 0.7443}, {'word': ' peaceful.', 'start': 36.02, 'end': 36.38, 'probability': 0.9905}]}, {'start': 39.62, 'end': 40.5, 'text': 'Unstoppable.', 'words': [{'word': ' Unstoppable.', 'start': 39.62, 'end': 40.5, 'probability': 0.9517}]}, {'start': 41.72, 'end': 42.42, 'text': 'Unlimited.', 'words': [{'word': ' Unlimited.', 'start': 41.72, 'end': 42.42, 'probability': 0.9793}]}, {'start': 43.82, 'end': 44.5, 'text': 'Intensity.', 'words': [{'word': ' Intensity.', 'start': 43.82, 'end': 44.5, 'probability': 0.9786}]}, {'start': 45.16, 'end': 46.6, 'text': 'Even in a cloud of dust.', 'words': [{'word': ' Even', 'start': 45.16, 'end': 45.36, 'probability': 0.9896}, {'word': ' in', 'start': 45.36, 'end': 45.5, 'probability': 0.9889}, {'word': ' a', 'start': 45.5, 'end': 45.6, 'probability': 0.992}, {'word': ' cloud', 'start': 45.6, 'end': 45.86, 'probability': 0.9768}, {'word': ' of', 'start': 45.86, 'end': 46.16, 'probability': 0.9983}, {'word': ' dust.', 'start': 46.16, 'end': 46.6, 'probability': 0.9979}]}, {'start': 48.78, 'end': 52.08, 'text': 'That tingle that just ran down your spine.', 'words': [{'word': ' That', 'start': 48.78, 'end': 49.66, 'probability': 0.6261}, {'word': ' tingle', 'start': 49.66, 'end': 50.22, 'probability': 0.9424}, {'word': ' that', 'start': 50.22, 'end': 50.68, 'probability': 0.8044}, {'word': ' just', 'start': 50.68, 'end': 50.92, 'probability': 0.997}, {'word': ' ran', 'start': 50.92, 'end': 51.22, 'probability': 0.9873}, {'word': ' down', 'start': 51.22, 'end': 51.46, 'probability': 0.9966}, {'word': ' your', 'start': 51.46, 'end': 51.7, 'probability': 0.9972}, {'word': ' spine.', 'start': 51.7, 'end': 52.08, 'probability': 0.9878}]}, {'start': 53.16, 'end': 54.5, 'text': 'This is you.', 'words': [{'word': ' This', 'start': 53.16, 'end': 54.04, 'probability': 0.9782}, {'word': ' is', 'start': 54.04, 'end': 54.22, 'probability': 0.9977}, {'word': ' you.', 'start': 54.22, 'end': 54.5, 'probability': 0.9932}]}, {'start': 55.5, 'end': 56.62, 'text': 'This is us.', 'words': [{'word': ' This', 'start': 55.5, 'end': 56.08, 'probability': 0.3565}, {'word': ' is', 'start': 56.08, 'end': 56.28, 'probability': 0.9767}, {'word': ' us.', 'start': 56.28, 'end': 56.62, 'probability': 0.859}]}, {'start': 58.0, 'end': 60.18, 'text': 'This is Audi.', 'words': [{'word': ' This', 'start': 58.0, 'end': 58.88, 'probability': 0.977}, {'word': ' is', 'start': 58.88, 'end': 59.76, 'probability': 0.9689}, {'word': ' Audi.', 'start': 59.76, 'end': 60.18, 'probability': 0.8662}]}]",22.0,2026-04-26 21:49:09.770
,,,transcripts,,,,,,,,,,,,,,,,,,,,,,,,,,,,,,,,,,,,,,,,,,,,,/Users/elmedin.karisiksystemverification.com/Documents/private/Automotive-Industry-Tracker/data/processed/audio/extracted_from_video.mp3,en,0.9144,66.29,base,"[{'start': 2.66, 'end': 16.28, 'text': ""Who we are, it's where we come from, and where we are going, intelligence that's playful,"", 'words': [{'word': ' Who', 'start': 2.66, 'end': 3.4, 'probability': 0.6376}, {'word': ' we', 'start': 3.4, 'end': 3.56, 'probability': 0.7892}, {'word': ' are,', 'start': 3.56, 'end': 3.88, 'probability': 0.9982}, {'word': "" it's"", 'start': 4.2, 'end': 5.8, 'probability': 0.9462}, {'word': ' where', 'start': 5.8, 'end': 5.98, 'probability': 0.998}, {'word': ' we', 'start': 5.98, 'end': 6.14, 'probability': 0.9988}, {'word': ' come', 'start': 6.14, 'end': 6.36, 'probability': 0.9961}, {'word': ' from,', 'start': 6.36, 'end': 6.8, 'probability': 0.9988}, {'word': ' and', 'start': 7.18, 'end': 9.04, 'probability': 0.9628}, {'word': ' where', 'start': 9.04, 'end': 9.24, 'probability': 0.995}, {'word': ' we', 'start': 9.24, 'end': 9.44, 'probability': 0.9989}, {'word': ' are', 'start': 9.44, 'end': 9.54, 'probability': 0.8935}, {'word': ' going,', 'start': 9.54, 'end': 10.0, 'probability': 0.9981}, {'word': ' intelligence', 'start': 10.58, 'end': 14.46, 'probability': 0.911}, {'word': "" that's"", 'start': 14.46, 'end': 15.92, 'probability': 0.8036}, {'word': ' playful,', 'start': 15.92, 'end': 16.28, 'probability': 0.9839}]}, {'start': 16.28, 'end': 33.18, 'text': 'a thrill, speed, adrenaline, or off-road, beauty that makes us smile, a surge of emotion,', 'words': [{'word': ' a', 'start': 16.28, 'end': 16.72, 'probability': 0.0431}, {'word': ' thrill,', 'start': 16.72, 'end': 17.68, 'probability': 0.7894}, {'word': ' speed,', 'start': 17.8, 'end': 20.78, 'probability': 0.9678}, {'word': ' adrenaline,', 'start': 21.08, 'end': 22.7, 'probability': 0.9854}, {'word': ' or', 'start': 23.32, 'end': 25.38, 'probability': 0.2625}, {'word': ' off', 'start': 25.38, 'end': 26.88, 'probability': 0.3581}, {'word': '-road,', 'start': 26.88, 'end': 27.16, 'probability': 0.8461}, {'word': ' beauty', 'start': 27.72, 'end': 29.0, 'probability': 0.9595}, {'word': ' that', 'start': 29.0, 'end': 30.28, 'probability': 0.5386}, {'word': ' makes', 'start': 30.28, 'end': 30.46, 'probability': 0.9944}, {'word': ' us', 'start': 30.46, 'end': 30.7, 'probability': 0.9336}, {'word': ' smile,', 'start': 30.7, 'end': 31.18, 'probability': 0.9969}, {'word': ' a', 'start': 31.76, 'end': 32.12, 'probability': 0.9497}, {'word': ' surge', 'start': 32.12, 'end': 32.52, 'probability': 0.9966}, {'word': ' of', 'start': 32.52, 'end': 32.72, 'probability': 0.9969}, {'word': ' emotion,', 'start': 32.72, 'end': 33.18, 'probability': 0.9744}]}, {'start': 34.18, 'end': 47.18, 'text': 'bold and peaceful, unstoppable, unlimited, intensity, even in a cloud of dust,', 'words': [{'word': ' bold', 'start': 34.18, 'end': 35.0, 'probability': 0.0152}, {'word': ' and', 'start': 35.0, 'end': 36.0, 'probability': 0.8404}, {'word': ' peaceful,', 'start': 36.0, 'end': 36.44, 'probability': 0.9956}, {'word': ' unstoppable,', 'start': 36.76, 'end': 40.46, 'probability': 0.9497}, {'word': ' unlimited,', 'start': 41.18, 'end': 42.44, 'probability': 0.9887}, {'word': ' intensity,', 'start': 42.98, 'end': 44.5, 'probability': 0.9493}, {'word': ' even', 'start': 44.9, 'end': 45.36, 'probability': 0.9979}, {'word': ' in', 'start': 45.36, 'end': 45.5, 'probability': 0.9868}, {'word': ' a', 'start': 45.5, 'end': 45.58, 'probability': 0.9818}, {'word': ' cloud', 'start': 45.58, 'end': 45.86, 'probability': 0.9786}, {'word': ' of', 'start': 45.86, 'end': 46.16, 'probability': 0.9975}, {'word': ' dust,', 'start': 46.16, 'end': 47.18, 'probability': 0.9976}]}, {'start': 48.74, 'end': 60.18, 'text': 'that tingle that just ran down your spine, this is you, this is us, this is Audi.', 'words': [{'word': ' that', 'start': 48.74, 'end': 49.66, 'probability': 0.8508}, {'word': ' tingle', 'start': 49.66, 'end': 50.22, 'probability': 0.934}, {'word': ' that', 'start': 50.22, 'end': 50.68, 'probability': 0.9392}, {'word': ' just', 'start': 50.68, 'end': 50.94, 'probability': 0.9969}, {'word': ' ran', 'start': 50.94, 'end': 51.2, 'probability': 0.9848}, {'word': ' down', 'start': 51.2, 'end': 51.46, 'probability': 0.9959}, {'word': ' your', 'start': 51.46, 'end': 51.68, 'probability': 0.9975}, {'word': ' spine,', 'start': 51.68, 'end': 52.2, 'probability': 0.9953}, {'word': ' this', 'start': 52.42, 'end': 54.02, 'probability': 0.8316}, {'word': ' is', 'start': 54.02, 'end': 54.22, 'probability': 0.9915}, {'word': ' you,', 'start': 54.22, 'end': 54.5, 'probability': 0.9813}, {'word': ' this', 'start': 55.12, 'end': 56.1, 'probability': 0.995}, {'word': ' is', 'start': 56.1, 'end': 56.36, 'probability': 0.9957}, {'word': ' us,', 'start': 56.36, 'end': 56.68, 'probability': 0.9921}, {'word': ' this', 'start': 57.34, 'end': 58.72, 'probability': 0.9923}, {'word': ' is', 'start': 58.72, 'end': 59.74, 'probability': 0.9919}, {'word': ' Audi.', 'start': 59.74, 'end': 60.18, 'probability': 0.8118}]}, {'start': 64.86, 'end': 66.26, 'text': 'Who we are, this is us.', 'words': [{'word': ' Who', 'start': 64.86, 'end': 66.26, 'probability': 0.0011}, {'word': ' we', 'start': 66.26, 'end': 66.26, 'probability': 0.0019}, {'word': ' are,', 'start': 66.26, 'end': 66.26, 'probability': 0.1763}, {'word': ' this', 'start': 66.26, 'end': 66.26, 'probability': 0.0112}, {'word': ' is', 'start': 66.26, 'end': 66.26, 'probability': 0.6364}, {'word': ' us.', 'start': 66.26, 'end': 66.26, 'probability': 0.0097}]}]",5.0,2026-04-26 21:49:11.522
,,,transcripts,,,,,,,,,,,,,,,,,,,,,,,,,,,,,,,,,,,,,,,,,,,,,/Users/elmedin.karisiksystemverification.com/Documents/private/Automotive-Industry-Tracker/data/raw/audio/audi_promo.mp3,en,,66.29,base,"[{'start': 0.0, 'end': 22.7, 'text': ""Who we are, it's where we come from, and where we are going, intelligence that's playful, a thrill, speed, adrenaline,"", 'words': [{'word': ' Who', 'start': 0.0, 'end': 1.34, 'probability': 0.6655}, {'word': ' we', 'start': 1.34, 'end': 3.56, 'probability': 0.7967}, {'word': ' are,', 'start': 3.56, 'end': 3.86, 'probability': 0.9979}, {'word': "" it's"", 'start': 4.2, 'end': 5.8, 'probability': 0.9393}, {'word': ' where', 'start': 5.8, 'end': 5.98, 'probability': 0.9979}, {'word': ' we', 'start': 5.98, 'end': 6.14, 'probability': 0.999}, {'word': ' come', 'start': 6.14, 'end': 6.36, 'probability': 0.9958}, {'word': ' from,', 'start': 6.36, 'end': 6.78, 'probability': 0.9983}, {'word': ' and', 'start': 7.18, 'end': 9.02, 'probability': 0.9597}, {'word': ' where', 'start': 9.02, 'end': 9.24, 'probability': 0.9952}, {'word': ' we', 'start': 9.24, 'end': 9.44, 'probability': 0.9982}, {'word': ' are', 'start': 9.44, 'end': 9.54, 'probability': 0.9116}, {'word': ' going,', 'start': 9.54, 'end': 10.02, 'probability': 0.9975}, {'word': ' intelligence', 'start': 10.58, 'end': 14.44, 'probability': 0.9041}, {'word': "" that's"", 'start': 14.44, 'end': 15.92, 'probability': 0.7798}, {'word': ' playful,', 'start': 15.92, 'end': 16.28, 'probability': 0.9829}, {'word': ' a', 'start': 16.94, 'end': 17.26, 'probability': 0.942}, {'word': ' thrill,', 'start': 17.26, 'end': 17.74, 'probability': 0.9969}, {'word': ' speed,', 'start': 18.42, 'end': 20.7, 'probability': 0.9938}, {'word': ' adrenaline,', 'start': 21.86, 'end': 22.7, 'probability': 0.9806}]}, {'start': 24.5, 'end': 40.48, 'text': 'on or off-road, beauty that makes us smile, a surge of emotion, bold and peaceful, unstoppable,', 'words': [{'word': ' on', 'start': 24.5, 'end': 25.5, 'probability': 0.0221}, {'word': ' or', 'start': 25.5, 'end': 26.5, 'probability': 0.7155}, {'word': ' off', 'start': 26.5, 'end': 26.88, 'probability': 0.8282}, {'word': '-road,', 'start': 26.88, 'end': 27.2, 'probability': 0.6064}, {'word': ' beauty', 'start': 27.32, 'end': 29.0, 'probability': 0.885}, {'word': ' that', 'start': 29.0, 'end': 30.28, 'probability': 0.4319}, {'word': ' makes', 'start': 30.28, 'end': 30.46, 'probability': 0.9957}, {'word': ' us', 'start': 30.46, 'end': 30.7, 'probability': 0.8966}, {'word': ' smile,', 'start': 30.7, 'end': 31.18, 'probability': 0.9966}, {'word': ' a', 'start': 31.74, 'end': 32.12, 'probability': 0.9449}, {'word': ' surge', 'start': 32.12, 'end': 32.52, 'probability': 0.9958}, {'word': ' of', 'start': 32.52, 'end': 32.72, 'probability': 0.9981}, {'word': ' emotion,', 'start': 32.72, 'end': 33.2, 'probability': 0.976}, {'word': ' bold', 'start': 33.72, 'end': 35.0, 'probability': 0.8105}, {'word': ' and', 'start': 35.0, 'end': 36.0, 'probability': 0.6562}, {'word': ' peaceful,', 'start': 36.0, 'end': 36.44, 'probability': 0.9962}, {'word': ' unstoppable,', 'start': 37.96, 'end': 40.48, 'probability': 0.9561}]}, {'start': 43.0, 'end': 47.22, 'text': 'unlimited, intensity, even in a cloud of dust,', 'words': [{'word': ' unlimited,', 'start': 43.0, 'end': 43.76, 'probability': 0.0323}, {'word': ' intensity,', 'start': 43.76, 'end': 44.52, 'probability': 0.9563}, {'word': ' even', 'start': 44.9, 'end': 45.36, 'probability': 0.9978}, {'word': ' in', 'start': 45.36, 'end': 45.5, 'probability': 0.9789}, {'word': ' a', 'start': 45.5, 'end': 45.58, 'probability': 0.9849}, {'word': ' cloud', 'start': 45.58, 'end': 45.88, 'probability': 0.9876}, {'word': ' of', 'start': 45.88, 'end': 46.16, 'probability': 0.9959}, {'word': ' dust,', 'start': 46.16, 'end': 47.22, 'probability': 0.9954}]}, {'start': 49.48, 'end': 60.18, 'text': 'that tingle that just ran down your spine, this is you, this is us, this is Audi.', 'words': [{'word': ' that', 'start': 49.28, 'end': 49.66, 'probability': 0.4548}, {'word': ' tingle', 'start': 49.66, 'end': 50.22, 'probability': 0.9497}, {'word': ' that', 'start': 50.22, 'end': 50.68, 'probability': 0.9157}, {'word': ' just', 'start': 50.68, 'end': 50.92, 'probability': 0.9952}, {'word': ' ran', 'start': 50.92, 'end': 51.22, 'probability': 0.9773}, {'word': ' down', 'start': 51.22, 'end': 51.46, 'probability': 0.9927}, {'word': ' your', 'start': 51.46, 'end': 51.68, 'probability': 0.9977}, {'word': ' spine,', 'start': 51.68, 'end': 52.2, 'probability': 0.9958}, {'word': ' this', 'start': 52.42, 'end': 54.04, 'probability': 0.8811}, {'word': ' is', 'start': 54.04, 'end': 54.22, 'probability': 0.9932}, {'word': ' you,', 'start': 54.22, 'end': 54.5, 'probability': 0.9636}, {'word': ' this', 'start': 55.12, 'end': 56.1, 'probability': 0.9945}, {'word': ' is', 'start': 56.1, 'end': 56.34, 'probability': 0.9935}, {'word': ' us,', 'start': 56.34, 'end': 56.7, 'probability': 0.9892}, {'word': ' this', 'start': 57.34, 'end': 58.84, 'probability': 0.9786}, {'word': ' is', 'start': 58.84, 'end': 59.76, 'probability': 0.9729}, {'word': ' Audi.', 'start': 59.76, 'end': 60.18, 'probability': 0.8558}]}]",4.0,2026-04-26 21:49:11.673
,,,transcripts,,,,,,,,,,,,,,,,,,,,,,,,,,,,,,,,,,,,,,,,,,,,,/Users/elmedin.karisiksystemverification.com/Documents/private/Automotive-Industry-Tracker/data/raw/audio/audi_promo.wav,en,0.9082,66.29,base,"[{'start': 2.52, 'end': 3.88, 'text': 'Who we are?', 'words': [{'word': ' Who', 'start': 2.52, 'end': 3.4, 'probability': 0.6588}, {'word': ' we', 'start': 3.4, 'end': 3.56, 'probability': 0.7777}, {'word': ' are?', 'start': 3.56, 'end': 3.88, 'probability': 0.9978}]}, {'start': 4.94, 'end': 6.74, 'text': ""It's where we come from."", 'words': [{'word': "" It's"", 'start': 4.94, 'end': 5.82, 'probability': 0.9769}, {'word': ' where', 'start': 5.82, 'end': 5.98, 'probability': 0.9973}, {'word': ' we', 'start': 5.98, 'end': 6.14, 'probability': 0.9988}, {'word': ' come', 'start': 6.14, 'end': 6.36, 'probability': 0.9957}, {'word': ' from.', 'start': 6.36, 'end': 6.74, 'probability': 0.9988}]}, {'start': 8.22, 'end': 9.96, 'text': 'And where we are going.', 'words': [{'word': ' And', 'start': 8.22, 'end': 9.04, 'probability': 0.9519}, {'word': ' where', 'start': 9.04, 'end': 9.24, 'probability': 0.9886}, {'word': ' we', 'start': 9.24, 'end': 9.44, 'probability': 0.9926}, {'word': ' are', 'start': 9.44, 'end': 9.54, 'probability': 0.8559}, {'word': ' going.', 'start': 9.54, 'end': 9.96, 'probability': 0.9982}]}, {'start': 13.6, 'end': 14.48, 'text': 'Intelligence.', 'words': [{'word': ' Intelligence.', 'start': 13.6, 'end': 14.48, 'probability': 0.887}]}, {'start': 15.44, 'end': 16.28, 'text': ""That's playful."", 'words': [{'word': "" That's"", 'start': 15.44, 'end': 15.9, 'probability': 0.9888}, {'word': ' playful.', 'start': 15.9, 'end': 16.28, 'probability': 0.8479}]}, {'start': 17.02, 'end': 17.62, 'text': 'A thrill.', 'words': [{'word': ' A', 'start': 17.02, 'end': 17.26, 'probability': 0.9884}, {'word': ' thrill.', 'start': 17.26, 'end': 17.62, 'probability': 0.9958}]}, {'start': 19.72, 'end': 20.6, 'text': 'Speed.', 'words': [{'word': ' Speed.', 'start': 19.72, 'end': 20.6, 'probability': 0.9766}]}, {'start': 21.92, 'end': 22.6, 'text': 'A adrenaline.', 'words': [{'word': ' A', 'start': 21.92, 'end': 22.28, 'probability': 0.5284}, {'word': ' adrenaline.', 'start': 22.28, 'end': 22.6, 'probability': 0.8287}]}, {'start': 24.76, 'end': 27.12, 'text': 'On or off road.', 'words': [{'word': ' On', 'start': 24.76, 'end': 25.64, 'probability': 0.7691}, {'word': ' or', 'start': 25.64, 'end': 26.52, 'probability': 0.5493}, {'word': ' off', 'start': 26.52, 'end': 26.88, 'probability': 0.9242}, {'word': ' road.', 'start': 26.88, 'end': 27.12, 'probability': 0.4693}]}, {'start': 28.14, 'end': 29.02, 'text': 'Beauty.', 'words': [{'word': ' Beauty.', 'start': 28.14, 'end': 29.02, 'probability': 0.4011}]}, {'start': 30.12, 'end': 31.18, 'text': 'It makes us smile.', 'words': [{'word': ' It', 'start': 29.84, 'end': 30.28, 'probability': 0.4377}, {'word': ' makes', 'start': 30.28, 'end': 30.46, 'probability': 0.9945}, {'word': ' us', 'start': 30.46, 'end': 30.68, 'probability': 0.889}, {'word': ' smile.', 'start': 30.68, 'end': 31.18, 'probability': 0.9973}]}, {'start': 31.8, 'end': 33.16, 'text': 'A surge of emotion.', 'words': [{'word': ' A', 'start': 31.8, 'end': 32.12, 'probability': 0.9624}, {'word': ' surge', 'start': 32.12, 'end': 32.5, 'probability': 0.9958}, {'word': ' of', 'start': 32.5, 'end': 32.72, 'probability': 0.9987}, {'word': ' emotion.', 'start': 32.72, 'end': 33.16, 'probability': 0.9776}]}, {'start': 34.54, 'end': 35.0, 'text': 'Bold.', 'words': [{'word': ' Bold.', 'start': 34.54, 'end': 35.0, 'probability': 0.4752}]}, {'start': 35.72, 'end': 36.38, 'text': 'And peaceful.', 'words': [{'word': ' And', 'start': 35.72, 'end': 36.02, 'probability': 0.7443}, {'word': ' peaceful.', 'start': 36.02, 'end': 36.38, 'probability': 0.9905}]}, {'start': 39.62, 'end': 40.5, 'text': 'Unstoppable.', 'words': [{'word': ' Unstoppable.', 'start': 39.62, 'end': 40.5, 'probability': 0.9517}]}, {'start': 41.72, 'end': 42.42, 'text': 'Unlimited.', 'words': [{'word': ' Unlimited.', 'start': 41.72, 'end': 42.42, 'probability': 0.9793}]}, {'start': 43.82, 'end': 44.5, 'text': 'Intensity.', 'words': [{'word': ' Intensity.', 'start': 43.82, 'end': 44.5, 'probability': 0.9786}]}, {'start': 45.16, 'end': 46.6, 'text': 'Even in a cloud of dust.', 'words': [{'word': ' Even', 'start': 45.16, 'end': 45.36, 'probability': 0.9896}, {'word': ' in', 'start': 45.36, 'end': 45.5, 'probability': 0.9889}, {'word': ' a', 'start': 45.5, 'end': 45.6, 'probability': 0.992}, {'word': ' cloud', 'start': 45.6, 'end': 45.86, 'probability': 0.9768}, {'word': ' of', 'start': 45.86, 'end': 46.16, 'probability': 0.9983}, {'word': ' dust.', 'start': 46.16, 'end': 46.6, 'probability': 0.9979}]}, {'start': 48.78, 'end': 52.08, 'text': 'That tingle that just ran down your spine.', 'words': [{'word': ' That', 'start': 48.78, 'end': 49.66, 'probability': 0.6261}, {'word': ' tingle', 'start': 49.66, 'end': 50.22, 'probability': 0.9424}, {'word': ' that', 'start': 50.22, 'end': 50.68, 'probability': 0.8044}, {'word': ' just', 'start': 50.68, 'end': 50.92, 'probability': 0.997}, {'word': ' ran', 'start': 50.92, 'end': 51.22, 'probability': 0.9873}, {'word': ' down', 'start': 51.22, 'end': 51.46, 'probability': 0.9966}, {'word': ' your', 'start': 51.46, 'end': 51.7, 'probability': 0.9972}, {'word': ' spine.', 'start': 51.7, 'end': 52.08, 'probability': 0.9878}]}, {'start': 53.16, 'end': 54.5, 'text': 'This is you.', 'words': [{'word': ' This', 'start': 53.16, 'end': 54.04, 'probability': 0.9782}, {'word': ' is', 'start': 54.04, 'end': 54.22, 'probability': 0.9977}, {'word': ' you.', 'start': 54.22, 'end': 54.5, 'probability': 0.9932}]}, {'start': 55.5, 'end': 56.62, 'text': 'This is us.', 'words': [{'word': ' This', 'start': 55.5, 'end': 56.08, 'probability': 0.3565}, {'word': ' is', 'start': 56.08, 'end': 56.28, 'probability': 0.9767}, {'word': ' us.', 'start': 56.28, 'end': 56.62, 'probability': 0.859}]}, {'start': 58.0, 'end': 60.18, 'text': 'This is Audi.', 'words': [{'word': ' This', 'start': 58.0, 'end': 58.88, 'probability': 0.977}, {'word': ' is', 'start': 58.88, 'end': 59.76, 'probability': 0.9689}, {'word': ' Audi.', 'start': 59.76, 'end': 60.18, 'probability': 0.8662}]}]",22.0,2026-04-26 21:51:18.844
,,,transcripts,,,,,,,,,,,,,,,,,,,,,,,,,,,,,,,,,,,,,,,,,,,,,/Users/elmedin.karisiksystemverification.com/Documents/private/Automotive-Industry-Tracker/data/processed/audio/extracted_from_video.mp3,en,0.9144,66.29,base,"[{'start': 2.66, 'end': 16.28, 'text': ""Who we are, it's where we come from, and where we are going, intelligence that's playful,"", 'words': [{'word': ' Who', 'start': 2.66, 'end': 3.4, 'probability': 0.6376}, {'word': ' we', 'start': 3.4, 'end': 3.56, 'probability': 0.7892}, {'word': ' are,', 'start': 3.56, 'end': 3.88, 'probability': 0.9982}, {'word': "" it's"", 'start': 4.2, 'end': 5.8, 'probability': 0.9462}, {'word': ' where', 'start': 5.8, 'end': 5.98, 'probability': 0.998}, {'word': ' we', 'start': 5.98, 'end': 6.14, 'probability': 0.9988}, {'word': ' come', 'start': 6.14, 'end': 6.36, 'probability': 0.9961}, {'word': ' from,', 'start': 6.36, 'end': 6.8, 'probability': 0.9988}, {'word': ' and', 'start': 7.18, 'end': 9.04, 'probability': 0.9628}, {'word': ' where', 'start': 9.04, 'end': 9.24, 'probability': 0.995}, {'word': ' we', 'start': 9.24, 'end': 9.44, 'probability': 0.9989}, {'word': ' are', 'start': 9.44, 'end': 9.54, 'probability': 0.8935}, {'word': ' going,', 'start': 9.54, 'end': 10.0, 'probability': 0.9981}, {'word': ' intelligence', 'start': 10.58, 'end': 14.46, 'probability': 0.911}, {'word': "" that's"", 'start': 14.46, 'end': 15.92, 'probability': 0.8036}, {'word': ' playful,', 'start': 15.92, 'end': 16.28, 'probability': 0.9839}]}, {'start': 16.28, 'end': 33.18, 'text': 'a thrill, speed, adrenaline, or off-road, beauty that makes us smile, a surge of emotion,', 'words': [{'word': ' a', 'start': 16.28, 'end': 16.72, 'probability': 0.0431}, {'word': ' thrill,', 'start': 16.72, 'end': 17.68, 'probability': 0.7894}, {'word': ' speed,', 'start': 17.8, 'end': 20.78, 'probability': 0.9678}, {'word': ' adrenaline,', 'start': 21.08, 'end': 22.7, 'probability': 0.9854}, {'word': ' or', 'start': 23.32, 'end': 25.38, 'probability': 0.2625}, {'word': ' off', 'start': 25.38, 'end': 26.88, 'probability': 0.3581}, {'word': '-road,', 'start': 26.88, 'end': 27.16, 'probability': 0.8461}, {'word': ' beauty', 'start': 27.72, 'end': 29.0, 'probability': 0.9595}, {'word': ' that', 'start': 29.0, 'end': 30.28, 'probability': 0.5386}, {'word': ' makes', 'start': 30.28, 'end': 30.46, 'probability': 0.9944}, {'word': ' us', 'start': 30.46, 'end': 30.7, 'probability': 0.9336}, {'word': ' smile,', 'start': 30.7, 'end': 31.18, 'probability': 0.9969}, {'word': ' a', 'start': 31.76, 'end': 32.12, 'probability': 0.9497}, {'word': ' surge', 'start': 32.12, 'end': 32.52, 'probability': 0.9966}, {'word': ' of', 'start': 32.52, 'end': 32.72, 'probability': 0.9969}, {'word': ' emotion,', 'start': 32.72, 'end': 33.18, 'probability': 0.9744}]}, {'start': 34.18, 'end': 47.18, 'text': 'bold and peaceful, unstoppable, unlimited, intensity, even in a cloud of dust,', 'words': [{'word': ' bold', 'start': 34.18, 'end': 35.0, 'probability': 0.0152}, {'word': ' and', 'start': 35.0, 'end': 36.0, 'probability': 0.8404}, {'word': ' peaceful,', 'start': 36.0, 'end': 36.44, 'probability': 0.9956}, {'word': ' unstoppable,', 'start': 36.76, 'end': 40.46, 'probability': 0.9497}, {'word': ' unlimited,', 'start': 41.18, 'end': 42.44, 'probability': 0.9887}, {'word': ' intensity,', 'start': 42.98, 'end': 44.5, 'probability': 0.9493}, {'word': ' even', 'start': 44.9, 'end': 45.36, 'probability': 0.9979}, {'word': ' in', 'start': 45.36, 'end': 45.5, 'probability': 0.9868}, {'word': ' a', 'start': 45.5, 'end': 45.58, 'probability': 0.9818}, {'word': ' cloud', 'start': 45.58, 'end': 45.86, 'probability': 0.9786}, {'word': ' of', 'start': 45.86, 'end': 46.16, 'probability': 0.9975}, {'word': ' dust,', 'start': 46.16, 'end': 47.18, 'probability': 0.9976}]}, {'start': 48.74, 'end': 60.18, 'text': 'that tingle that just ran down your spine, this is you, this is us, this is Audi.', 'words': [{'word': ' that', 'start': 48.74, 'end': 49.66, 'probability': 0.8508}, {'word': ' tingle', 'start': 49.66, 'end': 50.22, 'probability': 0.934}, {'word': ' that', 'start': 50.22, 'end': 50.68, 'probability': 0.9392}, {'word': ' just', 'start': 50.68, 'end': 50.94, 'probability': 0.9969}, {'word': ' ran', 'start': 50.94, 'end': 51.2, 'probability': 0.9848}, {'word': ' down', 'start': 51.2, 'end': 51.46, 'probability': 0.9959}, {'word': ' your', 'start': 51.46, 'end': 51.68, 'probability': 0.9975}, {'word': ' spine,', 'start': 51.68, 'end': 52.2, 'probability': 0.9953}, {'word': ' this', 'start': 52.42, 'end': 54.02, 'probability': 0.8316}, {'word': ' is', 'start': 54.02, 'end': 54.22, 'probability': 0.9915}, {'word': ' you,', 'start': 54.22, 'end': 54.5, 'probability': 0.9813}, {'word': ' this', 'start': 55.12, 'end': 56.1, 'probability': 0.995}, {'word': ' is', 'start': 56.1, 'end': 56.36, 'probability': 0.9957}, {'word': ' us,', 'start': 56.36, 'end': 56.68, 'probability': 0.9921}, {'word': ' this', 'start': 57.34, 'end': 58.72, 'probability': 0.9923}, {'word': ' is', 'start': 58.72, 'end': 59.74, 'probability': 0.9919}, {'word': ' Audi.', 'start': 59.74, 'end': 60.18, 'probability': 0.8118}]}, {'start': 64.86, 'end': 66.26, 'text': 'Who we are, this is us.', 'words': [{'word': ' Who', 'start': 64.86, 'end': 66.26, 'probability': 0.0011}, {'word': ' we', 'start': 66.26, 'end': 66.26, 'probability': 0.0019}, {'word': ' are,', 'start': 66.26, 'end': 66.26, 'probability': 0.1763}, {'word': ' this', 'start': 66.26, 'end': 66.26, 'probability': 0.0112}, {'word': ' is', 'start': 66.26, 'end': 66.26, 'probability': 0.6364}, {'word': ' us.', 'start': 66.26, 'end': 66.26, 'probability': 0.0097}]}]",5.0,2026-04-26 21:51:20.631
,,,transcripts,,,,,,,,,,,,,,,,,,,,,,,,,,,,,,,,,,,,,,,,,,,,,/Users/elmedin.karisiksystemverification.com/Documents/private/Automotive-Industry-Tracker/data/raw/audio/audi_promo.mp3,en,,66.29,base,"[{'start': 0.0, 'end': 22.7, 'text': ""Who we are, it's where we come from, and where we are going, intelligence that's playful, a thrill, speed, adrenaline,"", 'words': [{'word': ' Who', 'start': 0.0, 'end': 1.34, 'probability': 0.6655}, {'word': ' we', 'start': 1.34, 'end': 3.56, 'probability': 0.7967}, {'word': ' are,', 'start': 3.56, 'end': 3.86, 'probability': 0.9979}, {'word': "" it's"", 'start': 4.2, 'end': 5.8, 'probability': 0.9393}, {'word': ' where', 'start': 5.8, 'end': 5.98, 'probability': 0.9979}, {'word': ' we', 'start': 5.98, 'end': 6.14, 'probability': 0.999}, {'word': ' come', 'start': 6.14, 'end': 6.36, 'probability': 0.9958}, {'word': ' from,', 'start': 6.36, 'end': 6.78, 'probability': 0.9983}, {'word': ' and', 'start': 7.18, 'end': 9.02, 'probability': 0.9597}, {'word': ' where', 'start': 9.02, 'end': 9.24, 'probability': 0.9952}, {'word': ' we', 'start': 9.24, 'end': 9.44, 'probability': 0.9982}, {'word': ' are', 'start': 9.44, 'end': 9.54, 'probability': 0.9116}, {'word': ' going,', 'start': 9.54, 'end': 10.02, 'probability': 0.9975}, {'word': ' intelligence', 'start': 10.58, 'end': 14.44, 'probability': 0.9041}, {'word': "" that's"", 'start': 14.44, 'end': 15.92, 'probability': 0.7798}, {'word': ' playful,', 'start': 15.92, 'end': 16.28, 'probability': 0.9829}, {'word': ' a', 'start': 16.94, 'end': 17.26, 'probability': 0.942}, {'word': ' thrill,', 'start': 17.26, 'end': 17.74, 'probability': 0.9969}, {'word': ' speed,', 'start': 18.42, 'end': 20.7, 'probability': 0.9938}, {'word': ' adrenaline,', 'start': 21.86, 'end': 22.7, 'probability': 0.9806}]}, {'start': 24.5, 'end': 40.48, 'text': 'on or off-road, beauty that makes us smile, a surge of emotion, bold and peaceful, unstoppable,', 'words': [{'word': ' on', 'start': 24.5, 'end': 25.5, 'probability': 0.0221}, {'word': ' or', 'start': 25.5, 'end': 26.5, 'probability': 0.7155}, {'word': ' off', 'start': 26.5, 'end': 26.88, 'probability': 0.8282}, {'word': '-road,', 'start': 26.88, 'end': 27.2, 'probability': 0.6064}, {'word': ' beauty', 'start': 27.32, 'end': 29.0, 'probability': 0.885}, {'word': ' that', 'start': 29.0, 'end': 30.28, 'probability': 0.4319}, {'word': ' makes', 'start': 30.28, 'end': 30.46, 'probability': 0.9957}, {'word': ' us', 'start': 30.46, 'end': 30.7, 'probability': 0.8966}, {'word': ' smile,', 'start': 30.7, 'end': 31.18, 'probability': 0.9966}, {'word': ' a', 'start': 31.74, 'end': 32.12, 'probability': 0.9449}, {'word': ' surge', 'start': 32.12, 'end': 32.52, 'probability': 0.9958}, {'word': ' of', 'start': 32.52, 'end': 32.72, 'probability': 0.9981}, {'word': ' emotion,', 'start': 32.72, 'end': 33.2, 'probability': 0.976}, {'word': ' bold', 'start': 33.72, 'end': 35.0, 'probability': 0.8105}, {'word': ' and', 'start': 35.0, 'end': 36.0, 'probability': 0.6562}, {'word': ' peaceful,', 'start': 36.0, 'end': 36.44, 'probability': 0.9962}, {'word': ' unstoppable,', 'start': 37.96, 'end': 40.48, 'probability': 0.9561}]}, {'start': 43.0, 'end': 47.22, 'text': 'unlimited, intensity, even in a cloud of dust,', 'words': [{'word': ' unlimited,', 'start': 43.0, 'end': 43.76, 'probability': 0.0323}, {'word': ' intensity,', 'start': 43.76, 'end': 44.52, 'probability': 0.9563}, {'word': ' even', 'start': 44.9, 'end': 45.36, 'probability': 0.9978}, {'word': ' in', 'start': 45.36, 'end': 45.5, 'probability': 0.9789}, {'word': ' a', 'start': 45.5, 'end': 45.58, 'probability': 0.9849}, {'word': ' cloud', 'start': 45.58, 'end': 45.88, 'probability': 0.9876}, {'word': ' of', 'start': 45.88, 'end': 46.16, 'probability': 0.9959}, {'word': ' dust,', 'start': 46.16, 'end': 47.22, 'probability': 0.9954}]}, {'start': 49.48, 'end': 60.18, 'text': 'that tingle that just ran down your spine, this is you, this is us, this is Audi.', 'words': [{'word': ' that', 'start': 49.28, 'end': 49.66, 'probability': 0.4548}, {'word': ' tingle', 'start': 49.66, 'end': 50.22, 'probability': 0.9497}, {'word': ' that', 'start': 50.22, 'end': 50.68, 'probability': 0.9157}, {'word': ' just', 'start': 50.68, 'end': 50.92, 'probability': 0.9952}, {'word': ' ran', 'start': 50.92, 'end': 51.22, 'probability': 0.9773}, {'word': ' down', 'start': 51.22, 'end': 51.46, 'probability': 0.9927}, {'word': ' your', 'start': 51.46, 'end': 51.68, 'probability': 0.9977}, {'word': ' spine,', 'start': 51.68, 'end': 52.2, 'probability': 0.9958}, {'word': ' this', 'start': 52.42, 'end': 54.04, 'probability': 0.8811}, {'word': ' is', 'start': 54.04, 'end': 54.22, 'probability': 0.9932}, {'word': ' you,', 'start': 54.22, 'end': 54.5, 'probability': 0.9636}, {'word': ' this', 'start': 55.12, 'end': 56.1, 'probability': 0.9945}, {'word': ' is', 'start': 56.1, 'end': 56.34, 'probability': 0.9935}, {'word': ' us,', 'start': 56.34, 'end': 56.7, 'probability': 0.9892}, {'word': ' this', 'start': 57.34, 'end': 58.84, 'probability': 0.9786}, {'word': ' is', 'start': 58.84, 'end': 59.76, 'probability': 0.9729}, {'word': ' Audi.', 'start': 59.76, 'end': 60.18, 'probability': 0.8558}]}]",4.0,2026-04-26 21:51:20.782
,,,transcripts,,,,,,,,,,,,,,,,,,,,,,,,,,,,,,,,,,,,,,,,,,,,,/Users/elmedin.karisiksystemverification.com/Documents/private/Automotive-Industry-Tracker/data/raw/audio/audi_promo.wav,en,0.9082,66.29,base,"[{'start': 2.52, 'end': 3.88, 'text': 'Who we are?', 'words': [{'word': ' Who', 'start': 2.52, 'end': 3.4, 'probability': 0.6588}, {'word': ' we', 'start': 3.4, 'end': 3.56, 'probability': 0.7777}, {'word': ' are?', 'start': 3.56, 'end': 3.88, 'probability': 0.9978}]}, {'start': 4.94, 'end': 6.74, 'text': ""It's where we come from."", 'words': [{'word': "" It's"", 'start': 4.94, 'end': 5.82, 'probability': 0.9769}, {'word': ' where', 'start': 5.82, 'end': 5.98, 'probability': 0.9973}, {'word': ' we', 'start': 5.98, 'end': 6.14, 'probability': 0.9988}, {'word': ' come', 'start': 6.14, 'end': 6.36, 'probability': 0.9957}, {'word': ' from.', 'start': 6.36, 'end': 6.74, 'probability': 0.9988}]}, {'start': 8.22, 'end': 9.96, 'text': 'And where we are going.', 'words': [{'word': ' And', 'start': 8.22, 'end': 9.04, 'probability': 0.9519}, {'word': ' where', 'start': 9.04, 'end': 9.24, 'probability': 0.9886}, {'word': ' we', 'start': 9.24, 'end': 9.44, 'probability': 0.9926}, {'word': ' are', 'start': 9.44, 'end': 9.54, 'probability': 0.8559}, {'word': ' going.', 'start': 9.54, 'end': 9.96, 'probability': 0.9982}]}, {'start': 13.6, 'end': 14.48, 'text': 'Intelligence.', 'words': [{'word': ' Intelligence.', 'start': 13.6, 'end': 14.48, 'probability': 0.887}]}, {'start': 15.44, 'end': 16.28, 'text': ""That's playful."", 'words': [{'word': "" That's"", 'start': 15.44, 'end': 15.9, 'probability': 0.9888}, {'word': ' playful.', 'start': 15.9, 'end': 16.28, 'probability': 0.8479}]}, {'start': 17.02, 'end': 17.62, 'text': 'A thrill.', 'words': [{'word': ' A', 'start': 17.02, 'end': 17.26, 'probability': 0.9884}, {'word': ' thrill.', 'start': 17.26, 'end': 17.62, 'probability': 0.9958}]}, {'start': 19.72, 'end': 20.6, 'text': 'Speed.', 'words': [{'word': ' Speed.', 'start': 19.72, 'end': 20.6, 'probability': 0.9766}]}, {'start': 21.92, 'end': 22.6, 'text': 'A adrenaline.', 'words': [{'word': ' A', 'start': 21.92, 'end': 22.28, 'probability': 0.5284}, {'word': ' adrenaline.', 'start': 22.28, 'end': 22.6, 'probability': 0.8287}]}, {'start': 24.76, 'end': 27.12, 'text': 'On or off road.', 'words': [{'word': ' On', 'start': 24.76, 'end': 25.64, 'probability': 0.7691}, {'word': ' or', 'start': 25.64, 'end': 26.52, 'probability': 0.5493}, {'word': ' off', 'start': 26.52, 'end': 26.88, 'probability': 0.9242}, {'word': ' road.', 'start': 26.88, 'end': 27.12, 'probability': 0.4693}]}, {'start': 28.14, 'end': 29.02, 'text': 'Beauty.', 'words': [{'word': ' Beauty.', 'start': 28.14, 'end': 29.02, 'probability': 0.4011}]}, {'start': 30.12, 'end': 31.18, 'text': 'It makes us smile.', 'words': [{'word': ' It', 'start': 29.84, 'end': 30.28, 'probability': 0.4377}, {'word': ' makes', 'start': 30.28, 'end': 30.46, 'probability': 0.9945}, {'word': ' us', 'start': 30.46, 'end': 30.68, 'probability': 0.889}, {'word': ' smile.', 'start': 30.68, 'end': 31.18, 'probability': 0.9973}]}, {'start': 31.8, 'end': 33.16, 'text': 'A surge of emotion.', 'words': [{'word': ' A', 'start': 31.8, 'end': 32.12, 'probability': 0.9624}, {'word': ' surge', 'start': 32.12, 'end': 32.5, 'probability': 0.9958}, {'word': ' of', 'start': 32.5, 'end': 32.72, 'probability': 0.9987}, {'word': ' emotion.', 'start': 32.72, 'end': 33.16, 'probability': 0.9776}]}, {'start': 34.54, 'end': 35.0, 'text': 'Bold.', 'words': [{'word': ' Bold.', 'start': 34.54, 'end': 35.0, 'probability': 0.4752}]}, {'start': 35.72, 'end': 36.38, 'text': 'And peaceful.', 'words': [{'word': ' And', 'start': 35.72, 'end': 36.02, 'probability': 0.7443}, {'word': ' peaceful.', 'start': 36.02, 'end': 36.38, 'probability': 0.9905}]}, {'start': 39.62, 'end': 40.5, 'text': 'Unstoppable.', 'words': [{'word': ' Unstoppable.', 'start': 39.62, 'end': 40.5, 'probability': 0.9517}]}, {'start': 41.72, 'end': 42.42, 'text': 'Unlimited.', 'words': [{'word': ' Unlimited.', 'start': 41.72, 'end': 42.42, 'probability': 0.9793}]}, {'start': 43.82, 'end': 44.5, 'text': 'Intensity.', 'words': [{'word': ' Intensity.', 'start': 43.82, 'end': 44.5, 'probability': 0.9786}]}, {'start': 45.16, 'end': 46.6, 'text': 'Even in a cloud of dust.', 'words': [{'word': ' Even', 'start': 45.16, 'end': 45.36, 'probability': 0.9896}, {'word': ' in', 'start': 45.36, 'end': 45.5, 'probability': 0.9889}, {'word': ' a', 'start': 45.5, 'end': 45.6, 'probability': 0.992}, {'word': ' cloud', 'start': 45.6, 'end': 45.86, 'probability': 0.9768}, {'word': ' of', 'start': 45.86, 'end': 46.16, 'probability': 0.9983}, {'word': ' dust.', 'start': 46.16, 'end': 46.6, 'probability': 0.9979}]}, {'start': 48.78, 'end': 52.08, 'text': 'That tingle that just ran down your spine.', 'words': [{'word': ' That', 'start': 48.78, 'end': 49.66, 'probability': 0.6261}, {'word': ' tingle', 'start': 49.66, 'end': 50.22, 'probability': 0.9424}, {'word': ' that', 'start': 50.22, 'end': 50.68, 'probability': 0.8044}, {'word': ' just', 'start': 50.68, 'end': 50.92, 'probability': 0.997}, {'word': ' ran', 'start': 50.92, 'end': 51.22, 'probability': 0.9873}, {'word': ' down', 'start': 51.22, 'end': 51.46, 'probability': 0.9966}, {'word': ' your', 'start': 51.46, 'end': 51.7, 'probability': 0.9972}, {'word': ' spine.', 'start': 51.7, 'end': 52.08, 'probability': 0.9878}]}, {'start': 53.16, 'end': 54.5, 'text': 'This is you.', 'words': [{'word': ' This', 'start': 53.16, 'end': 54.04, 'probability': 0.9782}, {'word': ' is', 'start': 54.04, 'end': 54.22, 'probability': 0.9977}, {'word': ' you.', 'start': 54.22, 'end': 54.5, 'probability': 0.9932}]}, {'start': 55.5, 'end': 56.62, 'text': 'This is us.', 'words': [{'word': ' This', 'start': 55.5, 'end': 56.08, 'probability': 0.3565}, {'word': ' is', 'start': 56.08, 'end': 56.28, 'probability': 0.9767}, {'word': ' us.', 'start': 56.28, 'end': 56.62, 'probability': 0.859}]}, {'start': 58.0, 'end': 60.18, 'text': 'This is Audi.', 'words': [{'word': ' This', 'start': 58.0, 'end': 58.88, 'probability': 0.977}, {'word': ' is', 'start': 58.88, 'end': 59.76, 'probability': 0.9689}, {'word': ' Audi.', 'start': 59.76, 'end': 60.18, 'probability': 0.8662}]}]",22.0,2026-04-26 21:56:02.423
,,,transcripts,,,,,,,,,,,,,,,,,,,,,,,,,,,,,,,,,,,,,,,,,,,,,/Users/elmedin.karisiksystemverification.com/Documents/private/Automotive-Industry-Tracker/data/processed/audio/extracted_from_video.mp3,en,0.9144,66.29,base,"[{'start': 2.66, 'end': 16.28, 'text': ""Who we are, it's where we come from, and where we are going, intelligence that's playful,"", 'words': [{'word': ' Who', 'start': 2.66, 'end': 3.4, 'probability': 0.6376}, {'word': ' we', 'start': 3.4, 'end': 3.56, 'probability': 0.7892}, {'word': ' are,', 'start': 3.56, 'end': 3.88, 'probability': 0.9982}, {'word': "" it's"", 'start': 4.2, 'end': 5.8, 'probability': 0.9462}, {'word': ' where', 'start': 5.8, 'end': 5.98, 'probability': 0.998}, {'word': ' we', 'start': 5.98, 'end': 6.14, 'probability': 0.9988}, {'word': ' come', 'start': 6.14, 'end': 6.36, 'probability': 0.9961}, {'word': ' from,', 'start': 6.36, 'end': 6.8, 'probability': 0.9988}, {'word': ' and', 'start': 7.18, 'end': 9.04, 'probability': 0.9628}, {'word': ' where', 'start': 9.04, 'end': 9.24, 'probability': 0.995}, {'word': ' we', 'start': 9.24, 'end': 9.44, 'probability': 0.9989}, {'word': ' are', 'start': 9.44, 'end': 9.54, 'probability': 0.8935}, {'word': ' going,', 'start': 9.54, 'end': 10.0, 'probability': 0.9981}, {'word': ' intelligence', 'start': 10.58, 'end': 14.46, 'probability': 0.911}, {'word': "" that's"", 'start': 14.46, 'end': 15.92, 'probability': 0.8036}, {'word': ' playful,', 'start': 15.92, 'end': 16.28, 'probability': 0.9839}]}, {'start': 16.28, 'end': 33.18, 'text': 'a thrill, speed, adrenaline, or off-road, beauty that makes us smile, a surge of emotion,', 'words': [{'word': ' a', 'start': 16.28, 'end': 16.72, 'probability': 0.0431}, {'word': ' thrill,', 'start': 16.72, 'end': 17.68, 'probability': 0.7894}, {'word': ' speed,', 'start': 17.8, 'end': 20.78, 'probability': 0.9678}, {'word': ' adrenaline,', 'start': 21.08, 'end': 22.7, 'probability': 0.9854}, {'word': ' or', 'start': 23.32, 'end': 25.38, 'probability': 0.2625}, {'word': ' off', 'start': 25.38, 'end': 26.88, 'probability': 0.3581}, {'word': '-road,', 'start': 26.88, 'end': 27.16, 'probability': 0.8461}, {'word': ' beauty', 'start': 27.72, 'end': 29.0, 'probability': 0.9595}, {'word': ' that', 'start': 29.0, 'end': 30.28, 'probability': 0.5386}, {'word': ' makes', 'start': 30.28, 'end': 30.46, 'probability': 0.9944}, {'word': ' us', 'start': 30.46, 'end': 30.7, 'probability': 0.9336}, {'word': ' smile,', 'start': 30.7, 'end': 31.18, 'probability': 0.9969}, {'word': ' a', 'start': 31.76, 'end': 32.12, 'probability': 0.9497}, {'word': ' surge', 'start': 32.12, 'end': 32.52, 'probability': 0.9966}, {'word': ' of', 'start': 32.52, 'end': 32.72, 'probability': 0.9969}, {'word': ' emotion,', 'start': 32.72, 'end': 33.18, 'probability': 0.9744}]}, {'start': 34.18, 'end': 47.18, 'text': 'bold and peaceful, unstoppable, unlimited, intensity, even in a cloud of dust,', 'words': [{'word': ' bold', 'start': 34.18, 'end': 35.0, 'probability': 0.0152}, {'word': ' and', 'start': 35.0, 'end': 36.0, 'probability': 0.8404}, {'word': ' peaceful,', 'start': 36.0, 'end': 36.44, 'probability': 0.9956}, {'word': ' unstoppable,', 'start': 36.76, 'end': 40.46, 'probability': 0.9497}, {'word': ' unlimited,', 'start': 41.18, 'end': 42.44, 'probability': 0.9887}, {'word': ' intensity,', 'start': 42.98, 'end': 44.5, 'probability': 0.9493}, {'word': ' even', 'start': 44.9, 'end': 45.36, 'probability': 0.9979}, {'word': ' in', 'start': 45.36, 'end': 45.5, 'probability': 0.9868}, {'word': ' a', 'start': 45.5, 'end': 45.58, 'probability': 0.9818}, {'word': ' cloud', 'start': 45.58, 'end': 45.86, 'probability': 0.9786}, {'word': ' of', 'start': 45.86, 'end': 46.16, 'probability': 0.9975}, {'word': ' dust,', 'start': 46.16, 'end': 47.18, 'probability': 0.9976}]}, {'start': 48.74, 'end': 60.18, 'text': 'that tingle that just ran down your spine, this is you, this is us, this is Audi.', 'words': [{'word': ' that', 'start': 48.74, 'end': 49.66, 'probability': 0.8508}, {'word': ' tingle', 'start': 49.66, 'end': 50.22, 'probability': 0.934}, {'word': ' that', 'start': 50.22, 'end': 50.68, 'probability': 0.9392}, {'word': ' just', 'start': 50.68, 'end': 50.94, 'probability': 0.9969}, {'word': ' ran', 'start': 50.94, 'end': 51.2, 'probability': 0.9848}, {'word': ' down', 'start': 51.2, 'end': 51.46, 'probability': 0.9959}, {'word': ' your', 'start': 51.46, 'end': 51.68, 'probability': 0.9975}, {'word': ' spine,', 'start': 51.68, 'end': 52.2, 'probability': 0.9953}, {'word': ' this', 'start': 52.42, 'end': 54.02, 'probability': 0.8316}, {'word': ' is', 'start': 54.02, 'end': 54.22, 'probability': 0.9915}, {'word': ' you,', 'start': 54.22, 'end': 54.5, 'probability': 0.9813}, {'word': ' this', 'start': 55.12, 'end': 56.1, 'probability': 0.995}, {'word': ' is', 'start': 56.1, 'end': 56.36, 'probability': 0.9957}, {'word': ' us,', 'start': 56.36, 'end': 56.68, 'probability': 0.9921}, {'word': ' this', 'start': 57.34, 'end': 58.72, 'probability': 0.9923}, {'word': ' is', 'start': 58.72, 'end': 59.74, 'probability': 0.9919}, {'word': ' Audi.', 'start': 59.74, 'end': 60.18, 'probability': 0.8118}]}, {'start': 64.86, 'end': 66.26, 'text': 'Who we are, this is us.', 'words': [{'word': ' Who', 'start': 64.86, 'end': 66.26, 'probability': 0.0011}, {'word': ' we', 'start': 66.26, 'end': 66.26, 'probability': 0.0019}, {'word': ' are,', 'start': 66.26, 'end': 66.26, 'probability': 0.1763}, {'word': ' this', 'start': 66.26, 'end': 66.26, 'probability': 0.0112}, {'word': ' is', 'start': 66.26, 'end': 66.26, 'probability': 0.6364}, {'word': ' us.', 'start': 66.26, 'end': 66.26, 'probability': 0.0097}]}]",5.0,2026-04-26 21:56:04.183
,,,transcripts,,,,,,,,,,,,,,,,,,,,,,,,,,,,,,,,,,,,,,,,,,,,,/Users/elmedin.karisiksystemverification.com/Documents/private/Automotive-Industry-Tracker/data/raw/audio/audi_promo.mp3,en,,66.29,base,"[{'start': 0.0, 'end': 22.7, 'text': ""Who we are, it's where we come from, and where we are going, intelligence that's playful, a thrill, speed, adrenaline,"", 'words': [{'word': ' Who', 'start': 0.0, 'end': 1.34, 'probability': 0.6655}, {'word': ' we', 'start': 1.34, 'end': 3.56, 'probability': 0.7967}, {'word': ' are,', 'start': 3.56, 'end': 3.86, 'probability': 0.9979}, {'word': "" it's"", 'start': 4.2, 'end': 5.8, 'probability': 0.9393}, {'word': ' where', 'start': 5.8, 'end': 5.98, 'probability': 0.9979}, {'word': ' we', 'start': 5.98, 'end': 6.14, 'probability': 0.999}, {'word': ' come', 'start': 6.14, 'end': 6.36, 'probability': 0.9958}, {'word': ' from,', 'start': 6.36, 'end': 6.78, 'probability': 0.9983}, {'word': ' and', 'start': 7.18, 'end': 9.02, 'probability': 0.9597}, {'word': ' where', 'start': 9.02, 'end': 9.24, 'probability': 0.9952}, {'word': ' we', 'start': 9.24, 'end': 9.44, 'probability': 0.9982}, {'word': ' are', 'start': 9.44, 'end': 9.54, 'probability': 0.9116}, {'word': ' going,', 'start': 9.54, 'end': 10.02, 'probability': 0.9975}, {'word': ' intelligence', 'start': 10.58, 'end': 14.44, 'probability': 0.9041}, {'word': "" that's"", 'start': 14.44, 'end': 15.92, 'probability': 0.7798}, {'word': ' playful,', 'start': 15.92, 'end': 16.28, 'probability': 0.9829}, {'word': ' a', 'start': 16.94, 'end': 17.26, 'probability': 0.942}, {'word': ' thrill,', 'start': 17.26, 'end': 17.74, 'probability': 0.9969}, {'word': ' speed,', 'start': 18.42, 'end': 20.7, 'probability': 0.9938}, {'word': ' adrenaline,', 'start': 21.86, 'end': 22.7, 'probability': 0.9806}]}, {'start': 24.5, 'end': 40.48, 'text': 'on or off-road, beauty that makes us smile, a surge of emotion, bold and peaceful, unstoppable,', 'words': [{'word': ' on', 'start': 24.5, 'end': 25.5, 'probability': 0.0221}, {'word': ' or', 'start': 25.5, 'end': 26.5, 'probability': 0.7155}, {'word': ' off', 'start': 26.5, 'end': 26.88, 'probability': 0.8282}, {'word': '-road,', 'start': 26.88, 'end': 27.2, 'probability': 0.6064}, {'word': ' beauty', 'start': 27.32, 'end': 29.0, 'probability': 0.885}, {'word': ' that', 'start': 29.0, 'end': 30.28, 'probability': 0.4319}, {'word': ' makes', 'start': 30.28, 'end': 30.46, 'probability': 0.9957}, {'word': ' us', 'start': 30.46, 'end': 30.7, 'probability': 0.8966}, {'word': ' smile,', 'start': 30.7, 'end': 31.18, 'probability': 0.9966}, {'word': ' a', 'start': 31.74, 'end': 32.12, 'probability': 0.9449}, {'word': ' surge', 'start': 32.12, 'end': 32.52, 'probability': 0.9958}, {'word': ' of', 'start': 32.52, 'end': 32.72, 'probability': 0.9981}, {'word': ' emotion,', 'start': 32.72, 'end': 33.2, 'probability': 0.976}, {'word': ' bold', 'start': 33.72, 'end': 35.0, 'probability': 0.8105}, {'word': ' and', 'start': 35.0, 'end': 36.0, 'probability': 0.6562}, {'word': ' peaceful,', 'start': 36.0, 'end': 36.44, 'probability': 0.9962}, {'word': ' unstoppable,', 'start': 37.96, 'end': 40.48, 'probability': 0.9561}]}, {'start': 43.0, 'end': 47.22, 'text': 'unlimited, intensity, even in a cloud of dust,', 'words': [{'word': ' unlimited,', 'start': 43.0, 'end': 43.76, 'probability': 0.0323}, {'word': ' intensity,', 'start': 43.76, 'end': 44.52, 'probability': 0.9563}, {'word': ' even', 'start': 44.9, 'end': 45.36, 'probability': 0.9978}, {'word': ' in', 'start': 45.36, 'end': 45.5, 'probability': 0.9789}, {'word': ' a', 'start': 45.5, 'end': 45.58, 'probability': 0.9849}, {'word': ' cloud', 'start': 45.58, 'end': 45.88, 'probability': 0.9876}, {'word': ' of', 'start': 45.88, 'end': 46.16, 'probability': 0.9959}, {'word': ' dust,', 'start': 46.16, 'end': 47.22, 'probability': 0.9954}]}, {'start': 49.48, 'end': 60.18, 'text': 'that tingle that just ran down your spine, this is you, this is us, this is Audi.', 'words': [{'word': ' that', 'start': 49.28, 'end': 49.66, 'probability': 0.4548}, {'word': ' tingle', 'start': 49.66, 'end': 50.22, 'probability': 0.9497}, {'word': ' that', 'start': 50.22, 'end': 50.68, 'probability': 0.9157}, {'word': ' just', 'start': 50.68, 'end': 50.92, 'probability': 0.9952}, {'word': ' ran', 'start': 50.92, 'end': 51.22, 'probability': 0.9773}, {'word': ' down', 'start': 51.22, 'end': 51.46, 'probability': 0.9927}, {'word': ' your', 'start': 51.46, 'end': 51.68, 'probability': 0.9977}, {'word': ' spine,', 'start': 51.68, 'end': 52.2, 'probability': 0.9958}, {'word': ' this', 'start': 52.42, 'end': 54.04, 'probability': 0.8811}, {'word': ' is', 'start': 54.04, 'end': 54.22, 'probability': 0.9932}, {'word': ' you,', 'start': 54.22, 'end': 54.5, 'probability': 0.9636}, {'word': ' this', 'start': 55.12, 'end': 56.1, 'probability': 0.9945}, {'word': ' is', 'start': 56.1, 'end': 56.34, 'probability': 0.9935}, {'word': ' us,', 'start': 56.34, 'end': 56.7, 'probability': 0.9892}, {'word': ' this', 'start': 57.34, 'end': 58.84, 'probability': 0.9786}, {'word': ' is', 'start': 58.84, 'end': 59.76, 'probability': 0.9729}, {'word': ' Audi.', 'start': 59.76, 'end': 60.18, 'probability': 0.8558}]}]",4.0,2026-04-26 21:56:04.333
,,,transcripts,,,,,,,,,,,,,,,,,,,,,,,,,,,,,,,,,,,,,,,,,,,,,/Users/elmedin.karisiksystemverification.com/Documents/private/Automotive-Industry-Tracker/data/raw/audio/audi_promo.wav,en,0.9082,66.29,base,"[{'start': 2.52, 'end': 3.88, 'text': 'Who we are?', 'words': [{'word': ' Who', 'start': 2.52, 'end': 3.4, 'probability': 0.6588}, {'word': ' we', 'start': 3.4, 'end': 3.56, 'probability': 0.7777}, {'word': ' are?', 'start': 3.56, 'end': 3.88, 'probability': 0.9978}]}, {'start': 4.94, 'end': 6.74, 'text': ""It's where we come from."", 'words': [{'word': "" It's"", 'start': 4.94, 'end': 5.82, 'probability': 0.9769}, {'word': ' where', 'start': 5.82, 'end': 5.98, 'probability': 0.9973}, {'word': ' we', 'start': 5.98, 'end': 6.14, 'probability': 0.9988}, {'word': ' come', 'start': 6.14, 'end': 6.36, 'probability': 0.9957}, {'word': ' from.', 'start': 6.36, 'end': 6.74, 'probability': 0.9988}]}, {'start': 8.22, 'end': 9.96, 'text': 'And where we are going.', 'words': [{'word': ' And', 'start': 8.22, 'end': 9.04, 'probability': 0.9519}, {'word': ' where', 'start': 9.04, 'end': 9.24, 'probability': 0.9886}, {'word': ' we', 'start': 9.24, 'end': 9.44, 'probability': 0.9926}, {'word': ' are', 'start': 9.44, 'end': 9.54, 'probability': 0.8559}, {'word': ' going.', 'start': 9.54, 'end': 9.96, 'probability': 0.9982}]}, {'start': 13.6, 'end': 14.48, 'text': 'Intelligence.', 'words': [{'word': ' Intelligence.', 'start': 13.6, 'end': 14.48, 'probability': 0.887}]}, {'start': 15.44, 'end': 16.28, 'text': ""That's playful."", 'words': [{'word': "" That's"", 'start': 15.44, 'end': 15.9, 'probability': 0.9888}, {'word': ' playful.', 'start': 15.9, 'end': 16.28, 'probability': 0.8479}]}, {'start': 17.02, 'end': 17.62, 'text': 'A thrill.', 'words': [{'word': ' A', 'start': 17.02, 'end': 17.26, 'probability': 0.9884}, {'word': ' thrill.', 'start': 17.26, 'end': 17.62, 'probability': 0.9958}]}, {'start': 19.72, 'end': 20.6, 'text': 'Speed.', 'words': [{'word': ' Speed.', 'start': 19.72, 'end': 20.6, 'probability': 0.9766}]}, {'start': 21.92, 'end': 22.6, 'text': 'A adrenaline.', 'words': [{'word': ' A', 'start': 21.92, 'end': 22.28, 'probability': 0.5284}, {'word': ' adrenaline.', 'start': 22.28, 'end': 22.6, 'probability': 0.8287}]}, {'start': 24.76, 'end': 27.12, 'text': 'On or off road.', 'words': [{'word': ' On', 'start': 24.76, 'end': 25.64, 'probability': 0.7691}, {'word': ' or', 'start': 25.64, 'end': 26.52, 'probability': 0.5493}, {'word': ' off', 'start': 26.52, 'end': 26.88, 'probability': 0.9242}, {'word': ' road.', 'start': 26.88, 'end': 27.12, 'probability': 0.4693}]}, {'start': 28.14, 'end': 29.02, 'text': 'Beauty.', 'words': [{'word': ' Beauty.', 'start': 28.14, 'end': 29.02, 'probability': 0.4011}]}, {'start': 30.12, 'end': 31.18, 'text': 'It makes us smile.', 'words': [{'word': ' It', 'start': 29.84, 'end': 30.28, 'probability': 0.4377}, {'word': ' makes', 'start': 30.28, 'end': 30.46, 'probability': 0.9945}, {'word': ' us', 'start': 30.46, 'end': 30.68, 'probability': 0.889}, {'word': ' smile.', 'start': 30.68, 'end': 31.18, 'probability': 0.9973}]}, {'start': 31.8, 'end': 33.16, 'text': 'A surge of emotion.', 'words': [{'word': ' A', 'start': 31.8, 'end': 32.12, 'probability': 0.9624}, {'word': ' surge', 'start': 32.12, 'end': 32.5, 'probability': 0.9958}, {'word': ' of', 'start': 32.5, 'end': 32.72, 'probability': 0.9987}, {'word': ' emotion.', 'start': 32.72, 'end': 33.16, 'probability': 0.9776}]}, {'start': 34.54, 'end': 35.0, 'text': 'Bold.', 'words': [{'word': ' Bold.', 'start': 34.54, 'end': 35.0, 'probability': 0.4752}]}, {'start': 35.72, 'end': 36.38, 'text': 'And peaceful.', 'words': [{'word': ' And', 'start': 35.72, 'end': 36.02, 'probability': 0.7443}, {'word': ' peaceful.', 'start': 36.02, 'end': 36.38, 'probability': 0.9905}]}, {'start': 39.62, 'end': 40.5, 'text': 'Unstoppable.', 'words': [{'word': ' Unstoppable.', 'start': 39.62, 'end': 40.5, 'probability': 0.9517}]}, {'start': 41.72, 'end': 42.42, 'text': 'Unlimited.', 'words': [{'word': ' Unlimited.', 'start': 41.72, 'end': 42.42, 'probability': 0.9793}]}, {'start': 43.82, 'end': 44.5, 'text': 'Intensity.', 'words': [{'word': ' Intensity.', 'start': 43.82, 'end': 44.5, 'probability': 0.9786}]}, {'start': 45.16, 'end': 46.6, 'text': 'Even in a cloud of dust.', 'words': [{'word': ' Even', 'start': 45.16, 'end': 45.36, 'probability': 0.9896}, {'word': ' in', 'start': 45.36, 'end': 45.5, 'probability': 0.9889}, {'word': ' a', 'start': 45.5, 'end': 45.6, 'probability': 0.992}, {'word': ' cloud', 'start': 45.6, 'end': 45.86, 'probability': 0.9768}, {'word': ' of', 'start': 45.86, 'end': 46.16, 'probability': 0.9983}, {'word': ' dust.', 'start': 46.16, 'end': 46.6, 'probability': 0.9979}]}, {'start': 48.78, 'end': 52.08, 'text': 'That tingle that just ran down your spine.', 'words': [{'word': ' That', 'start': 48.78, 'end': 49.66, 'probability': 0.6261}, {'word': ' tingle', 'start': 49.66, 'end': 50.22, 'probability': 0.9424}, {'word': ' that', 'start': 50.22, 'end': 50.68, 'probability': 0.8044}, {'word': ' just', 'start': 50.68, 'end': 50.92, 'probability': 0.997}, {'word': ' ran', 'start': 50.92, 'end': 51.22, 'probability': 0.9873}, {'word': ' down', 'start': 51.22, 'end': 51.46, 'probability': 0.9966}, {'word': ' your', 'start': 51.46, 'end': 51.7, 'probability': 0.9972}, {'word': ' spine.', 'start': 51.7, 'end': 52.08, 'probability': 0.9878}]}, {'start': 53.16, 'end': 54.5, 'text': 'This is you.', 'words': [{'word': ' This', 'start': 53.16, 'end': 54.04, 'probability': 0.9782}, {'word': ' is', 'start': 54.04, 'end': 54.22, 'probability': 0.9977}, {'word': ' you.', 'start': 54.22, 'end': 54.5, 'probability': 0.9932}]}, {'start': 55.5, 'end': 56.62, 'text': 'This is us.', 'words': [{'word': ' This', 'start': 55.5, 'end': 56.08, 'probability': 0.3565}, {'word': ' is', 'start': 56.08, 'end': 56.28, 'probability': 0.9767}, {'word': ' us.', 'start': 56.28, 'end': 56.62, 'probability': 0.859}]}, {'start': 58.0, 'end': 60.18, 'text': 'This is Audi.', 'words': [{'word': ' This', 'start': 58.0, 'end': 58.88, 'probability': 0.977}, {'word': ' is', 'start': 58.88, 'end': 59.76, 'probability': 0.9689}, {'word': ' Audi.', 'start': 59.76, 'end': 60.18, 'probability': 0.8662}]}]",22.0,2026-05-04 13:37:41.613
,,,transcripts,,,,,,,,,,,,,,,,,,,,,,,,,,,,,,,,,,,,,,,,,,,,,/Users/elmedin.karisiksystemverification.com/Documents/private/Automotive-Industry-Tracker/data/processed/audio/extracted_from_video.mp3,en,0.9144,66.29,base,"[{'start': 2.66, 'end': 16.28, 'text': ""Who we are, it's where we come from, and where we are going, intelligence that's playful,"", 'words': [{'word': ' Who', 'start': 2.66, 'end': 3.4, 'probability': 0.6376}, {'word': ' we', 'start': 3.4, 'end': 3.56, 'probability': 0.7892}, {'word': ' are,', 'start': 3.56, 'end': 3.88, 'probability': 0.9982}, {'word': "" it's"", 'start': 4.2, 'end': 5.8, 'probability': 0.9462}, {'word': ' where', 'start': 5.8, 'end': 5.98, 'probability': 0.998}, {'word': ' we', 'start': 5.98, 'end': 6.14, 'probability': 0.9988}, {'word': ' come', 'start': 6.14, 'end': 6.36, 'probability': 0.9961}, {'word': ' from,', 'start': 6.36, 'end': 6.8, 'probability': 0.9988}, {'word': ' and', 'start': 7.18, 'end': 9.04, 'probability': 0.9628}, {'word': ' where', 'start': 9.04, 'end': 9.24, 'probability': 0.995}, {'word': ' we', 'start': 9.24, 'end': 9.44, 'probability': 0.9989}, {'word': ' are', 'start': 9.44, 'end': 9.54, 'probability': 0.8935}, {'word': ' going,', 'start': 9.54, 'end': 10.0, 'probability': 0.9981}, {'word': ' intelligence', 'start': 10.58, 'end': 14.46, 'probability': 0.911}, {'word': "" that's"", 'start': 14.46, 'end': 15.92, 'probability': 0.8036}, {'word': ' playful,', 'start': 15.92, 'end': 16.28, 'probability': 0.9839}]}, {'start': 16.28, 'end': 33.18, 'text': 'a thrill, speed, adrenaline, or off-road, beauty that makes us smile, a surge of emotion,', 'words': [{'word': ' a', 'start': 16.28, 'end': 16.72, 'probability': 0.0431}, {'word': ' thrill,', 'start': 16.72, 'end': 17.68, 'probability': 0.7894}, {'word': ' speed,', 'start': 17.8, 'end': 20.78, 'probability': 0.9678}, {'word': ' adrenaline,', 'start': 21.08, 'end': 22.7, 'probability': 0.9854}, {'word': ' or', 'start': 23.32, 'end': 25.38, 'probability': 0.2625}, {'word': ' off', 'start': 25.38, 'end': 26.88, 'probability': 0.3581}, {'word': '-road,', 'start': 26.88, 'end': 27.16, 'probability': 0.8461}, {'word': ' beauty', 'start': 27.72, 'end': 29.0, 'probability': 0.9595}, {'word': ' that', 'start': 29.0, 'end': 30.28, 'probability': 0.5386}, {'word': ' makes', 'start': 30.28, 'end': 30.46, 'probability': 0.9944}, {'word': ' us', 'start': 30.46, 'end': 30.7, 'probability': 0.9336}, {'word': ' smile,', 'start': 30.7, 'end': 31.18, 'probability': 0.9969}, {'word': ' a', 'start': 31.76, 'end': 32.12, 'probability': 0.9497}, {'word': ' surge', 'start': 32.12, 'end': 32.52, 'probability': 0.9966}, {'word': ' of', 'start': 32.52, 'end': 32.72, 'probability': 0.9969}, {'word': ' emotion,', 'start': 32.72, 'end': 33.18, 'probability': 0.9744}]}, {'start': 34.18, 'end': 47.18, 'text': 'bold and peaceful, unstoppable, unlimited, intensity, even in a cloud of dust,', 'words': [{'word': ' bold', 'start': 34.18, 'end': 35.0, 'probability': 0.0152}, {'word': ' and', 'start': 35.0, 'end': 36.0, 'probability': 0.8404}, {'word': ' peaceful,', 'start': 36.0, 'end': 36.44, 'probability': 0.9956}, {'word': ' unstoppable,', 'start': 36.76, 'end': 40.46, 'probability': 0.9497}, {'word': ' unlimited,', 'start': 41.18, 'end': 42.44, 'probability': 0.9887}, {'word': ' intensity,', 'start': 42.98, 'end': 44.5, 'probability': 0.9493}, {'word': ' even', 'start': 44.9, 'end': 45.36, 'probability': 0.9979}, {'word': ' in', 'start': 45.36, 'end': 45.5, 'probability': 0.9868}, {'word': ' a', 'start': 45.5, 'end': 45.58, 'probability': 0.9818}, {'word': ' cloud', 'start': 45.58, 'end': 45.86, 'probability': 0.9786}, {'word': ' of', 'start': 45.86, 'end': 46.16, 'probability': 0.9975}, {'word': ' dust,', 'start': 46.16, 'end': 47.18, 'probability': 0.9976}]}, {'start': 48.74, 'end': 60.18, 'text': 'that tingle that just ran down your spine, this is you, this is us, this is Audi.', 'words': [{'word': ' that', 'start': 48.74, 'end': 49.66, 'probability': 0.8508}, {'word': ' tingle', 'start': 49.66, 'end': 50.22, 'probability': 0.934}, {'word': ' that', 'start': 50.22, 'end': 50.68, 'probability': 0.9392}, {'word': ' just', 'start': 50.68, 'end': 50.94, 'probability': 0.9969}, {'word': ' ran', 'start': 50.94, 'end': 51.2, 'probability': 0.9848}, {'word': ' down', 'start': 51.2, 'end': 51.46, 'probability': 0.9959}, {'word': ' your', 'start': 51.46, 'end': 51.68, 'probability': 0.9975}, {'word': ' spine,', 'start': 51.68, 'end': 52.2, 'probability': 0.9953}, {'word': ' this', 'start': 52.42, 'end': 54.02, 'probability': 0.8316}, {'word': ' is', 'start': 54.02, 'end': 54.22, 'probability': 0.9915}, {'word': ' you,', 'start': 54.22, 'end': 54.5, 'probability': 0.9813}, {'word': ' this', 'start': 55.12, 'end': 56.1, 'probability': 0.995}, {'word': ' is', 'start': 56.1, 'end': 56.36, 'probability': 0.9957}, {'word': ' us,', 'start': 56.36, 'end': 56.68, 'probability': 0.9921}, {'word': ' this', 'start': 57.34, 'end': 58.72, 'probability': 0.9923}, {'word': ' is', 'start': 58.72, 'end': 59.74, 'probability': 0.9919}, {'word': ' Audi.', 'start': 59.74, 'end': 60.18, 'probability': 0.8118}]}, {'start': 64.86, 'end': 66.26, 'text': 'Who we are, this is us.', 'words': [{'word': ' Who', 'start': 64.86, 'end': 66.26, 'probability': 0.0011}, {'word': ' we', 'start': 66.26, 'end': 66.26, 'probability': 0.0019}, {'word': ' are,', 'start': 66.26, 'end': 66.26, 'probability': 0.1763}, {'word': ' this', 'start': 66.26, 'end': 66.26, 'probability': 0.0112}, {'word': ' is', 'start': 66.26, 'end': 66.26, 'probability': 0.6364}, {'word': ' us.', 'start': 66.26, 'end': 66.26, 'probability': 0.0097}]}]",5.0,2026-05-04 13:37:43.425
,,,transcripts,,,,,,,,,,,,,,,,,,,,,,,,,,,,,,,,,,,,,,,,,,,,,/Users/elmedin.karisiksystemverification.com/Documents/private/Automotive-Industry-Tracker/data/raw/audio/audi_promo.mp3,en,,66.29,base,"[{'start': 0.0, 'end': 22.7, 'text': ""Who we are, it's where we come from, and where we are going, intelligence that's playful, a thrill, speed, adrenaline,"", 'words': [{'word': ' Who', 'start': 0.0, 'end': 1.34, 'probability': 0.6655}, {'word': ' we', 'start': 1.34, 'end': 3.56, 'probability': 0.7967}, {'word': ' are,', 'start': 3.56, 'end': 3.86, 'probability': 0.9979}, {'word': "" it's"", 'start': 4.2, 'end': 5.8, 'probability': 0.9393}, {'word': ' where', 'start': 5.8, 'end': 5.98, 'probability': 0.9979}, {'word': ' we', 'start': 5.98, 'end': 6.14, 'probability': 0.999}, {'word': ' come', 'start': 6.14, 'end': 6.36, 'probability': 0.9958}, {'word': ' from,', 'start': 6.36, 'end': 6.78, 'probability': 0.9983}, {'word': ' and', 'start': 7.18, 'end': 9.02, 'probability': 0.9597}, {'word': ' where', 'start': 9.02, 'end': 9.24, 'probability': 0.9952}, {'word': ' we', 'start': 9.24, 'end': 9.44, 'probability': 0.9982}, {'word': ' are', 'start': 9.44, 'end': 9.54, 'probability': 0.9116}, {'word': ' going,', 'start': 9.54, 'end': 10.02, 'probability': 0.9975}, {'word': ' intelligence', 'start': 10.58, 'end': 14.44, 'probability': 0.9041}, {'word': "" that's"", 'start': 14.44, 'end': 15.92, 'probability': 0.7798}, {'word': ' playful,', 'start': 15.92, 'end': 16.28, 'probability': 0.9829}, {'word': ' a', 'start': 16.94, 'end': 17.26, 'probability': 0.942}, {'word': ' thrill,', 'start': 17.26, 'end': 17.74, 'probability': 0.9969}, {'word': ' speed,', 'start': 18.42, 'end': 20.7, 'probability': 0.9938}, {'word': ' adrenaline,', 'start': 21.86, 'end': 22.7, 'probability': 0.9806}]}, {'start': 24.5, 'end': 40.48, 'text': 'on or off-road, beauty that makes us smile, a surge of emotion, bold and peaceful, unstoppable,', 'words': [{'word': ' on', 'start': 24.5, 'end': 25.5, 'probability': 0.0221}, {'word': ' or', 'start': 25.5, 'end': 26.5, 'probability': 0.7155}, {'word': ' off', 'start': 26.5, 'end': 26.88, 'probability': 0.8282}, {'word': '-road,', 'start': 26.88, 'end': 27.2, 'probability': 0.6064}, {'word': ' beauty', 'start': 27.32, 'end': 29.0, 'probability': 0.885}, {'word': ' that', 'start': 29.0, 'end': 30.28, 'probability': 0.4319}, {'word': ' makes', 'start': 30.28, 'end': 30.46, 'probability': 0.9957}, {'word': ' us', 'start': 30.46, 'end': 30.7, 'probability': 0.8966}, {'word': ' smile,', 'start': 30.7, 'end': 31.18, 'probability': 0.9966}, {'word': ' a', 'start': 31.74, 'end': 32.12, 'probability': 0.9449}, {'word': ' surge', 'start': 32.12, 'end': 32.52, 'probability': 0.9958}, {'word': ' of', 'start': 32.52, 'end': 32.72, 'probability': 0.9981}, {'word': ' emotion,', 'start': 32.72, 'end': 33.2, 'probability': 0.976}, {'word': ' bold', 'start': 33.72, 'end': 35.0, 'probability': 0.8105}, {'word': ' and', 'start': 35.0, 'end': 36.0, 'probability': 0.6562}, {'word': ' peaceful,', 'start': 36.0, 'end': 36.44, 'probability': 0.9962}, {'word': ' unstoppable,', 'start': 37.96, 'end': 40.48, 'probability': 0.9561}]}, {'start': 43.0, 'end': 47.22, 'text': 'unlimited, intensity, even in a cloud of dust,', 'words': [{'word': ' unlimited,', 'start': 43.0, 'end': 43.76, 'probability': 0.0323}, {'word': ' intensity,', 'start': 43.76, 'end': 44.52, 'probability': 0.9563}, {'word': ' even', 'start': 44.9, 'end': 45.36, 'probability': 0.9978}, {'word': ' in', 'start': 45.36, 'end': 45.5, 'probability': 0.9789}, {'word': ' a', 'start': 45.5, 'end': 45.58, 'probability': 0.9849}, {'word': ' cloud', 'start': 45.58, 'end': 45.88, 'probability': 0.9876}, {'word': ' of', 'start': 45.88, 'end': 46.16, 'probability': 0.9959}, {'word': ' dust,', 'start': 46.16, 'end': 47.22, 'probability': 0.9954}]}, {'start': 49.48, 'end': 60.18, 'text': 'that tingle that just ran down your spine, this is you, this is us, this is Audi.', 'words': [{'word': ' that', 'start': 49.28, 'end': 49.66, 'probability': 0.4548}, {'word': ' tingle', 'start': 49.66, 'end': 50.22, 'probability': 0.9497}, {'word': ' that', 'start': 50.22, 'end': 50.68, 'probability': 0.9157}, {'word': ' just', 'start': 50.68, 'end': 50.92, 'probability': 0.9952}, {'word': ' ran', 'start': 50.92, 'end': 51.22, 'probability': 0.9773}, {'word': ' down', 'start': 51.22, 'end': 51.46, 'probability': 0.9927}, {'word': ' your', 'start': 51.46, 'end': 51.68, 'probability': 0.9977}, {'word': ' spine,', 'start': 51.68, 'end': 52.2, 'probability': 0.9958}, {'word': ' this', 'start': 52.42, 'end': 54.04, 'probability': 0.8811}, {'word': ' is', 'start': 54.04, 'end': 54.22, 'probability': 0.9932}, {'word': ' you,', 'start': 54.22, 'end': 54.5, 'probability': 0.9636}, {'word': ' this', 'start': 55.12, 'end': 56.1, 'probability': 0.9945}, {'word': ' is', 'start': 56.1, 'end': 56.34, 'probability': 0.9935}, {'word': ' us,', 'start': 56.34, 'end': 56.7, 'probability': 0.9892}, {'word': ' this', 'start': 57.34, 'end': 58.84, 'probability': 0.9786}, {'word': ' is', 'start': 58.84, 'end': 59.76, 'probability': 0.9729}, {'word': ' Audi.', 'start': 59.76, 'end': 60.18, 'probability': 0.8558}]}]",4.0,2026-05-04 13:37:43.621
